method,regime,metric,mean_seed_means,std_seed_means,pooled_count,p05,median,p95
P,easy,alignment.cosine,0.011109693170680354,0.05037046467157043,300,-0.22950533032417297,0.017842882312834263,0.2335591807961465
P,easy,alignment.dot,1.1870437793278446,1.85458322795612,300,-7.012942123413085,0.16574987024068832,11.636315441131593
P,easy,alignment.gradient_norm,3.5856047519048055,0.4781310830403909,300,2.8440859079360963,3.6502305269241333,4.293320202827454
P,easy,alignment.task_gradient_norm,10.362002965112527,2.7680815651453425,300,0.6241953343153,8.114083290100098,27.248895549774172
P,easy,alignment.predicted_task_nll_delta,-0.05935218896639224,0.09272916139780601,300,-0.5818157720565795,-0.008287493512034417,0.35064710617065475
P,easy,alignment.actual_task_nll_delta,0.030194775460598372,0.08311289658521999,300,-0.3620945483446121,0.028475621715188026,0.45033098459243787
P,easy,alignment.episode_nll_improves,0.39333333333333337,0.146401275039985,300,0.0,0.0,1.0
P,easy,alignment.query_nll_improves_fraction,0.3175,0.10515613391524052,300,0.0,0.25,0.875
P,easy,alignment.positive_alignment,0.5499999999999999,0.17776388834631177,300,0.0,1.0,1.0
P,easy,alignment.normal_output_max_error,0.0,0.0,300,0.0,0.0,0.0
P,easy,eta.0.0.accuracy,0.7758333333333334,0.09995571936279249,300,0.25,0.875,1.0
P,easy,eta.0.0.nll,0.5559194744362806,0.20889473537059772,300,0.02851496515795589,0.3366798311471939,1.7930660724639893
P,easy,eta.0.0.margin,0.2071880392326663,0.013715260003289792,300,-0.09160979762673378,0.22383016347885132,0.4639766976237298
P,easy,eta.0.0.query_nll,0.5559194752642118,0.20889473712190973,2400,0.004293782939203084,0.13248343765735626,2.629509699344633
P,easy,eta.0.0.update_norm,0.0,0.0,300,0.0,0.0,0.0
P,easy,eta.0.0.accuracy_delta,0.0,0.0,300,0.0,0.0,0.0
P,easy,eta.0.0.nll_delta,0.0,0.0,300,0.0,0.0,0.0
P,easy,eta.0.0.margin_delta,0.0,0.0,300,0.0,0.0,0.0
P,easy,eta.0.0.query_nll_delta,0.0,0.0,2400,0.0,0.0,0.0
P,easy,eta.0.0.episode_nll_improves,0.0,0.0,300,0.0,0.0,0.0
P,easy,eta.0.0.query_nll_improves_fraction,0.0,0.0,300,0.0,0.0,0.0
P,easy,eta.0.01.accuracy,0.7779166666666667,0.10587679553770661,300,0.25,0.875,1.0
P,easy,eta.0.01.nll,0.5474711181518311,0.22268496413284672,300,0.030251667834818363,0.34163254499435425,1.7640539288520816
P,easy,eta.0.01.margin,0.20290101860494664,0.01460707557351171,300,-0.08743017986416816,0.21890778839588165,0.459360720217228
P,easy,eta.0.01.query_nll,0.5474711200043142,0.2226849680995967,2400,0.004608237138018012,0.1435736045241356,2.532585835456848
P,easy,eta.0.01.update_norm,0.03585604751904806,0.004781310830403909,300,0.028440859079360965,0.036502305269241336,0.04293320202827454
P,easy,eta.0.01.accuracy_delta,0.0020833333333333333,0.007637626158259734,300,-0.125,0.0,0.125
P,easy,eta.0.01.nll_delta,-0.008448356284449498,0.016714540828229103,300,-0.10074721425771713,-0.0002744421362876892,0.07660370767116549
P,easy,eta.0.01.margin_delta,-0.00428702062771966,0.010099233233544426,300,-0.03236837461590767,-0.004086188971996307,0.021181976608932018
P,easy,eta.0.01.query_nll_delta,-0.008448355259897653,0.016714545222021704,2400,-0.14804107546806336,0.0007995765190571547,0.10180508941411953
P,easy,eta.0.01.episode_nll_improves,0.5133333333333334,0.17559422921421233,300,0.0,1.0,1.0
P,easy,eta.0.01.query_nll_improves_fraction,0.4116666666666667,0.15188571635717868,300,0.0,0.375,1.0
P,easy,eta.0.025.accuracy,0.77625,0.12152031723131737,300,0.25,0.875,1.0
P,easy,eta.0.025.nll,0.5484673419889683,0.23862008648508845,300,0.036688807606697085,0.354724258184433,1.6966874539852144
P,easy,eta.0.025.margin,0.19063832006572434,0.024736162852956503,300,-0.08009817413985729,0.2047429010272026,0.4322250202298165
P,easy,eta.0.025.query_nll,0.548467342309062,0.2386200871707702,2400,0.005556554603390396,0.1636500358581543,2.4193895578384392
P,easy,eta.0.025.update_norm,0.08964011879762014,0.011953277076009777,300,0.07110214769840241,0.09125576317310334,0.10733300507068634
P,easy,eta.0.025.accuracy_delta,0.0004166666666666665,0.026731691553909066,300,-0.125,0.0,0.125
P,easy,eta.0.025.nll_delta,-0.007452132447312274,0.03866078978421424,300,-0.20931854546070097,0.004062500083819032,0.20146525204181684
P,easy,eta.0.025.margin_delta,-0.01654971916694194,0.025022711021370374,300,-0.09514166750013828,-0.015037063509225845,0.04394337087869645
P,easy,eta.0.025.query_nll_delta,-0.007452132955149863,0.038660789156877304,2400,-0.3568037271499634,0.004111179616302252,0.2806517004966736
P,easy,eta.0.025.episode_nll_improves,0.4666666666666667,0.15011106998930268,300,0.0,0.0,1.0
P,easy,eta.0.025.query_nll_improves_fraction,0.36791666666666667,0.13537755845535604,300,0.0,0.375,1.0
P,easy,eta.0.05.accuracy,0.74875,0.1565047922588954,300,0.125,0.875,1.0
P,easy,eta.0.05.nll,0.586114249896879,0.2685930708770659,300,0.06964002698659896,0.37149131298065186,1.7526729941368104
P,easy,eta.0.05.margin,0.16220756214732926,0.04288813148222875,300,-0.09367424771189688,0.18337126821279526,0.38891845196485525
P,easy,eta.0.05.query_nll,0.5861142489482396,0.26859307123918186,2400,0.008295052777975797,0.22467825561761856,2.375582337379454
P,easy,eta.0.05.update_norm,0.17928023759524028,0.023906554152019553,300,0.14220429539680482,0.18251152634620668,0.21466601014137268
P,easy,eta.0.05.accuracy_delta,-0.027083333333333334,0.07357323449008704,300,-0.375,0.0,0.25
P,easy,eta.0.05.nll_delta,0.030194775460598372,0.08311289658521999,300,-0.3620945483446121,0.028475621715188026,0.45033098459243787
P,easy,eta.0.05.margin_delta,-0.04498047708533705,0.0452207685249651,300,-0.1922855334356427,-0.03925090283155441,0.06787171997129919
P,easy,eta.0.05.query_nll_delta,0.030194773684027797,0.08311289724535638,2400,-0.6283629268407822,0.017095486749894917,0.6286288797855364
P,easy,eta.0.05.episode_nll_improves,0.39333333333333337,0.146401275039985,300,0.0,0.0,1.0
P,easy,eta.0.05.query_nll_improves_fraction,0.3175,0.10515613391524052,300,0.0,0.25,0.875
P,easy,eta.0.1.accuracy,0.6879166666666666,0.20865017573281197,300,0.0,0.875,1.0
P,easy,eta.0.1.nll,0.728846357371658,0.3418131730360707,300,0.12799129895865918,0.47932063043117523,1.9270603537559512
P,easy,eta.0.1.margin,0.10824666153018674,0.060868040151013075,300,-0.15268737077713013,0.13649268448352814,0.3024461373686791
P,easy,eta.0.1.query_nll,0.7288463576696813,0.3418131738089676,2400,0.018902914226055147,0.3790915906429291,2.525780367851255
P,easy,eta.0.1.update_norm,0.35856047519048057,0.047813108304039106,300,0.28440859079360964,0.36502305269241336,0.42933202028274536
P,easy,eta.0.1.accuracy_delta,-0.08791666666666667,0.1372118192188025,300,-0.625,0.0,0.375
P,easy,eta.0.1.nll_delta,0.17292688293537747,0.1782077894332366,300,-0.502349479496479,0.12547660991549492,0.9922148682177077
P,easy,eta.0.1.margin_delta,-0.09894137770247956,0.06374653614930767,300,-0.3240747176110744,-0.08870416134595871,0.09011767804622654
P,easy,eta.0.1.query_nll_delta,0.17292688240546947,0.17820779060535183,2400,-0.9228938221931458,0.07395483925938606,1.438991764793172
P,easy,eta.0.1.episode_nll_improves,0.26,0.14177446878757824,300,0.0,0.0,1.0
P,easy,eta.0.1.query_nll_improves_fraction,0.2683333333333333,0.0761406319472943,300,0.0,0.25,0.75
P,easy,inner_loss_before,1.0548466702302297,0.2614969848724516,300,0.6914496123790741,1.1394737362861633,1.316048926115036
P,easy,decomposition.groups.foreground.cosine,0.04649633947371815,0.08436700088686591,300,-0.25658583641052246,0.049644991755485535,0.3447172284126283
P,easy,decomposition.groups.foreground.dot,1.9260034067897747,3.363876845770589,300,-10.026693487167359,1.0843042731285095,16.371434020996098
P,easy,decomposition.groups.foreground.gradient_norm,3.784103326002757,0.5018659970131357,300,2.8447388768196107,3.761531710624695,4.783080744743347
P,easy,decomposition.groups.foreground.task_gradient_norm,10.362002965112527,2.7680815651453425,300,0.6241953343153,8.114083290100098,27.248895549774172
P,easy,decomposition.groups.foreground.token_count,16,0.0,300,16.0,16.0,16.0
P,easy,decomposition.groups.foreground.token_weight,0.5,0.0,300,0.5,0.5,0.5
P,easy,decomposition.groups.foreground.weighted_gradient_norm,1.8920516630013784,0.25093299850656786,300,1.4223694384098053,1.8807658553123474,2.3915403723716735
P,easy,decomposition.groups.foreground.weighted_task_dot,0.9630017033948873,1.6819384228852945,300,-5.013346743583679,0.5421521365642548,8.185717010498049
P,easy,decomposition.groups.foreground.all_gradient_projection_fraction,0.5166242815057437,0.008181485145477178,300,0.46150126606225966,0.5182106196880341,0.5677864164113998
P,easy,decomposition.groups.distractor.cosine,-0.03576242915121839,0.034876139470711325,300,-0.31402776688337325,-0.03877442702651024,0.23745150044560442
P,easy,decomposition.groups.distractor.dot,0.17061937804023425,0.6061822225076566,300,-11.297271633148194,-0.45081543922424316,11.84294605255128
P,easy,decomposition.groups.distractor.gradient_norm,3.673304804166158,0.5133591989425464,300,2.8931034564971925,3.6927402019500732,4.455582642555237
P,easy,decomposition.groups.distractor.task_gradient_norm,10.362002965112527,2.7680815651453425,300,0.6241953343153,8.114083290100098,27.248895549774172
P,easy,decomposition.groups.distractor.token_count,8,0.0,300,8.0,8.0,8.0
P,easy,decomposition.groups.distractor.token_weight,0.25,0.0,300,0.25,0.25,0.25
P,easy,decomposition.groups.distractor.weighted_gradient_norm,0.9183262010415395,0.1283397997356366,300,0.7232758641242981,0.9231850504875183,1.1138956606388093
P,easy,decomposition.groups.distractor.weighted_task_dot,0.04265484451005856,0.15154555562691416,300,-2.8243179082870484,-0.11270385980606079,2.96073651313782
P,easy,decomposition.groups.distractor.all_gradient_projection_fraction,0.24822096397479373,0.006340329248198842,300,0.2114971287548542,0.2473808228969574,0.282804873585701
P,easy,decomposition.groups.background.cosine,-0.009937492368432383,0.03690322264842156,300,-0.24815564304590226,-0.010390594601631165,0.2289961427450181
P,easy,decomposition.groups.background.dot,0.7255488737983008,0.13980576832356745,300,-9.330769205093384,-0.10267690941691399,13.789888238906862
P,easy,decomposition.groups.background.gradient_norm,3.5054840445518494,0.3624822185954045,300,2.8983727931976317,3.532473087310791,4.059700179100036
P,easy,decomposition.groups.background.task_gradient_norm,10.362002965112527,2.7680815651453425,300,0.6241953343153,8.114083290100098,27.248895549774172
P,easy,decomposition.groups.background.token_count,8,0.0,300,8.0,8.0,8.0
P,easy,decomposition.groups.background.token_weight,0.25,0.0,300,0.25,0.25,0.25
P,easy,decomposition.groups.background.weighted_gradient_norm,0.8763710111379623,0.09062055464885113,300,0.7245931982994079,0.8831182718276978,1.014925044775009
P,easy,decomposition.groups.background.weighted_task_dot,0.1813872184495752,0.03495144208089186,300,-2.332692301273346,-0.025669227354228497,3.4474720597267154
P,easy,decomposition.groups.background.all_gradient_projection_fraction,0.23515476658940315,0.014343009340659662,300,0.19807413071393967,0.23331907391548157,0.2735761523246765
P,easy,decomposition.groups.foreground_exact_text.cosine,0.3172695594001561,0.016703446938431496,300,-0.11424033790826796,0.34426149725914,0.6645274639129639
P,easy,decomposition.groups.foreground_exact_text.dot,10.68595032490169,1.9453044234292334,300,-1.756135457754135,5.793707847595215,41.79718704223634
P,easy,decomposition.groups.foreground_exact_text.gradient_norm,3.088927108446757,0.2694078450986429,300,2.394815981388092,2.99617338180542,4.0142213106155396
P,easy,decomposition.groups.foreground_exact_text.task_gradient_norm,10.362002965112527,2.7680815651453425,300,0.6241953343153,8.114083290100098,27.248895549774172
P,easy,decomposition.pairwise_cosines.foreground__distractor,0.9142546604077021,0.03803826195685027,300,0.7656110256910325,0.9385738372802734,0.9869276225566864
P,easy,decomposition.pairwise_cosines.foreground__background,0.8948188704252243,0.03389787930558394,300,0.7374763935804367,0.920101135969162,0.9725356101989746
P,easy,decomposition.pairwise_cosines.distractor__background,0.9297307233015696,0.019159301693500427,300,0.7949517965316772,0.9463477432727814,0.9837934166193009
P,easy,decomposition.weighted_reconstruction_max_error,1.3341506322224935e-07,1.7611970648016855e-08,300,5.960464477539063e-08,1.1920928955078125e-07,2.384185791015625e-07
P,easy,oracle_variants.all_soft.accuracy,0.74875,0.1565047922588954,300,0.125,0.875,1.0
P,easy,oracle_variants.all_soft.nll,0.586114249896879,0.2685930708770659,300,0.06964002698659896,0.37149131298065186,1.7526729941368104
P,easy,oracle_variants.all_soft.margin,0.16220756214732926,0.04288813148222875,300,-0.09367424771189688,0.18337126821279526,0.38891845196485525
P,easy,oracle_variants.all_soft.query_nll,0.5861142489482396,0.26859307123918186,2400,0.008295052777975797,0.22467825561761856,2.375582337379454
P,easy,oracle_variants.all_soft.update_norm,0.17928023759524028,0.023906554152019553,300,0.14220429539680482,0.18251152634620668,0.21466601014137268
P,easy,oracle_variants.all_soft.accuracy_delta,-0.027083333333333334,0.07357323449008704,300,-0.375,0.0,0.25
P,easy,oracle_variants.all_soft.nll_delta,0.030194775460598372,0.08311289658521999,300,-0.3620945483446121,0.028475621715188026,0.45033098459243787
P,easy,oracle_variants.all_soft.margin_delta,-0.04498047708533705,0.0452207685249651,300,-0.1922855334356427,-0.03925090283155441,0.06787171997129919
P,easy,oracle_variants.all_soft.query_nll_delta,0.030194773684027797,0.08311289724535638,2400,-0.6283629268407822,0.017095486749894917,0.6286288797855364
P,easy,oracle_variants.all_soft.episode_nll_improves,0.39333333333333337,0.146401275039985,300,0.0,0.0,1.0
P,easy,oracle_variants.all_soft.query_nll_improves_fraction,0.3175,0.10515613391524052,300,0.0,0.25,0.875
P,easy,oracle_variants.foreground_soft.accuracy,0.7366666666666667,0.170084231583452,300,0.125,0.875,1.0
P,easy,oracle_variants.foreground_soft.nll,0.6264150090205173,0.3379928836311363,300,0.04687922913581133,0.41630537807941437,1.838195437192917
P,easy,oracle_variants.foreground_soft.margin,0.1631239634938538,0.05917890348245393,300,-0.12343002185225486,0.1864149421453476,0.39710107445716863
P,easy,oracle_variants.foreground_soft.query_nll,0.6264150148555927,0.3379928878213284,2400,0.007437344756908715,0.20614532381296158,2.596003866195677
P,easy,oracle_variants.foreground_soft.update_norm,0.18920516630013784,0.025093299850656798,300,0.14223694384098054,0.18807658553123474,0.23915403723716738
P,easy,oracle_variants.foreground_soft.accuracy_delta,-0.03916666666666666,0.0892007333676878,300,-0.375,0.0,0.25
P,easy,oracle_variants.foreground_soft.nll_delta,0.07049553458423664,0.14940792000699413,300,-0.4108644038438797,0.026838229969143867,0.8019186556339266
P,easy,oracle_variants.foreground_soft.margin_delta,-0.044064075738812485,0.060506703804293994,300,-0.22217929437756537,-0.0320100337266922,0.10331823453307157
P,easy,oracle_variants.foreground_soft.query_nll_delta,0.0704955395913809,0.14940792451541082,2400,-0.6820883512496948,0.01125504681840539,1.0035981863737085
P,easy,oracle_variants.foreground_soft.episode_nll_improves,0.41333333333333333,0.12220201853215573,300,0.0,0.0,1.0
P,easy,oracle_variants.foreground_soft.query_nll_improves_fraction,0.38375,0.12889554879824205,300,0.0,0.375,1.0
P,easy,oracle_variants.foreground_exact_text.accuracy,0.8516666666666667,0.06410846927928737,300,0.375,1.0,1.0
P,easy,oracle_variants.foreground_exact_text.nll,0.36044767438744507,0.11829933700833212,300,0.01391670536249876,0.20213712006807327,1.231818735599518
P,easy,oracle_variants.foreground_exact_text.margin,0.270216416195035,0.02291138213183573,300,0.06048809979110956,0.2621438205242157,0.510722389817238
P,easy,oracle_variants.foreground_exact_text.query_nll,0.3604476728123215,0.11829933770208115,2400,0.0023232393083162605,0.07741959765553474,1.8839777886867517
P,easy,oracle_variants.foreground_exact_text.update_norm,0.15444635542233787,0.01347039225493215,300,0.1197407990694046,0.14980866909027102,0.200711065530777
P,easy,oracle_variants.foreground_exact_text.accuracy_delta,0.07583333333333334,0.045023142197466996,300,-0.25,0.0,0.5
P,easy,oracle_variants.foreground_exact_text.nll_delta,-0.19547180004883558,0.09075986006942706,300,-1.0357610248029232,-0.05955533683300018,0.25339341685175903
P,easy,oracle_variants.foreground_exact_text.margin_delta,0.06302837696236868,0.027064119797669855,300,-0.07980275079607964,0.047561585903167725,0.2530200567096473
P,easy,oracle_variants.foreground_exact_text.query_nll_delta,-0.19547180245189033,0.09075986080259407,2400,-1.4056350737810135,-0.021117806201800704,0.3123030161485048
P,easy,oracle_variants.foreground_exact_text.episode_nll_improves,0.7466666666666666,0.08144527815247078,300,0.0,1.0,1.0
P,easy,oracle_variants.foreground_exact_text.query_nll_improves_fraction,0.69375,0.0693271231193102,300,0.125,0.75,1.0
P,easy,ambiguity_tokens.foreground.entropy,1.2060403764620424,0.07252438091054367,4800,0.9657348573207856,1.234506905078888,1.3644322812557221
P,easy,ambiguity_tokens.foreground.top1_probability,0.4669009752695759,0.06567711578864056,4800,0.31193659752607344,0.4528638869524002,0.6654260963201523
P,easy,ambiguity_tokens.foreground.top1_top2_gap,0.20784812987782061,0.07963760568905372,4800,0.013646675646305085,0.18067410588264465,0.4942264541983606
P,easy,ambiguity_tokens.foreground.target_norm,0.62143076274544,0.033423712403333125,4800,0.5292596042156219,0.616264283657074,0.7271362841129304
P,easy,ambiguity_tokens.foreground.target_correct_cosine,0.7107803672086448,0.15730311075501413,4800,0.33863742649555206,0.7509344816207886,0.9498514920473099
P,easy,ambiguity_tokens.foreground.target_strongest_wrong_cosine,0.6387957141688093,0.09277750338790525,4800,0.35325654298067094,0.6504902541637421,0.8935032844543458
P,easy,ambiguity_tokens.foreground.target_cosine_margin,0.07198465294515093,0.2473483592933521,4800,-0.47809548079967495,0.09158781170845032,0.5875943064689637
P,easy,ambiguity_tokens.foreground.assignment_correct,0.5964583333333333,0.34170775921587343,4800,0.0,1.0,1.0
P,easy,ambiguity_tokens.distractor.entropy,1.2054303587476412,0.0661872592500157,2400,0.9734961569309235,1.232275664806366,1.361380785703659
P,easy,ambiguity_tokens.distractor.top1_probability,0.4665980435659488,0.05899263871910029,2400,0.31495646089315416,0.4538785219192505,0.6611087799072264
P,easy,ambiguity_tokens.distractor.top1_top2_gap,0.2058540915263196,0.07195400829830746,2400,0.012885652482509613,0.17566511034965515,0.5015245348215102
P,easy,ambiguity_tokens.distractor.target_norm,0.6204725335414211,0.02943725497594935,2400,0.524117934703827,0.6156741678714752,0.7335741013288495
P,easy,ambiguity_tokens.background.entropy,1.2161599188794694,0.018914839261194548,2400,0.9598126739263535,1.247128963470459,1.3632778465747832
P,easy,ambiguity_tokens.background.top1_probability,0.45345368059972924,0.011500448368298602,2400,0.3121185049414635,0.43320465087890625,0.6606052041053768
P,easy,ambiguity_tokens.background.top1_top2_gap,0.18873730493088564,0.008661592453536822,2400,0.011753353476524354,0.15242597460746765,0.4887208759784698
P,easy,ambiguity_tokens.background.target_norm,0.6131141028180719,0.010447604804395381,2400,0.5201351165771484,0.6043889820575714,0.7360060662031174
P,hard,alignment.cosine,-0.011156695628693949,0.025638355438980506,300,-0.151120363175869,-0.019883339293301105,0.16463485583662987
P,hard,alignment.dot,0.17601609501366816,0.8735212749856917,300,-2.9317837834358214,-0.43225741386413574,5.766471552848817
P,hard,alignment.gradient_norm,4.059844428698222,0.3470634360672528,300,3.4403053879737855,4.01811671257019,4.776200699806213
P,hard,alignment.task_gradient_norm,6.292843859195709,0.07015576721268678,300,2.731778728961945,5.981356382369995,11.131888628005983
P,hard,alignment.predicted_task_nll_delta,-0.008800804750683408,0.04367606374928458,300,-0.28832357764244076,0.02161287069320679,0.14658918917179112
P,hard,alignment.actual_task_nll_delta,-0.011255236466725667,0.021483046509105232,300,-0.2709721624851226,0.01841878890991211,0.14624129831790927
P,hard,alignment.episode_nll_improves,0.43,0.0854400374531753,300,0.0,0.0,1.0
P,hard,alignment.query_nll_improves_fraction,0.40541666666666665,0.054905221366763776,300,0.0,0.375,1.0
P,hard,alignment.positive_alignment,0.4,0.12288205727444511,300,0.0,0.0,1.0
P,hard,alignment.normal_output_max_error,0.0,0.0,300,0.0,0.0,0.0
P,hard,eta.0.0.accuracy,0.40541666666666665,0.02673169155390909,300,0.0,0.375,0.875
P,hard,eta.0.0.nll,1.3139047340552013,0.019502731901290673,300,0.6950897604227066,1.2539527416229248,2.156795895099641
P,hard,eta.0.0.margin,-0.026497344012216976,0.0033169490258490356,300,-0.1467306323349476,-0.015470270998775959,0.06967137195169926
P,hard,eta.0.0.query_nll,1.3139047283213585,0.01950272799400866,2400,0.39196743816137314,1.2163022756576538,2.6910789608955383
P,hard,eta.0.0.update_norm,0.0,0.0,300,0.0,0.0,0.0
P,hard,eta.0.0.accuracy_delta,0.0,0.0,300,0.0,0.0,0.0
P,hard,eta.0.0.nll_delta,0.0,0.0,300,0.0,0.0,0.0
P,hard,eta.0.0.margin_delta,0.0,0.0,300,0.0,0.0,0.0
P,hard,eta.0.0.query_nll_delta,0.0,0.0,2400,0.0,0.0,0.0
P,hard,eta.0.0.episode_nll_improves,0.0,0.0,300,0.0,0.0,0.0
P,hard,eta.0.0.query_nll_improves_fraction,0.0,0.0,300,0.0,0.0,0.0
P,hard,eta.0.01.accuracy,0.40208333333333335,0.02155419526062929,300,0.0,0.375,0.875
P,hard,eta.0.01.nll,1.3114413918058077,0.015803106953200224,300,0.7133535474538804,1.2545485496520996,2.136387276649476
P,hard,eta.0.01.margin,-0.02590909177903086,0.0032061754944411307,300,-0.14190559461712837,-0.014533860608935356,0.06591117568314075
P,hard,eta.0.01.query_nll,1.3114413889031857,0.01580310973282142,2400,0.41717717945575716,1.2191619277000427,2.619725120067596
P,hard,eta.0.01.update_norm,0.04059844428698222,0.0034706343606725285,300,0.034403053879737855,0.04018116712570191,0.047762006998062136
P,hard,eta.0.01.accuracy_delta,-0.003333333333333333,0.005204164998665332,300,0.0,0.0,0.0
P,hard,eta.0.01.nll_delta,-0.0024633422493934632,0.007858331903780767,300,-0.060741478204727174,0.003937423229217529,0.02922839224338532
P,hard,eta.0.01.margin_delta,0.0005882522331861159,0.001278652890788598,300,-0.004506674036383628,-0.00042188726365566254,0.009279794618487361
P,hard,eta.0.01.query_nll_delta,-0.0024633394181728364,0.007858326583249824,2400,-0.09113644361495972,0.0065819621086120605,0.04204445779323572
P,hard,eta.0.01.episode_nll_improves,0.39666666666666667,0.12662279942148388,300,0.0,0.0,1.0
P,hard,eta.0.01.query_nll_improves_fraction,0.39125,0.08458538585358584,300,0.0,0.375,1.0
P,hard,eta.0.025.accuracy,0.40041666666666664,0.016313976625376564,300,0.0,0.375,0.875
P,hard,eta.0.025.nll,1.3069843745231629,0.015764520469808085,300,0.7293860346078873,1.2558134198188782,2.1389573335647585
P,hard,eta.0.025.margin,-0.024595517041161658,0.003748156224166035,300,-0.13874383866786957,-0.013283766806125641,0.061449703760445125
P,hard,eta.0.025.query_nll,1.3069843836687505,0.01576452908343411,2400,0.4524973168969154,1.2256121635437012,2.512870860099792
P,hard,eta.0.025.update_norm,0.10149611071745555,0.008676585901681324,300,0.08600763469934464,0.10045291781425478,0.11940501749515534
P,hard,eta.0.025.accuracy_delta,-0.005,0.01192424001771182,300,-0.125,0.0,0.125
P,hard,eta.0.025.nll_delta,-0.006920359532038371,0.015964405459864044,300,-0.14825958013534546,0.010901153087615967,0.06937342584133149
P,hard,eta.0.025.margin_delta,0.001901826971055319,0.0028235156908659933,300,-0.011265989765524865,-0.0006263945251703262,0.02356461249291897
P,hard,eta.0.025.query_nll_delta,-0.006920344652608037,0.015964396495841436,2400,-0.23350446224212645,0.016358137130737305,0.10835823118686676
P,hard,eta.0.025.episode_nll_improves,0.41333333333333333,0.12055427546683418,300,0.0,0.0,1.0
P,hard,eta.0.025.query_nll_improves_fraction,0.395,0.0754465870666129,300,0.0,0.375,1.0
P,hard,eta.0.05.accuracy,0.39416666666666667,0.013010412496663336,300,0.0,0.375,0.8812500000000014
P,hard,eta.0.05.nll,1.3026494975884757,0.016290142822113756,300,0.7873261153697968,1.255169153213501,2.019678103923798
P,hard,eta.0.05.margin,-0.022153662083049617,0.004723577654019597,300,-0.11237431652843952,-0.013248920440673828,0.05067983046174051
P,hard,eta.0.05.query_nll,1.3026494906346004,0.016290137125367286,2400,0.53368381857872,1.242054522037506,2.3093546628952017
P,hard,eta.0.05.update_norm,0.2029922214349111,0.017353171803362648,300,0.17201526939868927,0.20090583562850955,0.23881003499031067
P,hard,eta.0.05.accuracy_delta,-0.01125,0.021972994789058682,300,-0.25,0.0,0.125
P,hard,eta.0.05.nll_delta,-0.011255236466725667,0.021483046509105232,300,-0.2709721624851226,0.01841878890991211,0.14624129831790927
P,hard,eta.0.05.margin_delta,0.00434368192916736,0.0045037183956193804,300,-0.020444733276963233,0.0006441604346036911,0.04474862851202488
P,hard,eta.0.05.query_nll_delta,-0.011255237686758238,0.021483035926106765,2400,-0.43276324272155764,0.03313946723937988,0.21429366767406446
P,hard,eta.0.05.episode_nll_improves,0.43,0.0854400374531753,300,0.0,0.0,1.0
P,hard,eta.0.05.query_nll_improves_fraction,0.40541666666666665,0.054905221366763776,300,0.0,0.375,1.0
P,hard,eta.0.1.accuracy,0.3804166666666667,0.013768926368215239,300,0.0,0.375,0.875
P,hard,eta.0.1.nll,1.3065839278697968,0.010474571369850059,300,0.8975993156433105,1.2770169377326965,1.8407873511314392
P,hard,eta.0.1.margin,-0.018395809854070345,0.00546490685745379,300,-0.09228281155228615,-0.012009087949991226,0.0395424634218216
P,hard,eta.0.1.query_nll,1.3065839302664002,0.010474570961050214,2400,0.6762687265872955,1.2734692096710205,2.0428225994110103
P,hard,eta.0.1.update_norm,0.4059844428698222,0.034706343606725296,300,0.34403053879737855,0.4018116712570191,0.47762006998062134
P,hard,eta.0.1.accuracy_delta,-0.025,0.026457513110645908,300,-0.375,0.0,0.25
P,hard,eta.0.1.nll_delta,-0.00732080618540446,0.022165363274821718,300,-0.4356056988239288,0.0327073335647583,0.2580714583396912
P,hard,eta.0.1.margin_delta,0.00810153415814663,0.005915660532875971,300,-0.0354393869638443,0.002168429084122181,0.07318813949823381
P,hard,eta.0.1.query_nll_delta,-0.007320798054958385,0.02216536107878962,2400,-0.685566371679306,0.06521779298782349,0.38358082473277993
P,hard,eta.0.1.episode_nll_improves,0.43333333333333335,0.09291573243177569,300,0.0,0.0,1.0
P,hard,eta.0.1.query_nll_improves_fraction,0.4091666666666667,0.04462225715193409,300,0.0,0.375,1.0
P,hard,inner_loss_before,1.0205426416794459,0.1857004753853926,300,0.7214366912841796,1.0603099465370178,1.2828830003738403
P,hard,decomposition.groups.foreground.cosine,-0.0048700386041309685,0.028417335996995707,300,-0.15646326988935472,-0.01748087164014578,0.18901107534766207
P,hard,decomposition.groups.foreground.dot,0.3029446135026713,0.8848256327951893,300,-3.5602500796318055,-0.3946731835603714,7.26382961273194
P,hard,decomposition.groups.foreground.gradient_norm,4.1608624188105265,0.3752559387000423,300,3.3443363308906555,3.8470793962478638,5.372137117385864
P,hard,decomposition.groups.foreground.task_gradient_norm,6.292843859195709,0.07015576721268678,300,2.731778728961945,5.981356382369995,11.131888628005983
P,hard,decomposition.groups.foreground.token_count,16,0.0,300,16.0,16.0,16.0
P,hard,decomposition.groups.foreground.token_weight,0.5,0.0,300,0.5,0.5,0.5
P,hard,decomposition.groups.foreground.weighted_gradient_norm,2.0804312094052633,0.18762796935002116,300,1.6721681654453278,1.9235396981239319,2.686068558692932
P,hard,decomposition.groups.foreground.weighted_task_dot,0.15147230675133566,0.44241281639759467,300,-1.7801250398159028,-0.1973365917801857,3.63191480636597
P,hard,decomposition.groups.foreground.all_gradient_projection_fraction,0.5047005942463875,0.01012258440480878,300,0.4448529779911041,0.4945557862520218,0.5704141676425933
P,hard,decomposition.groups.distractor.cosine,-0.0197573862116163,0.02019209319089727,300,-0.15358401015400885,-0.024629250168800354,0.1350859671831131
P,hard,decomposition.groups.distractor.dot,-0.060460970811545854,0.7449135255152973,300,-2.8693955898284913,-0.4889141619205475,4.727461814880372
P,hard,decomposition.groups.distractor.gradient_norm,4.1191572666168215,0.4117625717337285,300,3.3679603099823,4.15800142288208,4.796382927894593
P,hard,decomposition.groups.distractor.task_gradient_norm,6.292843859195709,0.07015576721268678,300,2.731778728961945,5.981356382369995,11.131888628005983
P,hard,decomposition.groups.distractor.token_count,8,0.0,300,8.0,8.0,8.0
P,hard,decomposition.groups.distractor.token_weight,0.25,0.0,300,0.25,0.25,0.25
P,hard,decomposition.groups.distractor.weighted_gradient_norm,1.0297893166542054,0.10294064293343212,300,0.841990077495575,1.03950035572052,1.1990957319736482
P,hard,decomposition.groups.distractor.weighted_task_dot,-0.015115242702886464,0.18622838137882433,300,-0.7173488974571228,-0.12222854048013687,1.181865453720093
P,hard,decomposition.groups.distractor.all_gradient_projection_fraction,0.25096811801195146,0.0036697067522359454,300,0.21147291660308837,0.2530152201652527,0.2910042554140091
P,hard,decomposition.groups.background.cosine,-0.012253969318699091,0.029038443971454764,300,-0.15029302537441253,-0.01960073783993721,0.1471159651875496
P,hard,decomposition.groups.background.dot,0.15863610241562132,0.9904431939649719,300,-2.7664460062980654,-0.4614723026752472,5.1499101400375435
P,hard,decomposition.groups.background.gradient_norm,3.9975658718744915,0.3353837784633373,300,3.4507582068443297,3.974318027496338,4.583613634109497
P,hard,decomposition.groups.background.task_gradient_norm,6.292843859195709,0.07015576721268678,300,2.731778728961945,5.981356382369995,11.131888628005983
P,hard,decomposition.groups.background.token_count,8,0.0,300,8.0,8.0,8.0
P,hard,decomposition.groups.background.token_weight,0.25,0.0,300,0.25,0.25,0.25
P,hard,decomposition.groups.background.weighted_gradient_norm,0.9993914679686229,0.08384594461583432,300,0.8626895517110824,0.9935795068740845,1.1459034085273743
P,hard,decomposition.groups.background.weighted_task_dot,0.03965902560390533,0.24761079849124298,300,-0.6916115015745163,-0.1153680756688118,1.2874775350093859
P,hard,decomposition.groups.background.all_gradient_projection_fraction,0.24433129027485848,0.010719031194887811,300,0.20686013028025627,0.2473723590373993,0.2802742183208466
P,hard,decomposition.groups.foreground_exact_text.cosine,0.12127916605522235,0.027800790893141726,300,-0.06270572729408741,0.12510356307029724,0.3273002877831459
P,hard,decomposition.groups.foreground_exact_text.dot,3.6255968636025986,1.0009144285078722,300,-1.0856671631336212,2.808645009994507,12.48454761505127
P,hard,decomposition.groups.foreground_exact_text.gradient_norm,4.043389262358348,0.36438839355595865,300,3.2672589302062987,3.756659507751465,5.241670250892639
P,hard,decomposition.groups.foreground_exact_text.task_gradient_norm,6.292843859195709,0.07015576721268678,300,2.731778728961945,5.981356382369995,11.131888628005983
P,hard,decomposition.pairwise_cosines.foreground__distractor,0.9538560672601064,0.018872800172794715,300,0.9062433183193207,0.959670901298523,0.9874845445156097
P,hard,decomposition.pairwise_cosines.foreground__background,0.9577184287707011,0.010146477034314967,300,0.9196013003587723,0.9625526070594788,0.982572078704834
P,hard,decomposition.pairwise_cosines.distractor__background,0.9824263930320739,0.000838189251670373,300,0.962598517537117,0.9845837950706482,0.993029123544693
P,hard,decomposition.weighted_reconstruction_max_error,1.5070041020711263e-07,1.4588939485359219e-08,300,5.960464477539063e-08,1.1920928955078125e-07,2.384185791015625e-07
P,hard,oracle_variants.all_soft.accuracy,0.39416666666666667,0.013010412496663336,300,0.0,0.375,0.8812500000000014
P,hard,oracle_variants.all_soft.nll,1.3026494975884757,0.016290142822113756,300,0.7873261153697968,1.255169153213501,2.019678103923798
P,hard,oracle_variants.all_soft.margin,-0.022153662083049617,0.004723577654019597,300,-0.11237431652843952,-0.013248920440673828,0.05067983046174051
P,hard,oracle_variants.all_soft.query_nll,1.3026494906346004,0.016290137125367286,2400,0.53368381857872,1.242054522037506,2.3093546628952017
P,hard,oracle_variants.all_soft.update_norm,0.2029922214349111,0.017353171803362648,300,0.17201526939868927,0.20090583562850955,0.23881003499031067
P,hard,oracle_variants.all_soft.accuracy_delta,-0.01125,0.021972994789058682,300,-0.25,0.0,0.125
P,hard,oracle_variants.all_soft.nll_delta,-0.011255236466725667,0.021483046509105232,300,-0.2709721624851226,0.01841878890991211,0.14624129831790927
P,hard,oracle_variants.all_soft.margin_delta,0.00434368192916736,0.0045037183956193804,300,-0.020444733276963233,0.0006441604346036911,0.04474862851202488
P,hard,oracle_variants.all_soft.query_nll_delta,-0.011255237686758238,0.021483035926106765,2400,-0.43276324272155764,0.03313946723937988,0.21429366767406446
P,hard,oracle_variants.all_soft.episode_nll_improves,0.43,0.0854400374531753,300,0.0,0.0,1.0
P,hard,oracle_variants.all_soft.query_nll_improves_fraction,0.40541666666666665,0.054905221366763776,300,0.0,0.375,1.0
P,hard,oracle_variants.foreground_soft.accuracy,0.39541666666666664,0.014648663192705802,300,0.0,0.375,1.0
P,hard,oracle_variants.foreground_soft.nll,1.297895261446635,0.017903312471578704,300,0.7958697527647018,1.2556204795837402,1.988622832298279
P,hard,oracle_variants.foreground_soft.margin,-0.021275559154649574,0.005169974416408876,300,-0.11530936658382415,-0.013388585299253464,0.051743196323514
P,hard,oracle_variants.foreground_soft.query_nll,1.2978952708902458,0.017903314330931442,2400,0.5363149136304856,1.2414228320121765,2.266672253608702
P,hard,oracle_variants.foreground_soft.update_norm,0.20804312094052632,0.018762796935002123,300,0.1672168165445328,0.19235396981239322,0.2686068558692932
P,hard,oracle_variants.foreground_soft.accuracy_delta,-0.01,0.03072051431861127,300,-0.25,0.0,0.25
P,hard,oracle_variants.foreground_soft.nll_delta,-0.016009472608566284,0.023375363313215436,300,-0.34795851707458497,0.01829683780670166,0.16124238073825836
P,hard,oracle_variants.foreground_soft.margin_delta,0.005221784857567399,0.004964362530621541,300,-0.021603095158934594,0.0006008446216583252,0.050418661348521715
P,hard,oracle_variants.foreground_soft.query_nll_delta,-0.016009457431112727,0.02337536031331025,2400,-0.48318598866462703,0.03046664595603943,0.23882687911391243
P,hard,oracle_variants.foreground_soft.episode_nll_improves,0.4533333333333333,0.07234178138070235,300,0.0,0.0,1.0
P,hard,oracle_variants.foreground_soft.query_nll_improves_fraction,0.42541666666666667,0.05599014050110371,300,0.0,0.375,1.0
P,hard,oracle_variants.foreground_exact_text.accuracy,0.48333333333333334,0.0428356841118866,300,0.0,0.5,1.0
P,hard,oracle_variants.foreground_exact_text.nll,1.184088659286499,0.021501899700987582,300,0.7477176129817963,1.133837103843689,1.7889957964420318
P,hard,oracle_variants.foreground_exact_text.margin,-0.0057635881875952085,0.004758371733142627,300,-0.08993268758058548,0.002759631723165512,0.05300498791038991
P,hard,oracle_variants.foreground_exact_text.query_nll,1.1840886583148191,0.0215019029832891,2400,0.4698220491409302,1.1100324392318726,2.128336024284362
P,hard,oracle_variants.foreground_exact_text.update_norm,0.2021694631179174,0.018219419677797933,300,0.16336294651031497,0.18783297538757326,0.26208351254463197
P,hard,oracle_variants.foreground_exact_text.accuracy_delta,0.07791666666666666,0.03527422335549478,300,-0.125,0.0,0.5
P,hard,oracle_variants.foreground_exact_text.nll_delta,-0.1298160747687022,0.022853350651560685,300,-0.4960309028625488,-0.09346321225166321,0.07490324378013616
P,hard,oracle_variants.foreground_exact_text.margin_delta,0.020733755824621766,0.004405058754643695,300,-0.018688678182661532,0.017917915247380733,0.07600583583116532
P,hard,oracle_variants.foreground_exact_text.query_nll_delta,-0.1298160700065394,0.022853348513814407,2400,-0.639798891544342,-0.07646110653877258,0.1634399116039276
P,hard,oracle_variants.foreground_exact_text.episode_nll_improves,0.7833333333333333,0.04509249752822893,300,0.0,1.0,1.0
P,hard,oracle_variants.foreground_exact_text.query_nll_improves_fraction,0.68375,0.03452806829233282,300,0.125,0.6875,1.0
P,hard,ambiguity_tokens.foreground.entropy,1.3671144231657186,0.0044112465964701135,4800,1.3363518834114074,1.3711633086204529,1.3839145362377168
P,hard,ambiguity_tokens.foreground.top1_probability,0.31071304746593037,0.006295307658161746,4800,0.2700478255748749,0.30613476037979126,0.36937873959541323
P,hard,ambiguity_tokens.foreground.top1_top2_gap,0.045670631459603706,0.0036901751286788323,4800,0.002885927259922028,0.03570038080215454,0.12384272366762164
P,hard,ambiguity_tokens.foreground.target_norm,0.9557555544748902,0.0004353666279507926,4800,0.9464343756437301,0.9548510611057281,0.9674176543951034
P,hard,ambiguity_tokens.foreground.target_correct_cosine,0.9557497030869126,0.00071165522603343,4800,0.9309477239847184,0.956818699836731,0.9770853668451309
P,hard,ambiguity_tokens.foreground.target_strongest_wrong_cosine,0.9662131947403153,0.000943019813566964,4800,0.9529859393835067,0.9655386507511139,0.9805325597524643
P,hard,ambiguity_tokens.foreground.target_cosine_margin,-0.010463491653402646,0.0002900472154155961,4800,-0.03803862333297729,-0.009539902210235596,0.013555201888084416
P,hard,ambiguity_tokens.foreground.assignment_correct,0.29270833333333335,0.026311930912294,4800,0.0,0.0,1.0
P,hard,ambiguity_tokens.distractor.entropy,1.3635324802994728,0.0016905536033678178,2400,1.3256578981876372,1.3689199090003967,1.3836110532283783
P,hard,ambiguity_tokens.distractor.top1_probability,0.31635733457903065,0.003128268367639605,2400,0.2711782932281494,0.31029078364372253,0.3794816687703131
P,hard,ambiguity_tokens.distractor.top1_top2_gap,0.051089756594349944,0.0043120346350420434,2400,0.003515186905860901,0.0395113080739975,0.13585787713527678
P,hard,ambiguity_tokens.distractor.target_norm,0.9558163630962372,0.0004220219109787885,2400,0.9459194898605346,0.9552229344844818,0.9671691447496414
P,hard,ambiguity_tokens.background.entropy,1.3630275044341882,0.0028497203986252106,2400,1.3221142709255218,1.3683356046676636,1.3839071631431579
P,hard,ambiguity_tokens.background.top1_probability,0.31801959486057363,0.0044535323159028825,2400,0.2706710159778595,0.3107379227876663,0.3843201458454132
P,hard,ambiguity_tokens.background.top1_top2_gap,0.05421113148952524,0.004458167672299334,2400,0.0035228446125984193,0.042618528008461,0.14312719330191595
P,hard,ambiguity_tokens.background.target_norm,0.9559657503912846,0.00020200510383286085,2400,0.9465521782636642,0.9554144442081451,0.967193603515625
B2,easy,alignment.cosine,-0.03489263592132678,0.051696326858045094,300,-0.34177556037902834,-0.05550634302198887,0.3575343757867813
B2,easy,alignment.dot,-3.200087282449628,2.206871658253329,300,-15.806617927551269,-0.7221560478210449,2.9757965564727837
B2,easy,alignment.gradient_norm,1.9970677518844604,0.26247954750151875,300,1.4475666463375092,1.9551219940185547,2.6694562911987303
B2,easy,alignment.task_gradient_norm,11.922083765690525,3.5187172677885314,300,0.6039777934551239,9.226903438568115,31.073199748992923
B2,easy,alignment.predicted_task_nll_delta,0.1600043641224814,0.11034358291266647,300,-0.1487898278236389,0.03610780239105225,0.7903308963775636
B2,easy,alignment.actual_task_nll_delta,0.21538255403827256,0.08471167847385166,300,-0.10067420341074466,0.09280188381671906,0.8893605381250383
B2,easy,alignment.episode_nll_improves,0.31333333333333335,0.08504900548115384,300,0.0,0.0,1.0
B2,easy,alignment.query_nll_improves_fraction,0.4658333333333333,0.049154306355937254,300,0.0,0.5,1.0
B2,easy,alignment.positive_alignment,0.3933333333333333,0.11676186592091331,300,0.0,0.0,1.0
B2,easy,alignment.normal_output_max_error,0.0,0.0,300,0.0,0.0,0.0
B2,easy,eta.0.0.accuracy,0.7716666666666667,0.09500274118852221,300,0.25,0.875,1.0
B2,easy,eta.0.0.nll,0.5531983138162954,0.19618744914862016,300,0.021555219218134882,0.35826052725315094,1.8845833182334901
B2,easy,eta.0.0.margin,0.22448457256580392,0.03304128338784718,300,-0.09067080281674862,0.2435591071844101,0.5118116766214371
B2,easy,eta.0.0.query_nll,0.553198312982034,0.19618744901200943,2400,0.003339638526085764,0.10819436609745026,2.6158069610595693
B2,easy,eta.0.0.update_norm,0.0,0.0,300,0.0,0.0,0.0
B2,easy,eta.0.0.accuracy_delta,0.0,0.0,300,0.0,0.0,0.0
B2,easy,eta.0.0.nll_delta,0.0,0.0,300,0.0,0.0,0.0
B2,easy,eta.0.0.margin_delta,0.0,0.0,300,0.0,0.0,0.0
B2,easy,eta.0.0.query_nll_delta,0.0,0.0,2400,0.0,0.0,0.0
B2,easy,eta.0.0.episode_nll_improves,0.0,0.0,300,0.0,0.0,0.0
B2,easy,eta.0.0.query_nll_improves_fraction,0.0,0.0,300,0.0,0.0,0.0
B2,easy,eta.0.01.accuracy,0.7654166666666666,0.09711730449993626,300,0.25,0.875,1.0
B2,easy,eta.0.01.nll,0.5881627495827464,0.21651145047579237,300,0.01874864059500397,0.35077396035194397,1.9458068072795875
B2,easy,eta.0.01.margin,0.22443263593440255,0.032767057614872926,300,-0.09596328176558017,0.24076681584119797,0.5189789950847626
B2,easy,eta.0.01.query_nll,0.5881627508972451,0.2165114478202994,2400,0.002910766389686614,0.1034359447658062,2.8190106987953185
B2,easy,eta.0.01.update_norm,0.019970677518844605,0.002624795475015188,300,0.014475666463375092,0.01955121994018555,0.026694562911987307
B2,easy,eta.0.01.accuracy_delta,-0.0062499999999999995,0.0021650635094610966,300,-0.125,0.0,0.0
B2,easy,eta.0.01.nll_delta,0.03496443576645106,0.021498686495494267,300,-0.02481653243303299,0.0091828852891922,0.16741779148578645
B2,easy,eta.0.01.margin_delta,-5.193663140137989e-05,0.0003347854443726249,300,-0.02248137295246124,0.0009413659572601318,0.019762064516544352
B2,easy,eta.0.01.query_nll_delta,0.034964437915211116,0.021498682479485116,2400,-0.043286992609500884,-0.00027128541842103004,0.23010735511779776
B2,easy,eta.0.01.episode_nll_improves,0.36333333333333334,0.12055427546683416,300,0.0,0.0,1.0
B2,easy,eta.0.01.query_nll_improves_fraction,0.54125,0.02741464024932664,300,0.0,0.5,1.0
B2,easy,eta.0.025.accuracy,0.7545833333333334,0.10139906722121922,300,0.25,0.875,1.0
B2,easy,eta.0.025.nll,0.6501476948917844,0.24468232043145935,300,0.015771327540278438,0.3779587149620056,2.1855663418769837
B2,easy,eta.0.025.margin,0.22076540435353914,0.031315729692927625,300,-0.11437700353562831,0.2364627569913864,0.5319210201501846
B2,easy,eta.0.025.query_nll,0.65014769570674,0.24468232077803312,2400,0.002436843339819461,0.10689489170908928,3.136536562442779
B2,easy,eta.0.025.update_norm,0.04992669379711151,0.006561988687537967,300,0.03618916615843773,0.04887804985046387,0.06673640727996827
B2,easy,eta.0.025.accuracy_delta,-0.017083333333333332,0.006414501799308605,300,-0.125,0.0,0.0
B2,easy,eta.0.025.nll_delta,0.09694938107548903,0.05041048017251869,300,-0.05840827841311693,0.03171909973025322,0.4093284457921984
B2,easy,eta.0.025.margin_delta,-0.003719168212264776,0.0017775286824811274,300,-0.06316937617957592,-0.002013811841607094,0.04374990165233612
B2,easy,eta.0.025.query_nll_delta,0.09694938272470609,0.050410481138694535,2400,-0.09383607283234596,-0.00021605059737339616,0.5935392260551452
B2,easy,eta.0.025.episode_nll_improves,0.33,0.11532562594670796,300,0.0,0.0,1.0
B2,easy,eta.0.025.query_nll_improves_fraction,0.515,0.03191786333700929,300,0.0,0.5,1.0
B2,easy,eta.0.05.accuracy,0.7291666666666666,0.10492805074589605,300,0.25,0.875,1.0
B2,easy,eta.0.05.nll,0.7685808678545678,0.2799276698733013,300,0.013112411834299564,0.4413772523403168,2.5262798309326175
B2,easy,eta.0.05.margin,0.2060452857799828,0.026284179139377032,300,-0.14075530543923379,0.22358418256044388,0.5327545851469041
B2,easy,eta.0.05.query_nll,0.7685808699787958,0.2799276682099601,2400,0.002027213666588068,0.11734267324209213,3.627136278152464
B2,easy,eta.0.05.update_norm,0.09985338759422302,0.013123977375075934,300,0.07237833231687546,0.09775609970092775,0.13347281455993654
B2,easy,eta.0.05.accuracy_delta,-0.042499999999999996,0.0114564392373896,300,-0.375,0.0,0.125
B2,easy,eta.0.05.nll_delta,0.21538255403827256,0.08471167847385166,300,-0.10067420341074466,0.09280188381671906,0.8893605381250383
B2,easy,eta.0.05.margin_delta,-0.01843928678582112,0.006834245707560754,300,-0.13035310506820677,-0.013074049726128578,0.071253901720047
B2,easy,eta.0.05.query_nll_delta,0.21538255699676181,0.08471167647918636,2400,-0.15176528096199035,0.0015598449390381575,1.2005368933081617
B2,easy,eta.0.05.episode_nll_improves,0.31333333333333335,0.08504900548115384,300,0.0,0.0,1.0
B2,easy,eta.0.05.query_nll_improves_fraction,0.4658333333333333,0.049154306355937254,300,0.0,0.5,1.0
B2,easy,eta.0.1.accuracy,0.66875,0.08741960592452931,300,0.0,0.75,1.0
B2,easy,eta.0.1.nll,1.0029625191283413,0.282900119694839,300,0.018321159575134516,0.6652827560901642,2.882665944099427
B2,easy,eta.0.1.margin,0.15767536928256354,0.014563084218484994,300,-0.21628281325101853,0.1490478292107582,0.5192263424396515
B2,easy,eta.0.1.query_nll,1.0029625209708684,0.2829001174675772,2400,0.002232311072293669,0.17260584235191345,4.190419602394101
B2,easy,eta.0.1.update_norm,0.19970677518844604,0.026247954750151868,300,0.14475666463375092,0.1955121994018555,0.2669456291198731
B2,easy,eta.0.1.accuracy_delta,-0.10291666666666667,0.007637626158259732,300,-0.625,0.0,0.125
B2,easy,eta.0.1.nll_delta,0.4497642053120459,0.09010995055198993,300,-0.20070538222789763,0.2443382814526558,1.716255995631218
B2,easy,eta.0.1.margin_delta,-0.0668092032832404,0.018989040166821722,300,-0.2603616066277027,-0.05588861554861069,0.08947276659309865
B2,easy,eta.0.1.query_nll_delta,0.4497642079888344,0.09010995206201527,2400,-0.24866712698712945,0.020551824010908604,2.2891148015856744
B2,easy,eta.0.1.episode_nll_improves,0.22666666666666668,0.06806859285554047,300,0.0,0.0,1.0
B2,easy,eta.0.1.query_nll_improves_fraction,0.37875,0.07877975628294365,300,0.0,0.375,1.0
B2,easy,inner_loss_before,0.6518024186293284,0.09703807257436187,300,0.48800566643476484,0.6501589417457581,0.814971262216568
B2,hard,alignment.cosine,0.07090794722239177,0.040586771175395255,300,-0.36585049629211425,0.09768449887633324,0.4348756030201912
B2,hard,alignment.dot,1.3289733122972152,1.048237483141963,300,-6.223367691040039,1.2605682611465454,8.373653745651245
B2,hard,alignment.gradient_norm,2.277756793896357,0.28557545784746224,300,1.5071563124656677,2.2210304737091064,3.14316383600235
B2,hard,alignment.task_gradient_norm,7.170072196324666,0.25428505310294214,300,3.151772117614746,6.7636730670928955,12.64030628204346
B2,hard,alignment.predicted_task_nll_delta,-0.06644866561486076,0.05241187415709816,300,-0.4186826872825623,-0.06302841305732727,0.311168384552002
B2,hard,alignment.actual_task_nll_delta,-0.02722464601198832,0.017142999916645064,300,-0.367824250459671,-0.027647793292999268,0.3584458351135254
B2,hard,alignment.episode_nll_improves,0.5733333333333334,0.055075705472861,300,0.0,1.0,1.0
B2,hard,alignment.query_nll_improves_fraction,0.5525,0.03701773223740211,300,0.0,0.5,1.0
B2,hard,alignment.positive_alignment,0.6466666666666667,0.09451631252505215,300,0.0,1.0,1.0
B2,hard,alignment.normal_output_max_error,0.0,0.0,300,0.0,0.0,0.0
B2,hard,eta.0.0.accuracy,0.3975,0.06165681227569263,300,0.0,0.375,1.0
B2,hard,eta.0.0.nll,1.2894909312327703,0.07320527424349985,300,0.6667266249656677,1.2151426076889038,2.086294949054718
B2,hard,eta.0.0.margin,-0.024238291735139986,0.011688997592021766,300,-0.1376826599240303,-0.015690293163061142,0.06969570107758047
B2,hard,eta.0.0.query_nll,1.289490929680566,0.07320527219702726,2400,0.41580080389976504,1.2067852020263672,2.566285097599029
B2,hard,eta.0.0.update_norm,0.0,0.0,300,0.0,0.0,0.0
B2,hard,eta.0.0.accuracy_delta,0.0,0.0,300,0.0,0.0,0.0
B2,hard,eta.0.0.nll_delta,0.0,0.0,300,0.0,0.0,0.0
B2,hard,eta.0.0.margin_delta,0.0,0.0,300,0.0,0.0,0.0
B2,hard,eta.0.0.query_nll_delta,0.0,0.0,2400,0.0,0.0,0.0
B2,hard,eta.0.0.episode_nll_improves,0.0,0.0,300,0.0,0.0,0.0
B2,hard,eta.0.0.query_nll_improves_fraction,0.0,0.0,300,0.0,0.0,0.0
B2,hard,eta.0.01.accuracy,0.4070833333333333,0.06505206248331664,300,0.0,0.375,1.0
B2,hard,eta.0.01.nll,1.277768477201462,0.08214636162764474,300,0.6657518476247788,1.2124928832054138,2.096879518032074
B2,hard,eta.0.01.margin,-0.022355894114201268,0.013171779680720624,300,-0.13377612605690956,-0.014894712716341019,0.07219277173280716
B2,hard,eta.0.01.query_nll,1.277768480560432,0.08214635571893734,2400,0.40561312437057495,1.1932480931282043,2.559791696071623
B2,hard,eta.0.01.update_norm,0.022777567938963572,0.002855754578474624,300,0.015071563124656677,0.022210304737091062,0.0314316383600235
B2,hard,eta.0.01.accuracy_delta,0.009583333333333334,0.005051814855409226,300,-0.125,0.0,0.25
B2,hard,eta.0.01.nll_delta,-0.011722454031308492,0.009015592978111778,300,-0.07944635152816773,-0.01086801290512085,0.06321945786476137
B2,hard,eta.0.01.margin_delta,0.0018823976209387183,0.0014830741282204592,300,-0.009973336989060045,0.0019053034484386444,0.014404708519577984
B2,hard,eta.0.01.query_nll_delta,-0.011722449120134114,0.009015588047959978,2400,-0.10972673296928406,-0.011669546365737915,0.10107414126396158
B2,hard,eta.0.01.episode_nll_improves,0.6433333333333333,0.08962886439832497,300,0.0,1.0,1.0
B2,hard,eta.0.01.query_nll_improves_fraction,0.6008333333333333,0.050005208062094214,300,0.0,0.625,1.0
B2,hard,eta.0.025.accuracy,0.425,0.07056690088136224,300,0.0,0.375,1.0
B2,hard,eta.0.025.nll,1.2663083762923877,0.08998238445185762,300,0.6701838463544846,1.2050678133964539,2.075751960277558
B2,hard,eta.0.025.margin,-0.020587505223229528,0.014180377397650974,300,-0.13241071626544,-0.011760113760828972,0.07214760705828667
B2,hard,eta.0.025.query_nll,1.2663083776210746,0.08998238502442475,2400,0.3977591454982758,1.1597864031791687,2.553397226333618
B2,hard,eta.0.025.update_norm,0.05694391984740894,0.007139386446186557,300,0.037678907811641696,0.05552576184272766,0.07857909590005875
B2,hard,eta.0.025.accuracy_delta,0.0275,0.010231690964840561,300,-0.25,0.0,0.375
B2,hard,eta.0.025.nll_delta,-0.02318255494038264,0.01687905709400106,300,-0.18900261521339418,-0.021975398063659668,0.16476910710334777
B2,hard,eta.0.025.margin_delta,0.0036507865119104585,0.002492402763488819,300,-0.027704390976577994,0.003926105797290802,0.03251906549558044
B2,hard,eta.0.025.query_nll_delta,-0.023182552059491476,0.016879058244184925,2400,-0.2649597883224487,-0.024246543645858765,0.2675351560115812
B2,hard,eta.0.025.episode_nll_improves,0.6233333333333333,0.09073771725877464,300,0.0,1.0,1.0
B2,hard,eta.0.025.query_nll_improves_fraction,0.5791666666666666,0.04330728383694059,300,0.0,0.625,1.0
B2,hard,eta.0.05.accuracy,0.44625,0.0523360535386458,300,0.0,0.4375,1.0
B2,hard,eta.0.05.nll,1.262266285220782,0.09028091053609871,300,0.6600043326616287,1.1831679344177246,2.0094370722770694
B2,hard,eta.0.05.margin,-0.019920372559378546,0.0132426318479592,300,-0.12940720990300178,-0.011589691042900085,0.0690720945596695
B2,hard,eta.0.05.query_nll,1.262266282780717,0.09028091380020223,2400,0.3892394483089447,1.133878231048584,2.554459953308102
B2,hard,eta.0.05.update_norm,0.11388783969481787,0.014278772892373113,300,0.07535781562328339,0.11105152368545532,0.1571581918001175
B2,hard,eta.0.05.accuracy_delta,0.04875,0.009999999999999998,300,-0.375,0.0,0.5
B2,hard,eta.0.05.nll_delta,-0.02722464601198832,0.017142999916645064,300,-0.367824250459671,-0.027647793292999268,0.3584458351135254
B2,hard,eta.0.05.margin_delta,0.004317919175761442,0.0015554504942131135,300,-0.06133814081549644,0.005332928150892258,0.05984075907617809
B2,hard,eta.0.05.query_nll_delta,-0.02722464689984918,0.017143004980301864,2400,-0.5067526817321777,-0.03220665454864502,0.5412660330533976
B2,hard,eta.0.05.episode_nll_improves,0.5733333333333334,0.055075705472861,300,0.0,1.0,1.0
B2,hard,eta.0.05.query_nll_improves_fraction,0.5525,0.03701773223740211,300,0.0,0.5,1.0
B2,hard,eta.0.1.accuracy,0.44,0.03356430395524389,300,0.0,0.5,1.0
B2,hard,eta.0.1.nll,1.2907561127344767,0.06763127427491059,300,0.7113801538944244,1.222714900970459,2.1217498660087584
B2,hard,eta.0.1.margin,-0.024172179464561246,0.008756033974672778,300,-0.14249868020415304,-0.009887740015983582,0.06573759131133557
B2,hard,eta.0.1.query_nll,1.290756108717372,0.06763127456392262,2400,0.41092540174722675,1.1472973227500916,2.6792594432830805
B2,hard,eta.0.1.update_norm,0.22777567938963575,0.028557545784746226,300,0.15071563124656678,0.22210304737091063,0.314316383600235
B2,hard,eta.0.1.accuracy_delta,0.042499999999999996,0.047942022276912764,300,-0.5,0.0,0.625
B2,hard,eta.0.1.nll_delta,0.0012651815017064416,0.005752932938514347,300,-0.6519524872303009,0.006863594055175781,0.6609019577503211
B2,hard,eta.0.1.margin_delta,6.611227057874204e-05,0.003277508957754248,300,-0.106530945841223,0.0009157322347164154,0.10605655896943067
B2,hard,eta.0.1.query_nll_delta,0.001265179036806027,0.005752931379546116,2400,-0.918946135044098,-0.005628526210784912,1.0219855025410625
B2,hard,eta.0.1.episode_nll_improves,0.49,0.010000000000000009,300,0.0,0.0,1.0
B2,hard,eta.0.1.query_nll_improves_fraction,0.505,0.034999999999999996,300,0.0,0.5,1.0
B2,hard,inner_loss_before,0.6553446332613627,0.09435485451023129,300,0.46847421377897264,0.6379055976867676,0.8497691243886948
