feature,scope,descriptive_global_sign,local_sign,raw_auc,global_oriented_auc
query_entropy,overall,-1,-1,0.3617561120068925,0.6382438879931075
query_entropy,regime/easy,-1,-1,0.19509736088010357,0.8049026391198965
query_entropy,seed/7/easy,-1,-1,0.159490647928657,0.840509352071343
query_entropy,branch/original_P/overall,-1,-1,0.36681000709504274,0.6331899929049573
query_entropy,branch/original_P/easy,-1,-1,0.17979886277313553,0.8202011372268645
query_entropy,step/original_P/0/easy,-1,-1,0.17979886277313553,0.8202011372268645
query_entropy,state/seed7_original_P/easy,-1,-1,0.08947115384615385,0.9105288461538461
query_entropy,regime/hard,-1,-1,0.46577482749525145,0.5342251725047485
query_entropy,seed/7/hard,-1,-1,0.4519443814527616,0.5480556185472384
query_entropy,branch/original_P/hard,-1,-1,0.4421397544002044,0.5578602455997956
query_entropy,step/original_P/0/hard,-1,-1,0.4421397544002044,0.5578602455997956
query_entropy,state/seed7_original_P/hard,-1,-1,0.4693670150987224,0.5306329849012776
query_entropy,branch/P_O0_resume/overall,-1,-1,0.3497450753906153,0.6502549246093847
query_entropy,branch/P_O0_resume/easy,-1,-1,0.21743121833485277,0.7825687816651472
query_entropy,step/P_O0_resume/50/easy,-1,-1,0.16960045132298218,0.8303995486770178
query_entropy,state/seed7_P_O0_resume_step50/easy,-1,-1,0.09004530540048264,0.9099546945995174
query_entropy,branch/P_O0_resume/hard,-1,-1,0.46170889279624894,0.5382911072037511
query_entropy,step/P_O0_resume/50/hard,-1,-1,0.4366420716175612,0.5633579283824388
query_entropy,state/seed7_P_O0_resume_step50/hard,-1,-1,0.4511680694871778,0.5488319305128222
query_entropy,step/P_O0_resume/100/easy,-1,-1,0.17288517971470135,0.8271148202852987
query_entropy,state/seed7_P_O0_resume_step100/easy,-1,-1,0.11346227066514368,0.8865377293348563
query_entropy,step/P_O0_resume/100/hard,-1,-1,0.45564074086571216,0.5443592591342878
query_entropy,state/seed7_P_O0_resume_step100/hard,-1,-1,0.44979911756389773,0.5502008824361022
query_entropy,step/P_O0_resume/200/easy,-1,-1,0.24569925316478045,0.7543007468352195
query_entropy,state/seed7_P_O0_resume_step200/easy,-1,-1,0.25330503603484106,0.746694963965159
query_entropy,step/P_O0_resume/200/hard,-1,-1,0.47549119836765996,0.52450880163234
query_entropy,state/seed7_P_O0_resume_step200/hard,-1,-1,0.4605990783410138,0.5394009216589861
query_entropy,step/P_O0_resume/400/easy,-1,-1,0.274265351496511,0.725734648503489
query_entropy,state/seed7_P_O0_resume_step400/easy,-1,-1,0.328434008097166,0.6715659919028341
query_entropy,step/P_O0_resume/400/hard,-1,-1,0.47876383219898805,0.521236167801012
query_entropy,state/seed7_P_O0_resume_step400/hard,-1,-1,0.48329464861379756,0.5167053513862024
query_entropy,branch/P_C2_warm/overall,-1,-1,0.3743052008559603,0.6256947991440397
query_entropy,branch/P_C2_warm/easy,-1,-1,0.1791454861430565,0.8208545138569435
query_entropy,step/P_C2_warm/50/easy,-1,-1,0.16979832138914686,0.8302016786108531
query_entropy,state/seed7_P_C2_warm_step50/easy,-1,-1,0.1021568902329121,0.8978431097670879
query_entropy,branch/P_C2_warm/hard,-1,-1,0.47551377076082957,0.5244862292391704
query_entropy,step/P_C2_warm/50/hard,-1,-1,0.4536265155630555,0.5463734844369446
query_entropy,state/seed7_P_C2_warm_step50/hard,-1,-1,0.4332953559027778,0.5667046440972222
query_entropy,step/P_C2_warm/100/easy,-1,-1,0.14978505342512693,0.8502149465748731
query_entropy,state/seed7_P_C2_warm_step100/easy,-1,-1,0.09571112246636007,0.90428887753364
query_entropy,step/P_C2_warm/100/hard,-1,-1,0.48518275538894096,0.514817244611059
query_entropy,state/seed7_P_C2_warm_step100/hard,-1,-1,0.4428066943037003,0.5571933056962997
query_entropy,step/P_C2_warm/200/easy,-1,-1,0.17699009730874665,0.8230099026912534
query_entropy,state/seed7_P_C2_warm_step200/easy,-1,-1,0.11263015551048006,0.8873698444895199
query_entropy,step/P_C2_warm/200/hard,-1,-1,0.48593720717766115,0.5140627928223389
query_entropy,state/seed7_P_C2_warm_step200/hard,-1,-1,0.43022055757940275,0.5697794424205973
query_entropy,step/P_C2_warm/400/easy,-1,-1,0.21853212751046347,0.7814678724895365
query_entropy,state/seed7_P_C2_warm_step400/easy,-1,-1,0.1922326219571113,0.8077673780428887
query_entropy,step/P_C2_warm/400/hard,-1,-1,0.4779441998336502,0.5220558001663498
query_entropy,state/seed7_P_C2_warm_step400/hard,-1,-1,0.43832666666666664,0.5616733333333334
query_entropy,seed/17/easy,-1,-1,0.11638896392050936,0.8836110360794907
query_entropy,state/seed17_original_P/easy,-1,-1,0.08953721075672295,0.9104627892432771
query_entropy,seed/17/hard,-1,-1,0.47751584725062074,0.5224841527493793
query_entropy,state/seed17_original_P/hard,-1,-1,0.43215931533903884,0.5678406846609612
query_entropy,state/seed17_P_O0_resume_step50/easy,-1,-1,0.09538585736269835,0.9046141426373017
query_entropy,state/seed17_P_O0_resume_step50/hard,-1,-1,0.4430588752255341,0.5569411247744659
query_entropy,state/seed17_P_O0_resume_step100/easy,-1,-1,0.13297564186965108,0.867024358130349
query_entropy,state/seed17_P_O0_resume_step100/hard,-1,-1,0.4791084869278438,0.5208915130721562
query_entropy,state/seed17_P_O0_resume_step200/easy,-1,-1,0.13878543740974386,0.8612145625902561
query_entropy,state/seed17_P_O0_resume_step200/hard,-1,1,0.5038881252460328,0.49611187475396723
query_entropy,state/seed17_P_O0_resume_step400/easy,-1,-1,0.18514685590380445,0.8148531440961956
query_entropy,state/seed17_P_O0_resume_step400/hard,-1,1,0.526232968477464,0.47376703152253596
query_entropy,state/seed17_P_C2_warm_step50/easy,-1,-1,0.05971807247376082,0.9402819275262392
query_entropy,state/seed17_P_C2_warm_step50/hard,-1,-1,0.44365142244622136,0.5563485775537786
query_entropy,state/seed17_P_C2_warm_step100/easy,-1,-1,0.05173285472332465,0.9482671452766753
query_entropy,state/seed17_P_C2_warm_step100/hard,-1,-1,0.47506788855045556,0.5249321114495444
query_entropy,state/seed17_P_C2_warm_step200/easy,-1,-1,0.06149246953757663,0.9385075304624234
query_entropy,state/seed17_P_C2_warm_step200/hard,-1,-1,0.49457716645216643,0.5054228335478336
query_entropy,state/seed17_P_C2_warm_step400/easy,-1,-1,0.08480018130996449,0.9151998186900355
query_entropy,state/seed17_P_C2_warm_step400/hard,-1,-1,0.4923633969716919,0.5076366030283082
query_entropy,seed/27/easy,-1,-1,0.32271827664558583,0.6772817233544142
query_entropy,state/seed27_original_P/easy,-1,-1,0.33698399858439293,0.663016001415607
query_entropy,seed/27/hard,-1,-1,0.4499210295843559,0.5500789704156441
query_entropy,state/seed27_original_P/hard,-1,-1,0.41787607843137253,0.5821239215686275
query_entropy,state/seed27_P_O0_resume_step50/easy,-1,-1,0.3057363533801961,0.6942636466198039
query_entropy,state/seed27_P_O0_resume_step50/hard,-1,-1,0.3908121544539825,0.6091878455460176
query_entropy,state/seed27_P_O0_resume_step100/easy,-1,-1,0.3275266701390898,0.6724733298609102
query_entropy,state/seed27_P_O0_resume_step100/hard,-1,-1,0.42296040226272785,0.5770395977372722
query_entropy,state/seed27_P_O0_resume_step200/easy,-1,-1,0.3951125012872001,0.6048874987127999
query_entropy,state/seed27_P_O0_resume_step200/hard,-1,-1,0.43994849871246783,0.5600515012875322
query_entropy,state/seed27_P_O0_resume_step400/easy,-1,-1,0.33349423334363093,0.6665057666563691
query_entropy,state/seed27_P_O0_resume_step400/hard,-1,-1,0.40845176470588235,0.5915482352941177
query_entropy,state/seed27_P_C2_warm_step50/easy,-1,-1,0.2567694098592975,0.7432305901407025
query_entropy,state/seed27_P_C2_warm_step50/hard,-1,-1,0.45031529411764704,0.549684705882353
query_entropy,state/seed27_P_C2_warm_step100/easy,-1,-1,0.2371700673465942,0.7628299326534058
query_entropy,state/seed27_P_C2_warm_step100/hard,-1,1,0.509968242766408,0.49003175723359205
query_entropy,state/seed27_P_C2_warm_step200/easy,-1,-1,0.31215184650299155,0.6878481534970085
query_entropy,state/seed27_P_C2_warm_step200/hard,-1,1,0.5125826720627196,0.48741732793728043
query_entropy,state/seed27_P_C2_warm_step400/easy,-1,-1,0.3852708955550964,0.6147291044449036
query_entropy,state/seed27_P_C2_warm_step400/hard,-1,-1,0.49026877325069235,0.5097312267493077
query_max_probability,overall,1,1,0.6495975467542239,0.6495975467542239
query_max_probability,regime/easy,1,1,0.8114353565227722,0.8114353565227722
query_max_probability,seed/7/easy,1,1,0.8484225246073953,0.8484225246073953
query_max_probability,branch/original_P/overall,1,1,0.6459677682344801,0.6459677682344801
query_max_probability,branch/original_P/easy,1,1,0.8266252681084946,0.8266252681084946
query_max_probability,step/original_P/0/easy,1,1,0.8266252681084946,0.8266252681084946
query_max_probability,state/seed7_original_P/easy,1,1,0.9165041208791209,0.9165041208791209
query_max_probability,regime/hard,1,1,0.5395666448267474,0.5395666448267474
query_max_probability,seed/7/hard,1,1,0.5601281381720108,0.5601281381720108
query_max_probability,branch/original_P/hard,1,1,0.564190985798958,0.564190985798958
query_max_probability,step/original_P/0/hard,1,1,0.564190985798958,0.564190985798958
query_max_probability,state/seed7_original_P/hard,1,1,0.5449200190053849,0.5449200190053849
query_max_probability,branch/P_O0_resume/overall,1,1,0.6589634934705357,0.6589634934705357
query_max_probability,branch/P_O0_resume/easy,1,1,0.7891856306641093,0.7891856306641093
query_max_probability,step/P_O0_resume/50/easy,1,1,0.8385005738805161,0.8385005738805161
query_max_probability,state/seed7_P_O0_resume_step50/easy,1,1,0.9116380302342861,0.9116380302342861
query_max_probability,branch/P_O0_resume/hard,1,1,0.5404128037084399,0.5404128037084399
query_max_probability,step/P_O0_resume/50/hard,1,1,0.565056538110411,0.565056538110411
query_max_probability,state/seed7_P_O0_resume_step50/hard,1,1,0.5609160866227998,0.5609160866227998
query_max_probability,step/P_O0_resume/100/easy,1,1,0.8307937853028471,0.8307937853028471
query_max_probability,state/seed7_P_O0_resume_step100/easy,1,1,0.8919875579992127,0.8919875579992127
query_max_probability,step/P_O0_resume/100/hard,1,1,0.546789421578263,0.546789421578263
query_max_probability,state/seed7_P_O0_resume_step100/hard,1,1,0.5639831929457716,0.5639831929457716
query_max_probability,step/P_O0_resume/200/easy,1,1,0.7641088296050424,0.7641088296050424
query_max_probability,state/seed7_P_O0_resume_step200/easy,1,1,0.7592645228936514,0.7592645228936514
query_max_probability,step/P_O0_resume/200/hard,1,1,0.5238409232569542,0.5238409232569542
query_max_probability,state/seed7_P_O0_resume_step200/hard,1,1,0.5338183015141541,0.5338183015141541
query_max_probability,step/P_O0_resume/400/easy,1,1,0.7354597875257377,0.7354597875257377
query_max_probability,state/seed7_P_O0_resume_step400/easy,1,1,0.6906493927125507,0.6906493927125507
query_max_probability,step/P_O0_resume/400/hard,1,1,0.5262149502790187,0.5262149502790187
query_max_probability,state/seed7_P_O0_resume_step400/hard,1,1,0.5404900064474533,0.5404900064474533
query_max_probability,branch/P_C2_warm/overall,1,1,0.6397956103303808,0.6397956103303808
query_max_probability,branch/P_C2_warm/easy,1,1,0.8286938827323542,0.8286938827323542
query_max_probability,step/P_C2_warm/50/easy,1,1,0.8377102206024075,0.8377102206024075
query_max_probability,state/seed7_P_C2_warm_step50/easy,1,1,0.903504028731834,0.903504028731834
query_max_probability,branch/P_C2_warm/hard,1,1,0.5326465778230484,0.5326465778230484
query_max_probability,step/P_C2_warm/50/hard,1,1,0.5548524746009547,0.5548524746009547
query_max_probability,state/seed7_P_C2_warm_step50/hard,1,1,0.5717942979600694,0.5717942979600694
query_max_probability,step/P_C2_warm/100/easy,1,1,0.8567210452237398,0.8567210452237398
query_max_probability,state/seed7_P_C2_warm_step100/easy,1,1,0.9080020439448135,0.9080020439448135
query_max_probability,step/P_C2_warm/100/hard,1,1,0.5242469901232788,0.5242469901232788
query_max_probability,state/seed7_P_C2_warm_step100/hard,1,1,0.5705178272218105,0.5705178272218105
query_max_probability,step/P_C2_warm/200/easy,1,1,0.8314176488026708,0.8314176488026708
query_max_probability,state/seed7_P_C2_warm_step200/easy,1,1,0.8931237322515213,0.8931237322515213
query_max_probability,step/P_C2_warm/200/hard,1,1,0.5211066341829086,0.5211066341829086
query_max_probability,state/seed7_P_C2_warm_step200/hard,1,1,0.5779606454743662,0.5779606454743662
query_max_probability,step/P_C2_warm/400/easy,1,1,0.7902930607481202,0.7902930607481202
query_max_probability,state/seed7_P_C2_warm_step400/easy,1,1,0.8215268070523515,0.8215268070523515
query_max_probability,step/P_C2_warm/400/hard,1,1,0.5301673397979956,0.5301673397979956
query_max_probability,state/seed7_P_C2_warm_step400/hard,1,1,0.5869066666666667,0.5869066666666667
query_max_probability,seed/17/easy,1,1,0.8889737217827512,0.8889737217827512
query_max_probability,state/seed17_original_P/easy,1,1,0.9161851156973109,0.9161851156973109
query_max_probability,seed/17/hard,1,1,0.5259930479191561,0.5259930479191561
query_max_probability,state/seed17_original_P/hard,1,1,0.5615865701119157,0.5615865701119157
query_max_probability,state/seed17_P_O0_resume_step50/easy,1,1,0.9108769141502056,0.9108769141502056
query_max_probability,state/seed17_P_O0_resume_step50/hard,1,1,0.5460555662820658,0.5460555662820658
query_max_probability,state/seed17_P_O0_resume_step100/easy,1,1,0.8750493745885451,0.8750493745885451
query_max_probability,state/seed17_P_O0_resume_step100/hard,1,1,0.5275406260804809,0.5275406260804809
query_max_probability,state/seed17_P_O0_resume_step200/easy,1,1,0.8739010919409187,0.8739010919409187
query_max_probability,state/seed17_P_O0_resume_step200/hard,1,1,0.5127549868029608,0.5127549868029608
query_max_probability,state/seed17_P_O0_resume_step400/easy,1,1,0.8364168849089014,0.8364168849089014
query_max_probability,state/seed17_P_O0_resume_step400/hard,1,-1,0.48810637275967544,0.48810637275967544
query_max_probability,state/seed17_P_C2_warm_step50/easy,1,1,0.9410161137924871,0.9410161137924871
query_max_probability,state/seed17_P_C2_warm_step50/hard,1,1,0.5499970039747268,0.5499970039747268
query_max_probability,state/seed17_P_C2_warm_step100/easy,1,1,0.9494836826006724,0.9494836826006724
query_max_probability,state/seed17_P_C2_warm_step100/hard,1,1,0.5256985418001863,0.5256985418001863
query_max_probability,state/seed17_P_C2_warm_step200/easy,1,1,0.9388733318196726,0.9388733318196726
query_max_probability,state/seed17_P_C2_warm_step200/hard,1,1,0.5153501716001716,0.5153501716001716
query_max_probability,state/seed17_P_C2_warm_step400/easy,1,1,0.9146458160207499,0.9146458160207499
query_max_probability,state/seed17_P_C2_warm_step400/hard,1,1,0.5067939433838051,0.5067939433838051
query_max_probability,seed/27/easy,1,1,0.676752259988004,0.676752259988004
query_max_probability,state/seed27_original_P/easy,1,1,0.6568922369119543,0.6568922369119543
query_max_probability,seed/27/hard,1,1,0.5501272120170294,0.5501272120170294
query_max_probability,state/seed27_original_P/hard,1,1,0.6032125490196079,0.6032125490196079
query_max_probability,state/seed27_P_O0_resume_step50/easy,1,1,0.6958324154366852,0.6958324154366852
query_max_probability,state/seed27_P_O0_resume_step50/hard,1,1,0.6119490830312252,0.6119490830312252
query_max_probability,state/seed27_P_O0_resume_step100/easy,1,1,0.6733800181337655,0.6733800181337655
query_max_probability,state/seed27_P_O0_resume_step100/hard,1,1,0.5598868636077938,0.5598868636077938
query_max_probability,state/seed27_P_O0_resume_step200/easy,1,1,0.6047587787045619,0.6047587787045619
query_max_probability,state/seed27_P_O0_resume_step200/hard,1,1,0.5412385309632741,0.5412385309632741
query_max_probability,state/seed27_P_O0_resume_step400/easy,1,1,0.665366594583462,0.665366594583462
query_max_probability,state/seed27_P_O0_resume_step400/hard,1,1,0.5683639215686275,0.5683639215686275
query_max_probability,state/seed27_P_C2_warm_step50/easy,1,1,0.739168944225124,0.739168944225124
query_max_probability,state/seed27_P_C2_warm_step50/hard,1,1,0.5806054901960784,0.5806054901960784
query_max_probability,state/seed27_P_C2_warm_step100/easy,1,1,0.7632426415873036,0.7632426415873036
query_max_probability,state/seed27_P_C2_warm_step100/hard,1,1,0.5022368686359512,0.5022368686359512
query_max_probability,state/seed27_P_C2_warm_step200/easy,1,1,0.6886921619746047,0.6886921619746047
query_max_probability,state/seed27_P_C2_warm_step200/hard,1,-1,0.4901810049619121,0.4901810049619121
query_max_probability,state/seed27_P_C2_warm_step400/easy,1,1,0.6163257383649217,0.6163257383649217
query_max_probability,state/seed27_P_C2_warm_step400/hard,1,1,0.5020438428047227,0.5020438428047227
query_probability_gap,overall,1,1,0.6605104441132712,0.6605104441132712
query_probability_gap,regime/easy,1,1,0.8148581747772495,0.8148581747772495
query_probability_gap,seed/7/easy,1,1,0.8509753573013016,0.8509753573013016
query_probability_gap,branch/original_P/overall,1,1,0.6562863400596689,0.6562863400596689
query_probability_gap,branch/original_P/easy,1,1,0.8296763986326466,0.8296763986326466
query_probability_gap,step/original_P/0/easy,1,1,0.8296763986326466,0.8296763986326466
query_probability_gap,state/seed7_original_P/easy,1,1,0.916875,0.916875
query_probability_gap,regime/hard,1,1,0.5460300806222512,0.5460300806222512
query_probability_gap,seed/7/hard,1,1,0.5757043042789514,0.5757043042789514
query_probability_gap,branch/original_P/hard,1,1,0.5617288324597699,0.5617288324597699
query_probability_gap,step/original_P/0/hard,1,1,0.5617288324597699,0.5617288324597699
query_probability_gap,state/seed7_original_P/hard,1,1,0.557035951853025,0.557035951853025
query_probability_gap,branch/P_O0_resume/overall,1,1,0.6671756831674672,0.6671756831674672
query_probability_gap,branch/P_O0_resume/easy,1,1,0.7920331033476012,0.7920331033476012
query_probability_gap,step/P_O0_resume/50/easy,1,1,0.8427720235332697,0.8427720235332697
query_probability_gap,state/seed7_P_O0_resume_step50/easy,1,1,0.911302678213297,0.911302678213297
query_probability_gap,branch/P_O0_resume/hard,1,1,0.5456485107630008,0.5456485107630008
query_probability_gap,step/P_O0_resume/50/hard,1,1,0.5610423572928336,0.5610423572928336
query_probability_gap,state/seed7_P_O0_resume_step50/hard,1,1,0.5751323549671655,0.5751323549671655
query_probability_gap,step/P_O0_resume/100/easy,1,1,0.8317162314219422,0.8317162314219422
query_probability_gap,state/seed7_P_O0_resume_step100/easy,1,1,0.8943397931065636,0.8943397931065636
query_probability_gap,step/P_O0_resume/100/hard,1,1,0.5500128866812022,0.5500128866812022
query_probability_gap,state/seed7_P_O0_resume_step100/hard,1,1,0.5869778207379059,0.5869778207379059
query_probability_gap,step/P_O0_resume/200/easy,1,1,0.7689945090838468,0.7689945090838468
query_probability_gap,state/seed7_P_O0_resume_step200/easy,1,1,0.7661809384849576,0.7661809384849576
query_probability_gap,step/P_O0_resume/200/hard,1,1,0.5314274273027831,0.5314274273027831
query_probability_gap,state/seed7_P_O0_resume_step200/hard,1,1,0.5459907834101383,0.5459907834101383
query_probability_gap,step/P_O0_resume/400/easy,1,1,0.7387430672258121,0.7387430672258121
query_probability_gap,state/seed7_P_O0_resume_step400/easy,1,1,0.6978072874493927,0.6978072874493927
query_probability_gap,step/P_O0_resume/400/hard,1,1,0.538963053859647,0.538963053859647
query_probability_gap,state/seed7_P_O0_resume_step400/hard,1,1,0.5750870406189555,0.5750870406189555
query_probability_gap,branch/P_C2_warm/overall,1,1,0.6538741395674385,0.6538741395674385
query_probability_gap,branch/P_C2_warm/easy,1,1,0.8336604492260886,0.8336604492260886
query_probability_gap,step/P_C2_warm/50/easy,1,1,0.8424222459743127,0.8424222459743127
query_probability_gap,state/seed7_P_C2_warm_step50/easy,1,1,0.9023491478581299,0.9023491478581299
query_probability_gap,branch/P_C2_warm/hard,1,1,0.5424447500212206,0.5424447500212206
query_probability_gap,step/P_C2_warm/50/hard,1,1,0.5561885250638589,0.5561885250638589
query_probability_gap,state/seed7_P_C2_warm_step50/hard,1,1,0.5749579535590278,0.5749579535590278
query_probability_gap,step/P_C2_warm/100/easy,1,1,0.8608794401760353,0.8608794401760353
query_probability_gap,state/seed7_P_C2_warm_step100/easy,1,1,0.9066666666666666,0.9066666666666666
query_probability_gap,step/P_C2_warm/100/hard,1,1,0.5368509840674789,0.5368509840674789
query_probability_gap,state/seed7_P_C2_warm_step100/hard,1,1,0.5814658308800459,0.5814658308800459
query_probability_gap,step/P_C2_warm/200/easy,1,1,0.837026333708654,0.837026333708654
query_probability_gap,state/seed7_P_C2_warm_step200/easy,1,1,0.8937457741717376,0.8937457741717376
query_probability_gap,step/P_C2_warm/200/hard,1,1,0.532657011338081,0.532657011338081
query_probability_gap,state/seed7_P_C2_warm_step200/hard,1,1,0.583831700965751,0.583831700965751
query_probability_gap,step/P_C2_warm/400/easy,1,1,0.795006854650692,0.795006854650692
query_probability_gap,state/seed7_P_C2_warm_step400/easy,1,1,0.8252243315146323,0.8252243315146323
query_probability_gap,step/P_C2_warm/400/hard,1,1,0.543667543218789,0.543667543218789
query_probability_gap,state/seed7_P_C2_warm_step400/hard,1,1,0.6125866666666666,0.6125866666666666
query_probability_gap,seed/17/easy,1,1,0.8913142967393402,0.8913142967393402
query_probability_gap,state/seed17_original_P/easy,1,1,0.919068167604753,0.919068167604753
query_probability_gap,seed/17/hard,1,1,0.5243122703206008,0.5243122703206008
query_probability_gap,state/seed17_original_P/hard,1,1,0.5396181698485846,0.5396181698485846
query_probability_gap,state/seed17_P_O0_resume_step50/easy,1,1,0.9135447412901435,0.9135447412901435
query_probability_gap,state/seed17_P_O0_resume_step50/hard,1,1,0.521201872182904,0.521201872182904
query_probability_gap,state/seed17_P_O0_resume_step100/easy,1,1,0.8774391046741277,0.8774391046741277
query_probability_gap,state/seed17_P_O0_resume_step100/hard,1,1,0.5264302242080906,0.5264302242080906
query_probability_gap,state/seed17_P_O0_resume_step200/easy,1,1,0.8790631096247878,0.8790631096247878
query_probability_gap,state/seed17_P_O0_resume_step200/hard,1,1,0.5237191773307778,0.5237191773307778
query_probability_gap,state/seed17_P_O0_resume_step400/easy,1,1,0.8434287967108783,0.8434287967108783
query_probability_gap,state/seed17_P_O0_resume_step400/hard,1,1,0.500758360929245,0.500758360929245
query_probability_gap,state/seed17_P_C2_warm_step50/easy,1,1,0.9407415919711943,0.9407415919711943
query_probability_gap,state/seed17_P_C2_warm_step50/hard,1,1,0.5362951817255774,0.5362951817255774
query_probability_gap,state/seed17_P_C2_warm_step100/easy,1,1,0.9497396294142926,0.9497396294142926
query_probability_gap,state/seed17_P_C2_warm_step100/hard,1,1,0.5305019458080885,0.5305019458080885
query_probability_gap,state/seed17_P_C2_warm_step200/easy,1,1,0.9388165695400994,0.9388165695400994
query_probability_gap,state/seed17_P_C2_warm_step200/hard,1,1,0.5239301801801802,0.5239301801801802
query_probability_gap,state/seed17_P_C2_warm_step400/easy,1,1,0.913877766865604,0.913877766865604
query_probability_gap,state/seed17_P_C2_warm_step400/hard,1,1,0.5125016458196182,0.5125016458196182
query_probability_gap,seed/27/easy,1,1,0.6778068884942335,0.6778068884942335
query_probability_gap,state/seed27_original_P/easy,1,1,0.6534416946838899,0.6534416946838899
query_probability_gap,seed/27/hard,1,1,0.5508257845309815,0.5508257845309815
query_probability_gap,state/seed27_original_P/hard,1,1,0.6033129411764706,0.6033129411764706
query_probability_gap,state/seed27_P_O0_resume_step50/easy,1,1,0.6968003791747609,0.6968003791747609
query_probability_gap,state/seed27_P_O0_resume_step50/hard,1,1,0.6083488300743217,0.6083488300743217
query_probability_gap,state/seed27_P_O0_resume_step100/easy,1,1,0.6746403791371671,0.6746403791371671
query_probability_gap,state/seed27_P_O0_resume_step100/hard,1,1,0.5437523570081709,0.5437523570081709
query_probability_gap,state/seed27_P_O0_resume_step200/easy,1,1,0.6054216867469879,0.6054216867469879
query_probability_gap,state/seed27_P_O0_resume_step200/hard,1,1,0.5342133553338834,0.5342133553338834
query_probability_gap,state/seed27_P_O0_resume_step400/easy,1,1,0.6657334466069406,0.6657334466069406
query_probability_gap,state/seed27_P_O0_resume_step400/hard,1,1,0.5539011764705882,0.5539011764705882
query_probability_gap,state/seed27_P_C2_warm_step50/easy,1,1,0.7369799574855754,0.7369799574855754
query_probability_gap,state/seed27_P_C2_warm_step50/hard,1,1,0.5939388235294117,0.5939388235294117
query_probability_gap,state/seed27_P_C2_warm_step100/easy,1,1,0.7640993252834247,0.7640993252834247
query_probability_gap,state/seed27_P_C2_warm_step100/hard,1,1,0.5182856134690997,0.5182856134690997
query_probability_gap,state/seed27_P_C2_warm_step200/easy,1,1,0.6917743558964933,0.6917743558964933
query_probability_gap,state/seed27_P_C2_warm_step200/hard,1,1,0.5054352314817756,0.5054352314817756
query_probability_gap,state/seed27_P_C2_warm_step400/easy,1,1,0.6198508556079418,0.6198508556079418
query_probability_gap,state/seed27_P_C2_warm_step400/hard,1,1,0.5072849528807093,0.5072849528807093
query_js,overall,-1,-1,0.43900968963356113,0.5609903103664389
query_js,regime/easy,-1,-1,0.4038157636428289,0.5961842363571711
query_js,seed/7/easy,-1,-1,0.25670315261040527,0.7432968473895947
query_js,branch/original_P/overall,-1,-1,0.4143640682358022,0.5856359317641978
query_js,branch/original_P/easy,-1,-1,0.3873336889494616,0.6126663110505384
query_js,step/original_P/0/easy,-1,-1,0.3873336889494616,0.6126663110505384
query_js,state/seed7_original_P/easy,-1,-1,0.1741414835164835,0.8258585164835165
query_js,regime/hard,-1,-1,0.4447978699726026,0.5552021300273974
query_js,seed/7/hard,-1,-1,0.44025525211562067,0.5597447478843793
query_js,branch/original_P/hard,-1,-1,0.4455302254373364,0.5544697745626637
query_js,step/original_P/0/hard,-1,-1,0.4455302254373364,0.5544697745626637
query_js,state/seed7_original_P/hard,-1,-1,0.43424004856931686,0.5657599514306831
query_js,branch/P_O0_resume/overall,-1,-1,0.465896898702063,0.5341031012979369
query_js,branch/P_O0_resume/easy,-1,-1,0.45813410477158983,0.5418658952284101
query_js,step/P_O0_resume/50/easy,-1,-1,0.36973329146182515,0.6302667085381748
query_js,state/seed7_P_O0_resume_step50/easy,-1,-1,0.15340711077795094,0.8465928892220491
query_js,branch/P_O0_resume/hard,-1,-1,0.4587312624325092,0.5412687375674907
query_js,step/P_O0_resume/50/hard,-1,-1,0.44507149388293177,0.5549285061170682
query_js,state/seed7_P_O0_resume_step50/hard,-1,-1,0.43773904258320157,0.5622609574167985
query_js,step/P_O0_resume/100/easy,-1,-1,0.42491923797504405,0.575080762024956
query_js,state/seed7_P_O0_resume_step100/easy,-1,-1,0.23770158558070198,0.762298414419298
query_js,step/P_O0_resume/100/hard,-1,-1,0.48342930740011386,0.5165706925998861
query_js,state/seed7_P_O0_resume_step100/hard,-1,-1,0.47806074474450777,0.5219392552554922
query_js,step/P_O0_resume/200/easy,-1,1,0.5000116527481064,0.49998834725189356
query_js,state/seed7_P_O0_resume_step200/easy,-1,-1,0.4209286314340035,0.5790713685659965
query_js,step/P_O0_resume/200/hard,-1,-1,0.45998637358314626,0.5400136264168538
query_js,state/seed7_P_O0_resume_step200/hard,-1,-1,0.4854707044107966,0.5145292955892034
query_js,step/P_O0_resume/400/easy,-1,1,0.5337178007894249,0.4662821992105751
query_js,state/seed7_P_O0_resume_step400/easy,-1,1,0.5669959514170041,0.4330040485829959
query_js,step/P_O0_resume/400/hard,-1,-1,0.4628121677616095,0.5371878322383905
query_js,state/seed7_P_O0_resume_step400/hard,-1,-1,0.4549323017408124,0.5450676982591875
query_js,branch/P_C2_warm/overall,-1,-1,0.4145261813237559,0.585473818676244
query_js,branch/P_C2_warm/easy,-1,-1,0.3632793543094845,0.6367206456905155
query_js,step/P_C2_warm/50/easy,-1,-1,0.35009724728846525,0.6499027527115347
query_js,state/seed7_P_C2_warm_step50/easy,-1,-1,0.15505443961575177,0.8449455603842482
query_js,branch/P_C2_warm/hard,-1,-1,0.4092769034886682,0.5907230965113318
query_js,step/P_C2_warm/50/hard,-1,-1,0.41775794912100234,0.5822420508789976
query_js,state/seed7_P_C2_warm_step50/hard,-1,-1,0.4058905707465278,0.5941094292534722
query_js,step/P_C2_warm/100/easy,-1,-1,0.37735655360495707,0.622643446395043
query_js,state/seed7_P_C2_warm_step100/easy,-1,-1,0.17061488673139158,0.8293851132686084
query_js,step/P_C2_warm/100/hard,-1,-1,0.3964587989330257,0.6035412010669743
query_js,state/seed7_P_C2_warm_step100/hard,-1,-1,0.3575524536211857,0.6424475463788143
query_js,step/P_C2_warm/200/easy,-1,-1,0.36269706975260524,0.6373029302473947
query_js,state/seed7_P_C2_warm_step200/easy,-1,-1,0.1347870182555781,0.8652129817444218
query_js,step/P_C2_warm/200/hard,-1,-1,0.3951410525206147,0.6048589474793853
query_js,state/seed7_P_C2_warm_step200/hard,-1,-1,0.35857864412108453,0.6414213558789155
query_js,step/P_C2_warm/400/easy,-1,-1,0.36787974904439746,0.6321202509556025
query_js,state/seed7_P_C2_warm_step400/easy,-1,-1,0.1952730950341087,0.8047269049658913
query_js,step/P_C2_warm/400/hard,-1,-1,0.391299949198999,0.608700050801001
query_js,state/seed7_P_C2_warm_step400/hard,-1,-1,0.34367333333333333,0.6563266666666667
query_js,seed/17/easy,-1,-1,0.31260351147983795,0.687396488520162
query_js,state/seed17_original_P/easy,-1,-1,0.2887742338961851,0.7112257661038148
query_js,seed/17/hard,-1,-1,0.4566866663360936,0.5433133336639064
query_js,state/seed17_original_P/hard,-1,-1,0.4881632653061225,0.5118367346938775
query_js,state/seed17_P_O0_resume_step50/easy,-1,-1,0.3415638638714397,0.6584361361285602
query_js,state/seed17_P_O0_resume_step50/hard,-1,-1,0.4768939873101685,0.5231060126898315
query_js,state/seed17_P_O0_resume_step100/easy,-1,-1,0.42316655694535876,0.5768334430546412
query_js,state/seed17_P_O0_resume_step100/hard,-1,-1,0.49009947073060456,0.5099005292693954
query_js,state/seed17_P_O0_resume_step200/easy,-1,-1,0.3406804996073066,0.6593195003926934
query_js,state/seed17_P_O0_resume_step200/hard,-1,-1,0.4918655902529056,0.5081344097470943
query_js,state/seed17_P_O0_resume_step400/easy,-1,-1,0.4255089972121315,0.5744910027878685
query_js,state/seed17_P_O0_resume_step400/hard,-1,-1,0.4447218079324553,0.5552781920675447
query_js,state/seed17_P_C2_warm_step50/easy,-1,-1,0.272114967185066,0.727885032814934
query_js,state/seed17_P_C2_warm_step50/hard,-1,-1,0.45521608000053265,0.5447839199994673
query_js,state/seed17_P_C2_warm_step100/easy,-1,-1,0.28324148739856925,0.7167585126014308
query_js,state/seed17_P_C2_warm_step100/hard,-1,-1,0.4407833446756216,0.5592166553243785
query_js,state/seed17_P_C2_warm_step200/easy,-1,-1,0.27468528469436665,0.7253147153056334
query_js,state/seed17_P_C2_warm_step200/hard,-1,-1,0.43708440583440583,0.5629155941655941
query_js,state/seed17_P_C2_warm_step400/easy,-1,-1,0.23289516758580747,0.7671048324141925
query_js,state/seed17_P_C2_warm_step400/hard,-1,-1,0.42257406188281765,0.5774259381171823
query_js,seed/27/easy,-1,1,0.6447654047464144,0.3552345952535856
query_js,state/seed27_original_P/easy,-1,1,0.676603301397912,0.323396698602088
query_js,seed/27/hard,-1,-1,0.444330432942778,0.555669567057222
query_js,state/seed27_original_P/hard,-1,-1,0.4210509803921569,0.5789490196078431
query_js,state/seed27_P_O0_resume_step50/easy,-1,1,0.6027743843416845,0.3972256156583155
query_js,state/seed27_P_O0_resume_step50/hard,-1,-1,0.4196267007281903,0.5803732992718097
query_js,state/seed27_P_O0_resume_step100/easy,-1,1,0.5770009838532323,0.4229990161467677
query_js,state/seed27_P_O0_resume_step100/hard,-1,-1,0.46617221873035825,0.5338277812696417
query_js,state/seed27_P_O0_resume_step200/easy,-1,1,0.7160307898259706,0.28396921017402943
query_js,state/seed27_P_O0_resume_step200/hard,-1,-1,0.3950411260281507,0.6049588739718492
query_js,state/seed27_P_O0_resume_step400/easy,-1,1,0.6047459067037381,0.39525409329626193
query_js,state/seed27_P_O0_resume_step400/hard,-1,-1,0.4790086274509804,0.5209913725490196
query_js,state/seed27_P_C2_warm_step50/easy,-1,1,0.5995672638931066,0.40043273610689345
query_js,state/seed27_P_C2_warm_step50/hard,-1,-1,0.4003701960784314,0.5996298039215686
query_js,state/seed27_P_C2_warm_step100/easy,-1,1,0.6866788811835992,0.3133211188164008
query_js,state/seed27_P_C2_warm_step100/hard,-1,-1,0.39812481096884766,0.6018751890311523
query_js,state/seed27_P_C2_warm_step200/easy,-1,1,0.7061225000156298,0.2938774999843702
query_js,state/seed27_P_C2_warm_step200/hard,-1,-1,0.39774712672888646,0.6022528732711135
query_js,state/seed27_P_C2_warm_step400/easy,-1,1,0.7209396973282992,0.2790603026717008
query_js,state/seed27_P_C2_warm_step400/hard,-1,-1,0.4179642691915255,0.5820357308084745
representation_displacement,overall,-1,-1,0.4559645225771028,0.5440354774228973
representation_displacement,regime/easy,-1,-1,0.44225937480622346,0.5577406251937765
representation_displacement,seed/7/easy,-1,-1,0.3625971228032945,0.6374028771967055
representation_displacement,branch/original_P/overall,-1,-1,0.44318527756600373,0.5568147224339963
representation_displacement,branch/original_P/easy,-1,-1,0.4681313955047142,0.5318686044952858
representation_displacement,step/original_P/0/easy,-1,-1,0.4681313955047142,0.5318686044952858
representation_displacement,state/seed7_original_P/easy,-1,-1,0.3343269230769231,0.665673076923077
representation_displacement,regime/hard,-1,-1,0.4469356852070275,0.5530643147929726
representation_displacement,seed/7/hard,-1,-1,0.4389115658946995,0.5610884341053005
representation_displacement,branch/original_P/hard,-1,-1,0.43517987676349945,0.5648201232365005
representation_displacement,step/original_P/0/hard,-1,-1,0.43517987676349945,0.5648201232365005
representation_displacement,state/seed7_original_P/hard,-1,-1,0.4180590750712702,0.5819409249287297
representation_displacement,branch/P_O0_resume/overall,-1,-1,0.4625951013861812,0.5374048986138188
representation_displacement,branch/P_O0_resume/easy,-1,-1,0.45568147046294016,0.5443185295370598
representation_displacement,step/P_O0_resume/50/easy,-1,-1,0.4401378702779916,0.5598621297220083
representation_displacement,state/seed7_P_O0_resume_step50/easy,-1,-1,0.33299798131234426,0.6670020186876557
representation_displacement,branch/P_O0_resume/hard,-1,-1,0.4575636278061949,0.542436372193805
representation_displacement,step/P_O0_resume/50/hard,-1,-1,0.4302923024240219,0.5697076975759781
representation_displacement,state/seed7_P_O0_resume_step50/hard,-1,-1,0.42700631761255914,0.5729936823874409
representation_displacement,step/P_O0_resume/100/easy,-1,-1,0.4468527241303249,0.5531472758696752
representation_displacement,state/seed7_P_O0_resume_step100/easy,-1,-1,0.39705986744880906,0.6029401325511909
representation_displacement,step/P_O0_resume/100/hard,-1,-1,0.4729634556694577,0.5270365443305423
representation_displacement,state/seed7_P_O0_resume_step100/hard,-1,-1,0.45957035488134457,0.5404296451186554
representation_displacement,step/P_O0_resume/200/easy,-1,-1,0.45892265047052383,0.5410773495294762
representation_displacement,state/seed7_P_O0_resume_step200/easy,-1,-1,0.40434818309868054,0.5956518169013194
representation_displacement,step/P_O0_resume/200/hard,-1,-1,0.4673733631142942,0.5326266368857058
representation_displacement,state/seed7_P_O0_resume_step200/hard,-1,-1,0.4793285055957867,0.5206714944042132
representation_displacement,step/P_O0_resume/400/easy,-1,-1,0.4309532000607363,0.5690467999392637
representation_displacement,state/seed7_P_O0_resume_step400/easy,-1,-1,0.4290655870445344,0.5709344129554657
representation_displacement,step/P_O0_resume/400/hard,-1,-1,0.47243340456266436,0.5275665954373356
representation_displacement,state/seed7_P_O0_resume_step400/hard,-1,-1,0.45551257253384914,0.5444874274661509
representation_displacement,branch/P_C2_warm/overall,-1,-1,0.4377714956032306,0.5622285043967694
representation_displacement,branch/P_C2_warm/easy,-1,-1,0.4211024910262236,0.5788975089737765
representation_displacement,step/P_C2_warm/50/easy,-1,-1,0.4301638310175045,0.5698361689824956
representation_displacement,state/seed7_P_C2_warm_step50/easy,-1,-1,0.27934098358467013,0.7206590164153299
representation_displacement,branch/P_C2_warm/hard,-1,-1,0.41095137368078544,0.5890486263192145
representation_displacement,step/P_C2_warm/50/hard,-1,-1,0.4116588552803431,0.5883411447196569
representation_displacement,state/seed7_P_C2_warm_step50/hard,-1,-1,0.3869154188368056,0.6130845811631944
representation_displacement,step/P_C2_warm/100/easy,-1,-1,0.4558283372650526,0.5441716627349473
representation_displacement,state/seed7_P_C2_warm_step100/easy,-1,-1,0.28920456481008344,0.7107954351899166
representation_displacement,step/P_C2_warm/100/hard,-1,-1,0.3897166750774998,0.6102833249225001
representation_displacement,state/seed7_P_C2_warm_step100/hard,-1,-1,0.34309307805793093,0.6569069219420691
representation_displacement,step/P_C2_warm/200/easy,-1,-1,0.4207830470545074,0.5792169529454926
representation_displacement,state/seed7_P_C2_warm_step200/easy,-1,-1,0.2524543610547667,0.7475456389452333
representation_displacement,step/P_C2_warm/200/hard,-1,-1,0.39181605486319343,0.6081839451368065
representation_displacement,state/seed7_P_C2_warm_step200/hard,-1,-1,0.3433713117947386,0.6566286882052614
representation_displacement,step/P_C2_warm/400/easy,-1,-1,0.3805043124268814,0.6194956875731186
representation_displacement,state/seed7_P_C2_warm_step400/easy,-1,-1,0.234277468934997,0.765722531065003
representation_displacement,step/P_C2_warm/400/hard,-1,-1,0.39725804668344616,0.6027419533165539
representation_displacement,state/seed7_P_C2_warm_step400/hard,-1,-1,0.3344066666666667,0.6655933333333333
representation_displacement,seed/17/easy,-1,-1,0.4481912405942504,0.5518087594057496
representation_displacement,state/seed17_original_P/easy,-1,-1,0.46297686053783615,0.5370231394621638
representation_displacement,seed/17/hard,-1,-1,0.4546414076448582,0.5453585923551418
representation_displacement,state/seed17_original_P/hard,-1,-1,0.47481237656352865,0.5251876234364714
representation_displacement,state/seed17_P_O0_resume_step50/easy,-1,-1,0.4701241201846666,0.5298758798153334
representation_displacement,state/seed17_P_O0_resume_step50/hard,-1,-1,0.46510296340188684,0.5348970365981132
representation_displacement,state/seed17_P_O0_resume_step100/easy,-1,-1,0.4566491112574062,0.5433508887425937
representation_displacement,state/seed17_P_O0_resume_step100/hard,-1,-1,0.47534508896513206,0.5246549110348679
representation_displacement,state/seed17_P_O0_resume_step200/easy,-1,-1,0.47685009247295485,0.5231499075270452
representation_displacement,state/seed17_P_O0_resume_step200/hard,-1,-1,0.48815493130440957,0.5118450686955904
representation_displacement,state/seed17_P_O0_resume_step400/easy,-1,-1,0.49638140294556615,0.5036185970544338
representation_displacement,state/seed17_P_O0_resume_step400/hard,-1,-1,0.45970575595945296,0.540294244040547
representation_displacement,state/seed17_P_C2_warm_step50/easy,-1,-1,0.4780957123522051,0.5219042876477948
representation_displacement,state/seed17_P_C2_warm_step50/hard,-1,-1,0.4466740790551202,0.5533259209448798
representation_displacement,state/seed17_P_C2_warm_step100/easy,-1,-1,0.49043833261710357,0.5095616673828964
representation_displacement,state/seed17_P_C2_warm_step100/hard,-1,-1,0.42732456343202224,0.5726754365679778
representation_displacement,state/seed17_P_C2_warm_step200/easy,-1,-1,0.45790761623653475,0.5420923837634652
representation_displacement,state/seed17_P_C2_warm_step200/hard,-1,-1,0.4270766302016302,0.5729233697983698
representation_displacement,state/seed17_P_C2_warm_step400/easy,-1,-1,0.40111052353252247,0.5988894764674775
representation_displacement,state/seed17_P_C2_warm_step400/hard,-1,-1,0.428275181040158,0.5717248189598421
representation_displacement,seed/27/easy,-1,-1,0.47970701724565734,0.5202929827543427
representation_displacement,state/seed27_original_P/easy,-1,1,0.5280403953588311,0.47195960464116893
representation_displacement,seed/27/hard,-1,-1,0.4518306834578463,0.5481693165421537
representation_displacement,state/seed27_original_P/hard,-1,-1,0.4164392156862745,0.5835607843137255
representation_displacement,state/seed27_P_O0_resume_step50/easy,-1,-1,0.4319454736012924,0.5680545263987076
representation_displacement,state/seed27_P_O0_resume_step50/hard,-1,-1,0.3967290919222846,0.6032709080777154
representation_displacement,state/seed27_P_O0_resume_step100/easy,-1,-1,0.4256612072457897,0.5743387927542103
representation_displacement,state/seed27_P_O0_resume_step100/hard,-1,-1,0.4536957888120679,0.5463042111879322
representation_displacement,state/seed27_P_O0_resume_step200/easy,-1,-1,0.4827386468952734,0.5172613531047265
representation_displacement,state/seed27_P_O0_resume_step200/hard,-1,-1,0.39964749118727966,0.6003525088127204
representation_displacement,state/seed27_P_O0_resume_step400/easy,-1,-1,0.39509962928637626,0.6049003707136238
representation_displacement,state/seed27_P_O0_resume_step400/hard,-1,-1,0.4913945098039216,0.5086054901960784
representation_displacement,state/seed27_P_C2_warm_step50/easy,-1,-1,0.4765284947869218,0.5234715052130783
representation_displacement,state/seed27_P_C2_warm_step50/hard,-1,-1,0.3962729411764706,0.6037270588235294
representation_displacement,state/seed27_P_C2_warm_step100/easy,-1,1,0.5108648753431425,0.4891351246568575
representation_displacement,state/seed27_P_C2_warm_step100/hard,-1,-1,0.39530194576066136,0.6046980542393386
representation_displacement,state/seed27_P_C2_warm_step200/easy,-1,1,0.521422185544323,0.47857781445567704
representation_displacement,state/seed27_P_C2_warm_step200/hard,-1,-1,0.40335707342486293,0.5966429265751371
representation_displacement,state/seed27_P_C2_warm_step400/easy,-1,1,0.5196824263826537,0.4803175736173463
representation_displacement,state/seed27_P_C2_warm_step400/hard,-1,-1,0.42941612639504156,0.5705838736049584
prediction_changed,overall,-1,-1,0.4254323691897826,0.5745676308102174
prediction_changed,regime/easy,-1,-1,0.41756252020077583,0.5824374797992242
prediction_changed,seed/7/easy,-1,-1,0.3727227055361609,0.6272772944638392
prediction_changed,branch/original_P/overall,-1,-1,0.4249626518713726,0.5750373481286274
prediction_changed,branch/original_P/easy,-1,-1,0.4159842933106931,0.5840157066893069
prediction_changed,step/original_P/0/easy,-1,-1,0.4159842933106931,0.5840157066893069
prediction_changed,state/seed7_original_P/easy,-1,-1,0.35260989010989013,0.6473901098901098
prediction_changed,regime/hard,-1,-1,0.44672092246212863,0.5532790775378713
prediction_changed,seed/7/hard,-1,-1,0.43167987528628493,0.5683201247137151
prediction_changed,branch/original_P/hard,-1,-1,0.4533761919792492,0.5466238080207508
prediction_changed,step/original_P/0/hard,-1,-1,0.4533761919792492,0.5466238080207508
prediction_changed,state/seed7_original_P/hard,-1,-1,0.45120631401119204,0.548793685988808
prediction_changed,branch/P_O0_resume/overall,-1,-1,0.4399617075673414,0.5600382924326586
prediction_changed,branch/P_O0_resume/easy,-1,-1,0.4572729741850315,0.5427270258149686
prediction_changed,step/P_O0_resume/50/easy,-1,-1,0.40923655827318933,0.5907634417268106
prediction_changed,state/seed7_P_O0_resume_step50/easy,-1,-1,0.3767219668724808,0.6232780331275192
prediction_changed,branch/P_O0_resume/hard,-1,-1,0.4497016197783461,0.5502983802216539
prediction_changed,step/P_O0_resume/50/hard,-1,-1,0.4513808710522158,0.5486191289477842
prediction_changed,state/seed7_P_O0_resume_step50/hard,-1,-1,0.4442698663657655,0.5557301336342345
prediction_changed,step/P_O0_resume/100/easy,-1,-1,0.4179898981155993,0.5820101018844007
prediction_changed,state/seed7_P_O0_resume_step100/easy,-1,-1,0.3937202743951626,0.6062797256048373
prediction_changed,step/P_O0_resume/100/hard,-1,-1,0.46021964073799404,0.539780359262006
prediction_changed,state/seed7_P_O0_resume_step100/hard,-1,-1,0.46903254229709557,0.5309674577029044
prediction_changed,step/P_O0_resume/200/easy,-1,-1,0.47577640848178815,0.5242235915182119
prediction_changed,state/seed7_P_O0_resume_step200/easy,-1,-1,0.47254277755670515,0.5274572224432948
prediction_changed,step/P_O0_resume/200/hard,-1,-1,0.451358432070614,0.548641567929386
prediction_changed,state/seed7_P_O0_resume_step200/hard,-1,-1,0.46362738643844636,0.5363726135615536
prediction_changed,step/P_O0_resume/400/easy,-1,1,0.5190769113404452,0.4809230886595548
prediction_changed,state/seed7_P_O0_resume_step400/easy,-1,1,0.5846153846153846,0.41538461538461535
prediction_changed,step/P_O0_resume/400/hard,-1,-1,0.4459771142059243,0.5540228857940757
prediction_changed,state/seed7_P_O0_resume_step400/hard,-1,-1,0.43894261766602194,0.5610573823339781
prediction_changed,branch/P_C2_warm/overall,-1,-1,0.40890825106973644,0.5910917489302636
prediction_changed,branch/P_C2_warm/easy,-1,-1,0.3822188772718877,0.6177811227281123
prediction_changed,step/P_C2_warm/50/easy,-1,-1,0.3556675018836187,0.6443324981163814
prediction_changed,state/seed7_P_C2_warm_step50/easy,-1,-1,0.29611012089533306,0.7038898791046669
prediction_changed,branch/P_C2_warm/hard,-1,-1,0.43855869620575505,0.561441303794245
prediction_changed,step/P_C2_warm/50/hard,-1,-1,0.4385395115523758,0.5614604884476242
prediction_changed,state/seed7_P_C2_warm_step50/hard,-1,-1,0.4051649305555556,0.5948350694444444
prediction_changed,step/P_C2_warm/100/easy,-1,-1,0.397016094089394,0.602983905910606
prediction_changed,state/seed7_P_C2_warm_step100/easy,-1,-1,0.29562255152444217,0.7043774484755578
prediction_changed,step/P_C2_warm/100/hard,-1,-1,0.43199841395717686,0.5680015860428231
prediction_changed,state/seed7_P_C2_warm_step100/hard,-1,-1,0.38951194600765027,0.6104880539923497
prediction_changed,step/P_C2_warm/200/easy,-1,-1,0.38185637964142444,0.6181436203585755
prediction_changed,state/seed7_P_C2_warm_step200/easy,-1,-1,0.24290060851926978,0.7570993914807302
prediction_changed,step/P_C2_warm/200/hard,-1,-1,0.44165807721139433,0.5583419227886057
prediction_changed,state/seed7_P_C2_warm_step200/hard,-1,-1,0.408287825248956,0.591712174751044
prediction_changed,step/P_C2_warm/400/easy,-1,-1,0.3969638504429696,0.6030361495570304
prediction_changed,state/seed7_P_C2_warm_step400/easy,-1,-1,0.32196806214933105,0.678031937850669
prediction_changed,step/P_C2_warm/400/hard,-1,-1,0.43964038961404966,0.5603596103859503
prediction_changed,state/seed7_P_C2_warm_step400/hard,-1,-1,0.409,0.591
prediction_changed,seed/17/easy,-1,-1,0.33229403820181364,0.6677059617981864
prediction_changed,state/seed17_original_P/easy,-1,-1,0.3308317698561601,0.66916823014384
prediction_changed,seed/17/hard,-1,-1,0.46664420714485033,0.5333557928551497
prediction_changed,state/seed17_original_P/hard,-1,1,0.5105661619486505,0.48943383805134955
prediction_changed,state/seed17_P_O0_resume_step50/easy,-1,-1,0.3519955094729938,0.6480044905270061
prediction_changed,state/seed17_P_O0_resume_step50/hard,-1,-1,0.4711382898687741,0.5288617101312258
prediction_changed,state/seed17_P_O0_resume_step100/easy,-1,-1,0.3696181698485846,0.6303818301514155
prediction_changed,state/seed17_P_O0_resume_step100/hard,-1,-1,0.49136945131519455,0.5086305486848055
prediction_changed,state/seed17_P_O0_resume_step200/easy,-1,-1,0.3596374553469636,0.6403625446530363
prediction_changed,state/seed17_P_O0_resume_step200/hard,-1,-1,0.479097696810124,0.5209023031898761
prediction_changed,state/seed17_P_O0_resume_step400/easy,-1,-1,0.3980175156993608,0.6019824843006392
prediction_changed,state/seed17_P_O0_resume_step400/hard,-1,-1,0.4486968831365808,0.5513031168634193
prediction_changed,state/seed17_P_C2_warm_step50/easy,-1,-1,0.25535636762940833,0.7446436323705916
prediction_changed,state/seed17_P_C2_warm_step50/hard,-1,-1,0.47720357658839274,0.5227964234116073
prediction_changed,state/seed17_P_C2_warm_step100/easy,-1,-1,0.30997371015445285,0.6900262898455471
prediction_changed,state/seed17_P_C2_warm_step100/hard,-1,-1,0.4327027902029058,0.5672972097970942
prediction_changed,state/seed17_P_C2_warm_step200/easy,-1,-1,0.30158429829208605,0.698415701707914
prediction_changed,state/seed17_P_C2_warm_step200/hard,-1,-1,0.44629450879450877,0.5537054912054913
prediction_changed,state/seed17_P_C2_warm_step400/easy,-1,-1,0.3132003726927048,0.6867996273072952
prediction_changed,state/seed17_P_C2_warm_step400/hard,-1,-1,0.4598090849242923,0.5401909150757077
prediction_changed,seed/27/easy,-1,1,0.550978530358179,0.449021469641821
prediction_changed,state/seed27_original_P/easy,-1,1,0.5639045476377057,0.4360954523622943
prediction_changed,seed/27/hard,-1,-1,0.44836093342379796,0.5516390665762021
prediction_changed,state/seed27_original_P/hard,-1,-1,0.4092549019607843,0.5907450980392157
prediction_changed,state/seed27_P_O0_resume_step50/easy,-1,-1,0.4998965280142057,0.5001034719857943
prediction_changed,state/seed27_P_O0_resume_step50/hard,-1,-1,0.44263388245017565,0.5573661175498243
prediction_changed,state/seed27_P_O0_resume_step100/easy,-1,-1,0.4717865617223219,0.5282134382776781
prediction_changed,state/seed27_P_O0_resume_step100/hard,-1,-1,0.42834695160276554,0.5716530483972344
prediction_changed,state/seed27_P_O0_resume_step200/easy,-1,1,0.5959865101431366,0.40401348985686336
prediction_changed,state/seed27_P_O0_resume_step200/hard,-1,-1,0.41938548463711595,0.5806145153628841
prediction_changed,state/seed27_P_O0_resume_step400/easy,-1,1,0.5540237874575223,0.44597621254247766
prediction_changed,state/seed27_P_O0_resume_step400/hard,-1,-1,0.44745098039215686,0.5525490196078431
prediction_changed,state/seed27_P_C2_warm_step50/easy,-1,1,0.5271915173600566,0.47280848263994335
prediction_changed,state/seed27_P_C2_warm_step50/hard,-1,-1,0.44188235294117645,0.5581176470588236
prediction_changed,state/seed27_P_C2_warm_step100/easy,-1,1,0.5810441536027614,0.4189558463972386
prediction_changed,state/seed27_P_C2_warm_step100/hard,-1,-1,0.48394495412844035,0.5160550458715596
prediction_changed,state/seed27_P_C2_warm_step200/easy,-1,1,0.6028033585285494,0.3971966414714506
prediction_changed,state/seed27_P_C2_warm_step200/hard,-1,-1,0.4769884179696186,0.5230115820303813
prediction_changed,state/seed27_P_C2_warm_step400/easy,-1,1,0.5649391713783021,0.4350608286216979
prediction_changed,state/seed27_P_C2_warm_step400/hard,-1,-1,0.456958888656514,0.543041111343486
delta_max_probability,overall,-1,-1,0.2902337903393821,0.7097662096606179
delta_max_probability,regime/easy,-1,-1,0.1806565456206913,0.8193434543793087
delta_max_probability,seed/7/easy,-1,-1,0.1898240674712566,0.8101759325287434
delta_max_probability,branch/original_P/overall,-1,-1,0.2695010995112794,0.7304989004887206
delta_max_probability,branch/original_P/easy,-1,-1,0.1717220943741901,0.8282779056258099
delta_max_probability,step/original_P/0/easy,-1,-1,0.1717220943741901,0.8282779056258099
delta_max_probability,state/seed7_original_P/easy,-1,-1,0.16102335164835166,0.8389766483516483
delta_max_probability,regime/hard,-1,-1,0.42055563925578077,0.5794443607442192
delta_max_probability,seed/7/hard,-1,-1,0.4156754884473254,0.5843245115526746
delta_max_probability,branch/original_P/hard,-1,-1,0.3778567957221517,0.6221432042778483
delta_max_probability,step/original_P/0/hard,-1,-1,0.3778567957221517,0.6221432042778483
delta_max_probability,state/seed7_original_P/hard,-1,-1,0.37308626333016576,0.6269137366698343
delta_max_probability,branch/P_O0_resume/overall,-1,-1,0.2928641900179459,0.7071358099820542
delta_max_probability,branch/P_O0_resume/easy,-1,-1,0.1911883821412605,0.8088116178587395
delta_max_probability,step/P_O0_resume/50/easy,-1,-1,0.2015383610639439,0.7984616389360562
delta_max_probability,state/seed7_P_O0_resume_step50/easy,-1,-1,0.20670835552574648,0.7932916444742535
delta_max_probability,branch/P_O0_resume/hard,-1,-1,0.40487654074310886,0.5951234592568911
delta_max_probability,step/P_O0_resume/50/hard,-1,-1,0.3671828028633298,0.6328171971366702
delta_max_probability,state/seed7_P_O0_resume_step50/hard,-1,-1,0.3571123983966516,0.6428876016033485
delta_max_probability,step/P_O0_resume/100/easy,-1,-1,0.17681089819657073,0.8231891018034293
delta_max_probability,state/seed7_P_O0_resume_step100/easy,-1,-1,0.17720816474035067,0.8227918352596493
delta_max_probability,step/P_O0_resume/100/hard,-1,-1,0.3888145043007055,0.6111854956992945
delta_max_probability,state/seed7_P_O0_resume_step100/hard,-1,-1,0.3700971205754904,0.6299028794245096
delta_max_probability,step/P_O0_resume/200/easy,-1,-1,0.17450166846166068,0.8254983315383393
delta_max_probability,state/seed7_P_O0_resume_step200/easy,-1,-1,0.16688458113050234,0.8331154188694977
delta_max_probability,step/P_O0_resume/200/hard,-1,-1,0.4167596437321666,0.5832403562678334
delta_max_probability,state/seed7_P_O0_resume_step200/hard,-1,-1,0.40727452271231074,0.5927254772876893
delta_max_probability,step/P_O0_resume/400/easy,-1,-1,0.197910026693152,0.8020899733068481
delta_max_probability,state/seed7_P_O0_resume_step400/easy,-1,-1,0.165382995951417,0.834617004048583
delta_max_probability,step/P_O0_resume/400/hard,-1,-1,0.44735584855663857,0.5526441514433614
delta_max_probability,state/seed7_P_O0_resume_step400/hard,-1,-1,0.42415215989684074,0.5758478401031593
delta_max_probability,branch/P_C2_warm/overall,-1,-1,0.2909503294165828,0.7090496705834173
delta_max_probability,branch/P_C2_warm/easy,-1,-1,0.17103750532878328,0.8289624946712167
delta_max_probability,step/P_C2_warm/50/easy,-1,-1,0.17173415570079376,0.8282658442992062
delta_max_probability,state/seed7_P_C2_warm_step50/easy,-1,-1,0.17451384855706648,0.8254861514429335
delta_max_probability,branch/P_C2_warm/hard,-1,-1,0.45036609229550406,0.5496339077044959
delta_max_probability,step/P_C2_warm/50/hard,-1,-1,0.43620368069441395,0.563796319305586
delta_max_probability,state/seed7_P_C2_warm_step50/hard,-1,-1,0.4564208984375,0.5435791015625
delta_max_probability,step/P_C2_warm/100/easy,-1,-1,0.16953521697143392,0.8304647830285661
delta_max_probability,state/seed7_P_C2_warm_step100/easy,-1,-1,0.19810594447283256,0.8018940555271674
delta_max_probability,step/P_C2_warm/100/hard,-1,-1,0.4582459808233004,0.5417540191766996
delta_max_probability,state/seed7_P_C2_warm_step100/hard,-1,-1,0.4769724764517787,0.5230275235482214
delta_max_probability,step/P_C2_warm/200/easy,-1,-1,0.16417708656809746,0.8358229134319025
delta_max_probability,state/seed7_P_C2_warm_step200/easy,-1,-1,0.1950236646382691,0.804976335361731
delta_max_probability,step/P_C2_warm/200/hard,-1,-1,0.45311694738568215,0.5468830526143178
delta_max_probability,state/seed7_P_C2_warm_step200/hard,-1,-1,0.4620226777207455,0.5379773222792545
delta_max_probability,step/P_C2_warm/400/easy,-1,-1,0.17630063855747993,0.8236993614425201
delta_max_probability,state/seed7_P_C2_warm_step400/easy,-1,-1,0.21143527077602922,0.7885647292239708
delta_max_probability,step/P_C2_warm/400/hard,-1,-1,0.45741062311799635,0.5425893768820036
delta_max_probability,state/seed7_P_C2_warm_step400/hard,-1,-1,0.43101333333333336,0.5689866666666666
delta_max_probability,seed/17/easy,-1,-1,0.2759624541771175,0.7240375458228825
delta_max_probability,state/seed17_original_P/easy,-1,-1,0.2953846153846154,0.7046153846153846
delta_max_probability,seed/17/hard,-1,-1,0.3987154968431894,0.6012845031568106
delta_max_probability,state/seed17_original_P/hard,-1,-1,0.36046082949308755,0.6395391705069124
delta_max_probability,state/seed17_P_O0_resume_step50/easy,-1,-1,0.26019828956330887,0.7398017104366912
delta_max_probability,state/seed17_P_O0_resume_step50/hard,-1,-1,0.37195986657700786,0.6280401334229921
delta_max_probability,state/seed17_P_O0_resume_step100/easy,-1,-1,0.2221461487820935,0.7778538512179065
delta_max_probability,state/seed17_P_O0_resume_step100/hard,-1,-1,0.37488364052235434,0.6251163594776457
delta_max_probability,state/seed17_P_O0_resume_step200/easy,-1,-1,0.25245750044336346,0.7475424995566365
delta_max_probability,state/seed17_P_O0_resume_step200/hard,-1,-1,0.38993540226769663,0.6100645977323034
delta_max_probability,state/seed17_P_O0_resume_step400/easy,-1,-1,0.3300315395229647,0.6699684604770353
delta_max_probability,state/seed17_P_O0_resume_step400/hard,-1,-1,0.48030789453727346,0.5196921054627266
delta_max_probability,state/seed17_P_C2_warm_step50/easy,-1,-1,0.24709517607701934,0.7529048239229806
delta_max_probability,state/seed17_P_C2_warm_step50/hard,-1,-1,0.3730717248450389,0.6269282751549611
delta_max_probability,state/seed17_P_C2_warm_step100/easy,-1,-1,0.2899593012967972,0.7100406987032029
delta_max_probability,state/seed17_P_C2_warm_step100/hard,-1,-1,0.3952666318689668,0.6047333681310332
delta_max_probability,state/seed17_P_C2_warm_step200/easy,-1,-1,0.24224248845833649,0.7577575115416635
delta_max_probability,state/seed17_P_C2_warm_step200/hard,-1,-1,0.40485574860574863,0.5951442513942513
delta_max_probability,state/seed17_P_C2_warm_step400/easy,-1,-1,0.2922364080481479,0.7077635919518521
delta_max_probability,state/seed17_P_C2_warm_step400/hard,-1,-1,0.4436734693877551,0.5563265306122449
delta_max_probability,seed/27/easy,-1,-1,0.09448982980976439,0.9055101701902356
delta_max_probability,state/seed27_original_P/easy,-1,-1,0.09032710634748098,0.909672893652519
delta_max_probability,seed/27/hard,-1,-1,0.4356318982775422,0.5643681017224578
delta_max_probability,state/seed27_original_P/hard,-1,-1,0.3908956862745098,0.6091043137254901
delta_max_probability,state/seed27_P_O0_resume_step50/easy,-1,-1,0.13036135087684164,0.8696386491231584
delta_max_probability,state/seed27_P_O0_resume_step50/hard,-1,-1,0.3575833849891366,0.6424166150108634
delta_max_probability,state/seed27_P_O0_resume_step100/easy,-1,-1,0.15267730257023618,0.8473226974297638
delta_max_probability,state/seed27_P_O0_resume_step100/hard,-1,-1,0.41137649277184163,0.5886235072281584
delta_max_probability,state/seed27_P_O0_resume_step200/easy,-1,-1,0.1122245391823705,0.8877754608176295
delta_max_probability,state/seed27_P_O0_resume_step200/hard,-1,-1,0.43623590589764744,0.5637640941023525
delta_max_probability,state/seed27_P_O0_resume_step400/easy,-1,-1,0.11302260323344661,0.8869773967665534
delta_max_probability,state/seed27_P_O0_resume_step400/hard,-1,-1,0.43493019607843136,0.5650698039215687
delta_max_probability,state/seed27_P_C2_warm_step50/easy,-1,-1,0.08213761514323312,0.9178623848567669
delta_max_probability,state/seed27_P_C2_warm_step50/hard,-1,-1,0.4589113725490196,0.5410886274509804
delta_max_probability,state/seed27_P_C2_warm_step100/easy,-1,-1,0.0664774041858691,0.9335225958141309
delta_max_probability,state/seed27_P_C2_warm_step100/hard,-1,-1,0.4968179756023793,0.5031820243976207
delta_max_probability,state/seed27_P_C2_warm_step200/easy,-1,-1,0.09361616995204781,0.9063838300479522
delta_max_probability,state/seed27_P_C2_warm_step200/hard,-1,-1,0.4799141036474183,0.5200858963525816
delta_max_probability,state/seed27_P_C2_warm_step400/easy,-1,-1,0.060853666935902974,0.939146333064097
delta_max_probability,state/seed27_P_C2_warm_step400/hard,-1,-1,0.49843146947544537,0.5015685305245546
delta_entropy,overall,1,1,0.7502540299763588,0.7502540299763588
delta_entropy,regime/easy,1,1,0.852135259730532,0.852135259730532
delta_entropy,seed/7/easy,1,1,0.8507889966403688,0.8507889966403688
delta_entropy,branch/original_P/overall,1,1,0.7732126441593696,0.7732126441593696
delta_entropy,branch/original_P/easy,1,1,0.8599119151883462,0.8599119151883462
delta_entropy,step/original_P/0/easy,1,1,0.8599119151883462,0.8599119151883462
delta_entropy,state/seed7_original_P/easy,1,1,0.8817445054945054,0.8817445054945054
delta_entropy,regime/hard,1,1,0.576123452558907,0.576123452558907
delta_entropy,seed/7/hard,1,1,0.5770495448400976,0.5770495448400976
delta_entropy,branch/original_P/hard,1,1,0.6259144501918548,0.6259144501918548
delta_entropy,step/original_P/0/hard,1,1,0.6259144501918548,0.6259144501918548
delta_entropy,state/seed7_original_P/hard,1,1,0.6110165241262803,0.6110165241262803
delta_entropy,branch/P_O0_resume/overall,1,1,0.7532022077209871,0.7532022077209871
delta_entropy,branch/P_O0_resume/easy,1,1,0.8535265209973394,0.8535265209973394
delta_entropy,step/P_O0_resume/50/easy,1,1,0.8413644182963669,0.8413644182963669
delta_entropy,state/seed7_P_O0_resume_step50/easy,1,1,0.8320412417230518,0.8320412417230518
delta_entropy,branch/P_O0_resume/hard,1,1,0.5929787848110258,0.5929787848110258
delta_entropy,step/P_O0_resume/50/hard,1,1,0.6340160896088122,0.6340160896088122
delta_entropy,state/seed7_P_O0_resume_step50/hard,1,1,0.6313413938109702,0.6313413938109702
delta_entropy,step/P_O0_resume/100/easy,1,1,0.8728134222716117,0.8728134222716117
delta_entropy,state/seed7_P_O0_resume_step100/easy,1,1,0.8617827941584548,0.8617827941584548
delta_entropy,step/P_O0_resume/100/hard,1,1,0.6042388925064128,0.6042388925064128
delta_entropy,state/seed7_P_O0_resume_step100/hard,1,1,0.6170477186199278,0.6170477186199278
delta_entropy,step/P_O0_resume/200/easy,1,1,0.8635279577676159,0.8635279577676159
delta_entropy,state/seed7_P_O0_resume_step200/easy,1,1,0.8644635198554816,0.8644635198554816
delta_entropy,step/P_O0_resume/200/hard,1,1,0.5861863791016328,0.5861863791016328
delta_entropy,state/seed7_P_O0_resume_step200/hard,1,1,0.5992231731402239,0.5992231731402239
delta_entropy,step/P_O0_resume/400/easy,1,1,0.8563968572646231,0.8563968572646231
delta_entropy,state/seed7_P_O0_resume_step400/easy,1,1,0.8773441295546559,0.8773441295546559
delta_entropy,step/P_O0_resume/400/hard,1,1,0.5466036133464581,0.5466036133464581
delta_entropy,state/seed7_P_O0_resume_step400/hard,1,1,0.5659638942617666,0.5659638942617666
delta_entropy,branch/P_C2_warm/overall,1,1,0.7442367590891984,0.7442367590891984
delta_entropy,branch/P_C2_warm/easy,1,1,0.8527336307151421,0.8527336307151421
delta_entropy,step/P_C2_warm/50/easy,1,1,0.8535256084526291,0.8535256084526291
delta_entropy,state/seed7_P_C2_warm_step50/easy,1,1,0.8692381124039547,0.8692381124039547
delta_entropy,branch/P_C2_warm/hard,1,1,0.5475336445689387,0.5475336445689387
delta_entropy,step/P_C2_warm/50/hard,1,1,0.5682061165755499,0.5682061165755499
delta_entropy,state/seed7_P_C2_warm_step50/hard,1,1,0.5537245008680556,0.5537245008680556
delta_entropy,step/P_C2_warm/100/easy,1,1,0.8532253314113692,0.8532253314113692
delta_entropy,state/seed7_P_C2_warm_step100/easy,1,1,0.8559836484414921,0.8559836484414921
delta_entropy,step/P_C2_warm/100/hard,1,1,0.534856895681638,0.534856895681638
delta_entropy,state/seed7_P_C2_warm_step100/hard,1,1,0.530370696733623,0.530370696733623
delta_entropy,step/P_C2_warm/200/easy,1,1,0.8567972120646228,0.8567972120646228
delta_entropy,state/seed7_P_C2_warm_step200/easy,1,1,0.8554022988505747,0.8554022988505747
delta_entropy,step/P_C2_warm/200/hard,1,1,0.5416861881559221,0.5416861881559221
delta_entropy,state/seed7_P_C2_warm_step200/hard,1,1,0.5466984710650601,0.5466984710650601
delta_entropy,step/P_C2_warm/400/easy,1,1,0.8490936783647121,0.8490936783647121
delta_entropy,state/seed7_P_C2_warm_step400/easy,1,1,0.8314019028723453,0.8314019028723453
delta_entropy,step/P_C2_warm/400/hard,1,1,0.5465125438005074,0.5465125438005074
delta_entropy,state/seed7_P_C2_warm_step400/hard,1,1,0.5695466666666666,0.5695466666666666
delta_entropy,seed/17/easy,1,1,0.7703976075631873,0.7703976075631873
delta_entropy,state/seed17_original_P/easy,1,1,0.7500500312695435,0.7500500312695435
delta_entropy,seed/17/hard,1,1,0.60189752170682,0.60189752170682
delta_entropy,state/seed17_original_P/hard,1,1,0.665707702435813,0.665707702435813
delta_entropy,state/seed17_P_O0_resume_step50/easy,1,1,0.7913418602891092,0.7913418602891092
delta_entropy,state/seed17_P_O0_resume_step50/hard,1,1,0.6459896537260568,0.6459896537260568
delta_entropy,state/seed17_P_O0_resume_step100/easy,1,1,0.8509611586570112,0.8509611586570112
delta_entropy,state/seed17_P_O0_resume_step100/hard,1,1,0.6232945025133647,0.6232945025133647
delta_entropy,state/seed17_P_O0_resume_step200/easy,1,1,0.8222619138101391,0.8222619138101391
delta_entropy,state/seed17_P_O0_resume_step200/hard,1,1,0.617582715427952,0.617582715427952
delta_entropy,state/seed17_P_O0_resume_step400/easy,1,1,0.7510278505251894,0.7510278505251894
delta_entropy,state/seed17_P_O0_resume_step400/hard,1,1,0.504929346040092,0.504929346040092
delta_entropy,state/seed17_P_C2_warm_step50/easy,1,1,0.7902270231619807,0.7902270231619807
delta_entropy,state/seed17_P_C2_warm_step50/hard,1,1,0.6387525882329443,0.6387525882329443
delta_entropy,state/seed17_P_C2_warm_step100/easy,1,1,0.743939432240451,0.743939432240451
delta_entropy,state/seed17_P_C2_warm_step100/hard,1,1,0.5981592457268204,0.5981592457268204
delta_entropy,state/seed17_P_C2_warm_step200/easy,1,1,0.791890562324983,0.791890562324983
delta_entropy,state/seed17_P_C2_warm_step200/hard,1,1,0.592074217074217,0.592074217074217
delta_entropy,state/seed17_P_C2_warm_step400/easy,1,1,0.7456938883432802,0.7456938883432802
delta_entropy,state/seed17_P_C2_warm_step400/hard,1,1,0.56899275839368,0.56899275839368
delta_entropy,seed/27/easy,1,1,0.928874431217629,0.928874431217629
delta_entropy,state/seed27_original_P/easy,1,1,0.9426931924467251,0.9426931924467251
delta_entropy,seed/27/hard,1,1,0.5661534287679405,0.5661534287679405
delta_entropy,state/seed27_original_P/hard,1,1,0.6108235294117647,0.6108235294117647
delta_entropy,state/seed27_P_O0_resume_step50/easy,1,1,0.9239981575310917,0.9239981575310917
delta_entropy,state/seed27_P_O0_resume_step50/hard,1,1,0.6427484644138475,0.6427484644138475
delta_entropy,state/seed27_P_O0_resume_step100/easy,1,1,0.8904900617962717,0.8904900617962717
delta_entropy,state/seed27_P_O0_resume_step100/hard,1,1,0.5854556882463859,0.5854556882463859
delta_entropy,state/seed27_P_O0_resume_step200/easy,1,1,0.910674750283184,0.910674750283184
delta_entropy,state/seed27_P_O0_resume_step200/hard,1,1,0.5755018875471887,0.5755018875471887
delta_entropy,state/seed27_P_O0_resume_step400/easy,1,1,0.9284252394192153,0.9284252394192153
delta_entropy,state/seed27_P_O0_resume_step400/hard,1,1,0.5869803921568627,0.5869803921568627
delta_entropy,state/seed27_P_C2_warm_step50/easy,1,1,0.9422955258629416,0.9422955258629416
delta_entropy,state/seed27_P_C2_warm_step50/hard,1,1,0.53984,0.53984
delta_entropy,state/seed27_P_C2_warm_step100/easy,1,1,0.9356174063119455,0.9356174063119455
delta_entropy,state/seed27_P_C2_warm_step100/hard,1,-1,0.49931948785159797,0.49931948785159797
delta_entropy,state/seed27_P_C2_warm_step200/easy,1,1,0.9160055266925496,0.9160055266925496
delta_entropy,state/seed27_P_C2_warm_step200/hard,1,1,0.521750455847877,0.521750455847877
delta_entropy,state/seed27_P_C2_warm_step400/easy,1,1,0.9435542949452449,0.9435542949452449
delta_entropy,state/seed27_P_C2_warm_step400/hard,1,1,0.5172728482613077,0.5172728482613077
delta_probability_gap,overall,-1,-1,0.2891184857141184,0.7108815142858815
delta_probability_gap,regime/easy,-1,-1,0.18784454498112582,0.8121554550188742
delta_probability_gap,seed/7/easy,-1,-1,0.20375545591194605,0.7962445440880539
delta_probability_gap,branch/original_P/overall,-1,-1,0.2766881574482525,0.7233118425517475
delta_probability_gap,branch/original_P/easy,-1,-1,0.1822991141248492,0.8177008858751508
delta_probability_gap,step/original_P/0/easy,-1,-1,0.1822991141248492,0.8177008858751508
delta_probability_gap,state/seed7_original_P/easy,-1,-1,0.18775412087912088,0.8122458791208791
delta_probability_gap,regime/hard,-1,-1,0.4252252314665139,0.5747747685334861
delta_probability_gap,seed/7/hard,-1,-1,0.4070246852133815,0.5929753147866186
delta_probability_gap,branch/original_P/hard,-1,-1,0.39878438336300087,0.6012156166369991
delta_probability_gap,step/original_P/0/hard,-1,-1,0.39878438336300087,0.6012156166369991
delta_probability_gap,state/seed7_original_P/hard,-1,-1,0.37402333438918806,0.6259766656108119
delta_probability_gap,branch/P_O0_resume/overall,-1,-1,0.2925260924087215,0.7074739075912785
delta_probability_gap,branch/P_O0_resume/easy,-1,-1,0.19891498072457087,0.8010850192754291
delta_probability_gap,step/P_O0_resume/50/easy,-1,-1,0.2109969680210988,0.7890030319789012
delta_probability_gap,state/seed7_P_O0_resume_step50/easy,-1,-1,0.21936625043562885,0.7806337495643711
delta_probability_gap,branch/P_O0_resume/hard,-1,-1,0.4054826033674339,0.5945173966325661
delta_probability_gap,step/P_O0_resume/50/hard,-1,-1,0.3809782876784309,0.6190217123215691
delta_probability_gap,state/seed7_P_O0_resume_step50/hard,-1,-1,0.35657445007905214,0.6434255499209478
delta_probability_gap,step/P_O0_resume/100/easy,-1,-1,0.18580012341163363,0.8141998765883663
delta_probability_gap,state/seed7_P_O0_resume_step100/easy,-1,-1,0.18686878464626128,0.8131312153537387
delta_probability_gap,step/P_O0_resume/100/hard,-1,-1,0.38767588166078093,0.6123241183392191
delta_probability_gap,state/seed7_P_O0_resume_step100/hard,-1,-1,0.3481151243761466,0.6518848756238533
delta_probability_gap,step/P_O0_resume/200/easy,-1,-1,0.1800102402937905,0.8199897597062095
delta_probability_gap,state/seed7_P_O0_resume_step200/easy,-1,-1,0.1656465743214649,0.8343534256785351
delta_probability_gap,step/P_O0_resume/200/hard,-1,-1,0.41205548767502626,0.5879445123249738
delta_probability_gap,state/seed7_P_O0_resume_step200/hard,-1,-1,0.3895523370638578,0.6104476629361422
delta_probability_gap,step/P_O0_resume/400/easy,-1,-1,0.20518004123904932,0.7948199587609507
delta_probability_gap,state/seed7_P_O0_resume_step400/easy,-1,-1,0.1719902834008097,0.8280097165991903
delta_probability_gap,step/P_O0_resume/400/hard,-1,-1,0.43915310037566024,0.5608468996243398
delta_probability_gap,state/seed7_P_O0_resume_step400/hard,-1,-1,0.4142359767891683,0.5857640232108317
delta_probability_gap,branch/P_C2_warm/overall,-1,-1,0.2876679187206513,0.7123320812793488
delta_probability_gap,branch/P_C2_warm/easy,-1,-1,0.1762802336026227,0.8237197663973773
delta_probability_gap,step/P_C2_warm/50/easy,-1,-1,0.17856003924935607,0.821439960750644
delta_probability_gap,state/seed7_P_C2_warm_step50/easy,-1,-1,0.19606272405022732,0.8039372759497727
delta_probability_gap,branch/P_C2_warm/hard,-1,-1,0.4545278669043375,0.5454721330956624
delta_probability_gap,step/P_C2_warm/50/hard,-1,-1,0.4451240478969937,0.5548759521030062
delta_probability_gap,state/seed7_P_C2_warm_step50/hard,-1,-1,0.4499579535590278,0.5500420464409722
delta_probability_gap,step/P_C2_warm/100/easy,-1,-1,0.17428018385153676,0.8257198161484632
delta_probability_gap,state/seed7_P_C2_warm_step100/easy,-1,-1,0.21339465167773802,0.7866053483222619
delta_probability_gap,step/P_C2_warm/100/hard,-1,-1,0.4586194218152981,0.5413805781847019
delta_probability_gap,state/seed7_P_C2_warm_step100/hard,-1,-1,0.4668121950079774,0.5331878049920227
delta_probability_gap,step/P_C2_warm/200/easy,-1,-1,0.16677968536439552,0.8332203146356045
delta_probability_gap,state/seed7_P_C2_warm_step200/easy,-1,-1,0.21383367139959433,0.7861663286004057
delta_probability_gap,step/P_C2_warm/200/hard,-1,-1,0.45354776225168664,0.5464522377483134
delta_probability_gap,state/seed7_P_C2_warm_step200/hard,-1,-1,0.4518935691779839,0.548106430822016
delta_probability_gap,step/P_C2_warm/400/easy,-1,-1,0.18298427199700684,0.8170157280029932
delta_probability_gap,state/seed7_P_C2_warm_step400/easy,-1,-1,0.2290725912947133,0.7709274087052866
delta_probability_gap,step/P_C2_warm/400/hard,-1,-1,0.4625600958498545,0.5374399041501454
delta_probability_gap,state/seed7_P_C2_warm_step400/hard,-1,-1,0.43043333333333333,0.5695666666666667
delta_probability_gap,seed/17/easy,-1,-1,0.2765728728535597,0.7234271271464403
delta_probability_gap,state/seed17_original_P/easy,-1,-1,0.2928205128205128,0.7071794871794872
delta_probability_gap,seed/17/hard,-1,-1,0.42126349556367726,0.5787365044363227
delta_probability_gap,state/seed17_original_P/hard,-1,-1,0.41246214614878207,0.5875378538512179
delta_probability_gap,state/seed17_P_O0_resume_step50/easy,-1,-1,0.2606208532001312,0.7393791467998688
delta_probability_gap,state/seed17_P_O0_resume_step50/hard,-1,-1,0.40540216645916416,0.5945978335408358
delta_probability_gap,state/seed17_P_O0_resume_step100/easy,-1,-1,0.23269914417379856,0.7673008558262014
delta_probability_gap,state/seed17_P_O0_resume_step100/hard,-1,-1,0.3944320327668289,0.6055679672331711
delta_probability_gap,state/seed17_P_O0_resume_step200/easy,-1,-1,0.2643396417623065,0.7356603582376935
delta_probability_gap,state/seed17_P_O0_resume_step200/hard,-1,-1,0.40438438554714473,0.5956156144528553
delta_probability_gap,state/seed17_P_O0_resume_step400/easy,-1,-1,0.33115795105741885,0.6688420489425811
delta_probability_gap,state/seed17_P_O0_resume_step400/hard,-1,-1,0.4762696225890442,0.5237303774109558
delta_probability_gap,state/seed17_P_C2_warm_step50/easy,-1,-1,0.2431688756096938,0.7568311243903062
delta_probability_gap,state/seed17_P_C2_warm_step50/hard,-1,-1,0.40275900638486273,0.5972409936151373
delta_probability_gap,state/seed17_P_C2_warm_step100/easy,-1,-1,0.28654667711519505,0.713453322884805
delta_probability_gap,state/seed17_P_C2_warm_step100/hard,-1,-1,0.40766826780133597,0.5923317321986641
delta_probability_gap,state/seed17_P_C2_warm_step200/easy,-1,-1,0.23830697040793158,0.7616930295920684
delta_probability_gap,state/seed17_P_C2_warm_step200/hard,-1,-1,0.42638620763620766,0.5736137923637923
delta_probability_gap,state/seed17_P_C2_warm_step400/easy,-1,-1,0.290007806401249,0.709992193598751
delta_probability_gap,state/seed17_P_C2_warm_step400/hard,-1,-1,0.4635352205398288,0.5364647794601711
delta_probability_gap,seed/27/easy,-1,-1,0.10226793972323328,0.8977320602767667
delta_probability_gap,state/seed27_original_P/easy,-1,-1,0.10065345433403271,0.8993465456659673
delta_probability_gap,seed/27/hard,-1,-1,0.4364204390513126,0.5635795609486873
delta_probability_gap,state/seed27_original_P/hard,-1,-1,0.4001694117647059,0.5998305882352941
delta_probability_gap,state/seed27_P_O0_resume_step50/easy,-1,-1,0.150715291824378,0.849284708175622
delta_probability_gap,state/seed27_P_O0_resume_step50/hard,-1,-1,0.36747625398375816,0.6325237460162418
delta_probability_gap,state/seed27_P_O0_resume_step100/easy,-1,-1,0.16406556449383003,0.83593443550617
delta_probability_gap,state/seed27_P_O0_resume_step100/hard,-1,-1,0.41536769327467,0.5846323067253301
delta_probability_gap,state/seed27_P_O0_resume_step200/easy,-1,-1,0.12155673977963134,0.8784432602203687
delta_probability_gap,state/seed27_P_O0_resume_step200/hard,-1,-1,0.4306670166754169,0.569332983324583
delta_probability_gap,state/seed27_P_O0_resume_step400/easy,-1,-1,0.12444006796416435,0.8755599320358356
delta_probability_gap,state/seed27_P_O0_resume_step400/hard,-1,-1,0.42409411764705884,0.5759058823529412
delta_probability_gap,state/seed27_P_C2_warm_step50/easy,-1,-1,0.0909758072679421,0.9090241927320579
delta_probability_gap,state/seed27_P_C2_warm_step50/hard,-1,-1,0.4560501960784314,0.5439498039215687
delta_probability_gap,state/seed27_P_C2_warm_step100/easy,-1,-1,0.06667125232148775,0.9333287476785123
delta_probability_gap,state/seed27_P_C2_warm_step100/hard,-1,-1,0.4919976812178647,0.5080023187821353
delta_probability_gap,state/seed27_P_C2_warm_step200/easy,-1,-1,0.08849585185463048,0.9115041481453695
delta_probability_gap,state/seed27_P_C2_warm_step200/hard,-1,-1,0.4716929586592037,0.5283070413407963
delta_probability_gap,state/seed27_P_C2_warm_step400/easy,-1,-1,0.06357107525467877,0.9364289247453212
delta_probability_gap,state/seed27_P_C2_warm_step400/hard,-1,-1,0.4925249222072235,0.5074750777927766
