feature,analysis,held_seed,orientation_train_seeds,orientation_train_count,orientation_train_auroc,orientation,harm_threshold,overall,easy,hard
query_entropy,primary,7,"[17, 27]",28800,0.3659140686468414,-1,0,"{""count"": 14400, ""harm_count"": 5783, ""auroc"": 0.6448602187452986}","{""count"": 7200, ""harm_count"": 3041, ""auroc"": 0.840509352071343}","{""count"": 7200, ""harm_count"": 2742, ""auroc"": 0.5480556185472384}"
query_entropy,primary,17,"[7, 27]",28800,0.37119412618695474,-1,0,"{""count"": 14400, ""harm_count"": 6464, ""auroc"": 0.6653632252637436}","{""count"": 7200, ""harm_count"": 3650, ""auroc"": 0.8836110360794907}","{""count"": 7200, ""harm_count"": 2814, ""auroc"": 0.5224841527493793}"
query_entropy,primary,27,"[7, 17]",28800,0.3466104464850049,-1,0,"{""count"": 14400, ""harm_count"": 7347, ""auroc"": 0.6102021384647007}","{""count"": 7200, ""harm_count"": 4005, ""auroc"": 0.6772817233544142}","{""count"": 7200, ""harm_count"": 3342, ""auroc"": 0.550078970415644}"
query_entropy,sensitivity_gt_005,7,"[17, 27]",28800,0.44260811435593644,-1,0.05,"{""count"": 14400, ""harm_count"": 3938, ""auroc"": 0.4922858988378362}","{""count"": 7200, ""harm_count"": 1499, ""auroc"": 0.6085959896786713}","{""count"": 7200, ""harm_count"": 2439, ""auroc"": 0.5783116873386756}"
query_entropy,sensitivity_gt_005,17,"[7, 27]",28800,0.46960772203542467,-1,0.05,"{""count"": 14400, ""harm_count"": 4999, ""auroc"": 0.5634797845645079}","{""count"": 7200, ""harm_count"": 2476, ""auroc"": 0.7264036186851864}","{""count"": 7200, ""harm_count"": 2523, ""auroc"": 0.523196004498617}"
query_entropy,sensitivity_gt_005,27,"[7, 17]",28800,0.469513802984482,-1,0.05,"{""count"": 14400, ""harm_count"": 6105, ""auroc"": 0.5598322702120171}","{""count"": 7200, ""harm_count"": 3186, ""auroc"": 0.5711706297262782}","{""count"": 7200, ""harm_count"": 2919, ""auroc"": 0.5628240625039261}"
query_max_probability,primary,7,"[17, 27]",28800,0.6422265015438952,1,0,"{""count"": 14400, ""harm_count"": 5783, ""auroc"": 0.6661114256227275}","{""count"": 7200, ""harm_count"": 3041, ""auroc"": 0.8484225246073953}","{""count"": 7200, ""harm_count"": 2742, ""auroc"": 0.5601281381720108}"
query_max_probability,primary,17,"[7, 27]",28800,0.6392376223042755,1,0,"{""count"": 14400, ""harm_count"": 6464, ""auroc"": 0.6761037752827072}","{""count"": 7200, ""harm_count"": 3650, ""auroc"": 0.8889737217827512}","{""count"": 7200, ""harm_count"": 2814, ""auroc"": 0.5259930479191561}"
query_max_probability,primary,27,"[7, 17]",28800,0.6687257812743596,1,0,"{""count"": 14400, ""harm_count"": 7347, ""auroc"": 0.6117285656360886}","{""count"": 7200, ""harm_count"": 4005, ""auroc"": 0.676752259988004}","{""count"": 7200, ""harm_count"": 3342, ""auroc"": 0.5501272120170294}"
query_max_probability,sensitivity_gt_005,7,"[17, 27]",28800,0.5641880717764252,1,0.05,"{""count"": 14400, ""harm_count"": 3938, ""auroc"": 0.5163693699484041}","{""count"": 7200, ""harm_count"": 1499, ""auroc"": 0.6183443467369172}","{""count"": 7200, ""harm_count"": 2439, ""auroc"": 0.5882177515326928}"
query_max_probability,sensitivity_gt_005,17,"[7, 27]",28800,0.5394015309262139,1,0.05,"{""count"": 14400, ""harm_count"": 4999, ""auroc"": 0.574617827511891}","{""count"": 7200, ""harm_count"": 2476, ""auroc"": 0.7307284563477462}","{""count"": 7200, ""harm_count"": 2523, ""auroc"": 0.5280490685183166}"
query_max_probability,sensitivity_gt_005,27,"[7, 17]",28800,0.5466573757665318,1,0.05,"{""count"": 14400, ""harm_count"": 6105, ""auroc"": 0.5586479032048652}","{""count"": 7200, ""harm_count"": 3186, ""auroc"": 0.5695947344995591}","{""count"": 7200, ""harm_count"": 2919, ""auroc"": 0.5553306078732969}"
query_probability_gap,primary,7,"[17, 27]",28800,0.6494891924195766,1,0,"{""count"": 14400, ""harm_count"": 5783, ""auroc"": 0.6834932198637943}","{""count"": 7200, ""harm_count"": 3041, ""auroc"": 0.8509753573013016}","{""count"": 7200, ""harm_count"": 2742, ""auroc"": 0.5757043042789514}"
query_probability_gap,primary,17,"[7, 27]",28800,0.6493888249214691,1,0,"{""count"": 14400, ""harm_count"": 6464, ""auroc"": 0.6859287882110099}","{""count"": 7200, ""harm_count"": 3650, ""auroc"": 0.8913142967393402}","{""count"": 7200, ""harm_count"": 2814, ""auroc"": 0.5243122703206008}"
query_probability_gap,primary,27,"[7, 17]",28800,0.6829777079190161,1,0,"{""count"": 14400, ""harm_count"": 7347, ""auroc"": 0.6129536712168465}","{""count"": 7200, ""harm_count"": 4005, ""auroc"": 0.6778068884942335}","{""count"": 7200, ""harm_count"": 3342, ""auroc"": 0.5508257845309815}"
query_probability_gap,sensitivity_gt_005,7,"[17, 27]",28800,0.5697401459560701,1,0.05,"{""count"": 14400, ""harm_count"": 3938, ""auroc"": 0.5341477182313238}","{""count"": 7200, ""harm_count"": 1499, ""auroc"": 0.6212176298553242}","{""count"": 7200, ""harm_count"": 2439, ""auroc"": 0.5991872773170076}"
query_probability_gap,sensitivity_gt_005,17,"[7, 27]",28800,0.5474738493327654,1,0.05,"{""count"": 14400, ""harm_count"": 4999, ""auroc"": 0.5842661884147918}","{""count"": 7200, ""harm_count"": 2476, ""auroc"": 0.7321111630159266}","{""count"": 7200, ""harm_count"": 2523, ""auroc"": 0.527829027469411}"
query_probability_gap,sensitivity_gt_005,27,"[7, 17]",28800,0.560470252335131,1,0.05,"{""count"": 14400, ""harm_count"": 6105, ""auroc"": 0.5572209065879952}","{""count"": 7200, ""harm_count"": 3186, ""auroc"": 0.5700107689627422}","{""count"": 7200, ""harm_count"": 2919, ""auroc"": 0.5502979736543131}"
query_js,primary,7,"[17, 27]",28800,0.4813361381867085,-1,0,"{""count"": 14400, ""harm_count"": 5783, ""auroc"": 0.6586443428013716}","{""count"": 7200, ""harm_count"": 3041, ""auroc"": 0.7432968473895948}","{""count"": 7200, ""harm_count"": 2742, ""auroc"": 0.5597447478843793}"
query_js,primary,17,"[7, 27]",28800,0.45294131970754387,-1,0,"{""count"": 14400, ""harm_count"": 6464, ""auroc"": 0.5893209062038386}","{""count"": 7200, ""harm_count"": 3650, ""auroc"": 0.6873964885201621}","{""count"": 7200, ""harm_count"": 2814, ""auroc"": 0.5433133336639063}"
query_js,primary,27,"[7, 17]",28800,0.38192264499376893,-1,0,"{""count"": 14400, ""harm_count"": 7347, ""auroc"": 0.43796080044245295}","{""count"": 7200, ""harm_count"": 4005, ""auroc"": 0.3552345952535856}","{""count"": 7200, ""harm_count"": 3342, ""auroc"": 0.555669567057222}"
query_js,sensitivity_gt_005,7,"[17, 27]",28800,0.59550535545733,1,0.05,"{""count"": 14400, ""harm_count"": 3938, ""auroc"": 0.5161753984698207}","{""count"": 7200, ""harm_count"": 1499, ""auroc"": 0.5732762963416294}","{""count"": 7200, ""harm_count"": 2439, ""auroc"": 0.48481800718028184}"
query_js,sensitivity_gt_005,17,"[7, 27]",28800,0.5940946280516624,1,0.05,"{""count"": 14400, ""harm_count"": 4999, ""auroc"": 0.5352924217435765}","{""count"": 7200, ""harm_count"": 2476, ""auroc"": 0.5562373382268251}","{""count"": 7200, ""harm_count"": 2523, ""auroc"": 0.4949225305508755}"
query_js,sensitivity_gt_005,27,"[7, 17]",28800,0.5323578181123667,1,0.05,"{""count"": 14400, ""harm_count"": 6105, ""auroc"": 0.6648598689105019}","{""count"": 7200, ""harm_count"": 3186, ""auroc"": 0.7925430328439289}","{""count"": 7200, ""harm_count"": 2919, ""auroc"": 0.5165867906335658}"
representation_displacement,primary,7,"[17, 27]",28800,0.4734787892314765,-1,0,"{""count"": 14400, ""harm_count"": 5783, ""auroc"": 0.5959522565680591}","{""count"": 7200, ""harm_count"": 3041, ""auroc"": 0.6374028771967055}","{""count"": 7200, ""harm_count"": 2742, ""auroc"": 0.5610884341053005}"
representation_displacement,primary,17,"[7, 27]",28800,0.44715529404788695,-1,0,"{""count"": 14400, ""harm_count"": 6464, ""auroc"": 0.5297853901758623}","{""count"": 7200, ""harm_count"": 3650, ""auroc"": 0.5518087594057496}","{""count"": 7200, ""harm_count"": 2814, ""auroc"": 0.5453585923551417}"
representation_displacement,primary,27,"[7, 17]",28800,0.4442312378373475,-1,0,"{""count"": 14400, ""harm_count"": 7347, ""auroc"": 0.5191273113825553}","{""count"": 7200, ""harm_count"": 4005, ""auroc"": 0.5202929827543427}","{""count"": 7200, ""harm_count"": 3342, ""auroc"": 0.5481693165421537}"
representation_displacement,sensitivity_gt_005,7,"[17, 27]",28800,0.5146091950475791,1,0.05,"{""count"": 14400, ""harm_count"": 3938, ""auroc"": 0.49487630340629596}","{""count"": 7200, ""harm_count"": 1499, ""auroc"": 0.5402983383999553}","{""count"": 7200, ""harm_count"": 2439, ""auroc"": 0.4757971419243703}"
representation_displacement,sensitivity_gt_005,17,"[7, 27]",28800,0.5145503221364319,1,0.05,"{""count"": 14400, ""harm_count"": 4999, ""auroc"": 0.5135453215523437}","{""count"": 7200, ""harm_count"": 2476, ""auroc"": 0.5507809774854693}","{""count"": 7200, ""harm_count"": 2523, ""auroc"": 0.48721105152672384}"
representation_displacement,sensitivity_gt_005,27,"[7, 17]",28800,0.5117561844455264,1,0.05,"{""count"": 14400, ""harm_count"": 6105, ""auroc"": 0.5225113260556299}","{""count"": 7200, ""harm_count"": 3186, ""auroc"": 0.5232879992218071}","{""count"": 7200, ""harm_count"": 2919, ""auroc"": 0.5159853296659899}"
prediction_changed,primary,7,"[17, 27]",28800,0.43825405833415965,-1,0,"{""count"": 14400, ""harm_count"": 5783, ""auroc"": 0.601814611064741}","{""count"": 7200, ""harm_count"": 3041, ""auroc"": 0.6272772944638391}","{""count"": 7200, ""harm_count"": 2742, ""auroc"": 0.5683201247137151}"
prediction_changed,primary,17,"[7, 27]",28800,0.4433307929978114,-1,0,"{""count"": 14400, ""harm_count"": 6464, ""auroc"": 0.6097848381108272}","{""count"": 7200, ""harm_count"": 3650, ""auroc"": 0.6677059617981864}","{""count"": 7200, ""harm_count"": 2814, ""auroc"": 0.5333557928551497}"
prediction_changed,primary,27,"[7, 17]",28800,0.3954596189073086,-1,0,"{""count"": 14400, ""harm_count"": 7347, ""auroc"": 0.5084723684299653}","{""count"": 7200, ""harm_count"": 4005, ""auroc"": 0.44902146964182094}","{""count"": 7200, ""harm_count"": 3342, ""auroc"": 0.551639066576202}"
prediction_changed,sensitivity_gt_005,7,"[17, 27]",28800,0.49000938358234625,-1,0.05,"{""count"": 14400, ""harm_count"": 3938, ""auroc"": 0.5273155240581916}","{""count"": 7200, ""harm_count"": 1499, ""auroc"": 0.5340913705084802}","{""count"": 7200, ""harm_count"": 2439, ""auroc"": 0.548260350278361}"
prediction_changed,sensitivity_gt_005,17,"[7, 27]",28800,0.5000938678402707,1,0.05,"{""count"": 14400, ""harm_count"": 4999, ""auroc"": 0.4541671763775157}","{""count"": 7200, ""harm_count"": 2476, ""auroc"": 0.418674995451679}","{""count"": 7200, ""harm_count"": 2523, ""auroc"": 0.48824261311648043}"
prediction_changed,sensitivity_gt_005,27,"[7, 17]",28800,0.46496575560717807,-1,0.05,"{""count"": 14400, ""harm_count"": 6105, ""auroc"": 0.4689266942431499}","{""count"": 7200, ""harm_count"": 3186, ""auroc"": 0.40782543583334036}","{""count"": 7200, ""harm_count"": 2919, ""auroc"": 0.5247292405338918}"
delta_max_probability,primary,7,"[17, 27]",28800,0.28208999297092724,-1,0,"{""count"": 14400, ""harm_count"": 5783, ""auroc"": 0.6867057367888749}","{""count"": 7200, ""harm_count"": 3041, ""auroc"": 0.8101759325287434}","{""count"": 7200, ""harm_count"": 2742, ""auroc"": 0.5843245115526746}"
delta_max_probability,primary,17,"[7, 27]",28800,0.27606667603091367,-1,0,"{""count"": 14400, ""harm_count"": 6464, ""auroc"": 0.6824469187129462}","{""count"": 7200, ""harm_count"": 3650, ""auroc"": 0.7240375458228825}","{""count"": 7200, ""harm_count"": 2814, ""auroc"": 0.6012845031568106}"
delta_max_probability,primary,27,"[7, 17]",28800,0.3138141588358168,-1,0,"{""count"": 14400, ""harm_count"": 7347, ""auroc"": 0.7555217799024289}","{""count"": 7200, ""harm_count"": 4005, ""auroc"": 0.9055101701902356}","{""count"": 7200, ""harm_count"": 3342, ""auroc"": 0.5643681017224579}"
delta_max_probability,sensitivity_gt_005,7,"[17, 27]",28800,0.2570049686003382,-1,0.05,"{""count"": 14400, ""harm_count"": 3938, ""auroc"": 0.7315447964769158}","{""count"": 7200, ""harm_count"": 1499, ""auroc"": 0.843937588515714}","{""count"": 7200, ""harm_count"": 2439, ""auroc"": 0.6101775573521331}"
delta_max_probability,sensitivity_gt_005,17,"[7, 27]",28800,0.24758579160948754,-1,0.05,"{""count"": 14400, ""harm_count"": 4999, ""auroc"": 0.7178210346888014}","{""count"": 7200, ""harm_count"": 2476, ""auroc"": 0.8134977665350276}","{""count"": 7200, ""harm_count"": 2523, ""auroc"": 0.6115797099864908}"
delta_max_probability,sensitivity_gt_005,27,"[7, 17]",28800,0.2737717559080755,-1,0.05,"{""count"": 14400, ""harm_count"": 6105, ""auroc"": 0.7712280322406905}","{""count"": 7200, ""harm_count"": 3186, ""auroc"": 0.9067030302916566}","{""count"": 7200, ""harm_count"": 2919, ""auroc"": 0.5854216616695631}"
delta_entropy,primary,7,"[17, 27]",28800,0.7554705372021446,1,0,"{""count"": 14400, ""harm_count"": 5783, ""auroc"": 0.7342665254538384}","{""count"": 7200, ""harm_count"": 3041, ""auroc"": 0.8507889966403688}","{""count"": 7200, ""harm_count"": 2742, ""auroc"": 0.5770495448400976}"
delta_entropy,primary,17,"[7, 27]",28800,0.7659466743395168,1,0,"{""count"": 14400, ""harm_count"": 6464, ""auroc"": 0.7224854256390231}","{""count"": 7200, ""harm_count"": 3650, ""auroc"": 0.7703976075631873}","{""count"": 7200, ""harm_count"": 2814, ""auroc"": 0.60189752170682}"
delta_entropy,primary,27,"[7, 17]",28800,0.7295670903585644,1,0,"{""count"": 14400, ""harm_count"": 7347, ""auroc"": 0.7953349998845005}","{""count"": 7200, ""harm_count"": 4005, ""auroc"": 0.928874431217629}","{""count"": 7200, ""harm_count"": 3342, ""auroc"": 0.5661534287679405}"
delta_entropy,sensitivity_gt_005,7,"[17, 27]",28800,0.7607371288827381,1,0.05,"{""count"": 14400, ""harm_count"": 3938, ""auroc"": 0.7437743687061517}","{""count"": 7200, ""harm_count"": 1499, ""auroc"": 0.860751463964926}","{""count"": 7200, ""harm_count"": 2439, ""auroc"": 0.6052493270154293}"
delta_entropy,sensitivity_gt_005,17,"[7, 27]",28800,0.7706859172721556,1,0.05,"{""count"": 14400, ""harm_count"": 4999, ""auroc"": 0.7325885132350372}","{""count"": 7200, ""harm_count"": 2476, ""auroc"": 0.8532350873209227}","{""count"": 7200, ""harm_count"": 2523, ""auroc"": 0.6108313246589787}"
delta_entropy,sensitivity_gt_005,27,"[7, 17]",28800,0.7393236655311779,1,0.05,"{""count"": 14400, ""harm_count"": 6105, ""auroc"": 0.796517602593552}","{""count"": 7200, ""harm_count"": 3186, ""auroc"": 0.9183967225820738}","{""count"": 7200, ""harm_count"": 2919, ""auroc"": 0.5896991886918936}"
delta_probability_gap,primary,7,"[17, 27]",28800,0.28193504382397017,-1,0,"{""count"": 14400, ""harm_count"": 5783, ""auroc"": 0.6897801098572766}","{""count"": 7200, ""harm_count"": 3041, ""auroc"": 0.7962445440880539}","{""count"": 7200, ""harm_count"": 2742, ""auroc"": 0.5929753147866186}"
delta_probability_gap,primary,17,"[7, 27]",28800,0.2726314951705273,-1,0,"{""count"": 14400, ""harm_count"": 6464, ""auroc"": 0.6787631614487684}","{""count"": 7200, ""harm_count"": 3650, ""auroc"": 0.7234271271464403}","{""count"": 7200, ""harm_count"": 2814, ""auroc"": 0.5787365044363227}"
delta_probability_gap,primary,27,"[7, 17]",28800,0.3140084100601293,-1,0,"{""count"": 14400, ""harm_count"": 7347, ""auroc"": 0.7597553154438933}","{""count"": 7200, ""harm_count"": 4005, ""auroc"": 0.8977320602767667}","{""count"": 7200, ""harm_count"": 3342, ""auroc"": 0.5635795609486873}"
delta_probability_gap,sensitivity_gt_005,7,"[17, 27]",28800,0.2613583489658517,-1,0.05,"{""count"": 14400, ""harm_count"": 3938, ""auroc"": 0.7277736574328978}","{""count"": 7200, ""harm_count"": 1499, ""auroc"": 0.8321334260260509}","{""count"": 7200, ""harm_count"": 2439, ""auroc"": 0.6181402141683673}"
delta_probability_gap,sensitivity_gt_005,17,"[7, 27]",28800,0.2501060920262841,-1,0.05,"{""count"": 14400, ""harm_count"": 4999, ""auroc"": 0.711050858187806}","{""count"": 7200, ""harm_count"": 2476, ""auroc"": 0.8107444507064603}","{""count"": 7200, ""harm_count"": 2523, ""auroc"": 0.589434843231028}"
delta_probability_gap,sensitivity_gt_005,27,"[7, 17]",28800,0.2786377668341781,-1,0.05,"{""count"": 14400, ""harm_count"": 6105, ""auroc"": 0.7697305393507925}","{""count"": 7200, ""harm_count"": 3186, ""auroc"": 0.9004658366151614}","{""count"": 7200, ""harm_count"": 2919, ""auroc"": 0.5799230472464555}"
