scope,feature,count,harm_count,harm_gt_005_count,spearman,auroc_harm,auroc_harm_gt_005
overall,query_entropy,43200,19594,15042,-0.1483755627398096,0.3617561120068925,0.4605271067183253
overall,query_max_probability,43200,19594,15042,0.17159410693938618,0.6495975467542239,0.5499733827651117
overall,query_probability_gap,43200,19594,15042,0.19749813400343938,0.6605104441132712,0.5592992059669297
overall,query_js,43200,19594,15042,-0.1630616264668564,0.43900968963356113,0.5745173688400796
overall,representation_displacement,43200,19594,15042,-0.10816172126238709,0.4559645225771028,0.5144799641856084
overall,prediction_changed,43200,19594,15042,-0.2040775373669189,0.4254323691897826,0.4847508374378291
overall,delta_max_probability,43200,19594,15042,-0.28214991052053945,0.2902337903393821,0.25931153454089234
overall,delta_entropy,43200,19594,15042,0.31615144295796554,0.7502540299763588,0.7566825012039353
overall,delta_probability_gap,43200,19594,15042,-0.28134819104940606,0.2891184857141184,0.2631944297473337
regime/easy,query_entropy,21600,10696,7161,-0.43574079098357416,0.19509736088010357,0.3617016006713265
regime/easy,query_max_probability,21600,10696,7161,0.4499425967371056,0.8114353565227722,0.6435591605494355
regime/easy,query_probability_gap,21600,10696,7161,0.45659639246574635,0.8148581747772495,0.6457915269065179
regime/easy,query_js,21600,10696,7161,-0.13982795301508238,0.4038157636428289,0.6454768389917147
regime/easy,representation_displacement,21600,10696,7161,-0.053851525756997726,0.44225937480622346,0.5536390908735969
regime/easy,prediction_changed,21600,10696,7161,-0.2372621175716564,0.41756252020077583,0.49386706736424907
regime/easy,delta_max_probability,21600,10696,7161,-0.4973199061705613,0.1806565456206913,0.1390230867754778
regime/easy,delta_entropy,21600,10696,7161,0.5403572951622789,0.852135259730532,0.8788341660938056
regime/easy,delta_probability_gap,21600,10696,7161,-0.4836496050473076,0.18784454498112582,0.14526327036799347
seed/7/easy,query_entropy,7200,3041,1499,-0.516392470963075,0.159490647928657,0.39140401032132865
seed/7/easy,query_max_probability,7200,3041,1499,0.5351263316940673,0.8484225246073953,0.6183443467369172
seed/7/easy,query_probability_gap,7200,3041,1499,0.5386737836035324,0.8509753573013016,0.6212176298553242
seed/7/easy,query_js,7200,3041,1499,-0.4738561626258262,0.25670315261040527,0.5732762963416294
seed/7/easy,representation_displacement,7200,3041,1499,-0.25239316111869525,0.3625971228032945,0.5402983383999553
seed/7/easy,prediction_changed,7200,3041,1499,-0.4491642844571655,0.3727227055361609,0.46590862949151973
seed/7/easy,delta_max_probability,7200,3041,1499,-0.42756032196363375,0.1898240674712566,0.156062411484286
seed/7/easy,delta_entropy,7200,3041,1499,0.4855233994442528,0.8507889966403688,0.860751463964926
seed/7/easy,delta_probability_gap,7200,3041,1499,-0.401187482886847,0.20375545591194605,0.16786657397394908
branch/original_P/overall,query_entropy,4800,2105,1711,-0.1312662267259647,0.36681000709504274,0.46629969770753826
branch/original_P/overall,query_max_probability,4800,2105,1711,0.15310909779119347,0.6459677682344801,0.5460408050360256
branch/original_P/overall,query_probability_gap,4800,2105,1711,0.17522630448030835,0.6562863400596689,0.5552959455877353
branch/original_P/overall,query_js,4800,2105,1711,-0.22389331668373771,0.4143640682358022,0.5402937101333724
branch/original_P/overall,representation_displacement,4800,2105,1711,-0.12402556126413027,0.44318527756600373,0.5206663640651704
branch/original_P/overall,prediction_changed,4800,2105,1711,-0.2050945230030122,0.4249626518713726,0.4848963507886717
branch/original_P/overall,delta_max_probability,4800,2105,1711,-0.26171857192038717,0.2695010995112794,0.2486162982124501
branch/original_P/overall,delta_entropy,4800,2105,1711,0.29421279163249964,0.7732126441593696,0.7740626369960791
branch/original_P/overall,delta_probability_gap,4800,2105,1711,-0.24990266753049772,0.2766881574482525,0.2582421855118717
branch/original_P/easy,query_entropy,2400,1112,775,-0.4573521254083551,0.17979886277313553,0.3328579652605459
branch/original_P/easy,query_max_probability,2400,1112,775,0.4745811509689498,0.8266252681084946,0.6728488337468983
branch/original_P/easy,query_probability_gap,2400,1112,775,0.48250869661609314,0.8296763986326466,0.6751928535980148
branch/original_P/easy,query_js,2400,1112,775,-0.2296560329263946,0.3873336889494616,0.6040424813895782
branch/original_P/easy,representation_displacement,2400,1112,775,-0.0554846537299746,0.4681313955047142,0.5784933002481389
branch/original_P/easy,prediction_changed,2400,1112,775,-0.29827165400597316,0.4159842933106931,0.47094789081885857
branch/original_P/easy,delta_max_probability,2400,1112,775,-0.4748364722968781,0.1717220943741901,0.13213220843672457
branch/original_P/easy,delta_entropy,2400,1112,775,0.5090793470623867,0.8599119151883462,0.8853979156327544
branch/original_P/easy,delta_probability_gap,2400,1112,775,-0.4582548686206369,0.1822991141248492,0.14104377171215882
step/original_P/0/easy,query_entropy,2400,1112,775,-0.4573521254083551,0.17979886277313553,0.3328579652605459
step/original_P/0/easy,query_max_probability,2400,1112,775,0.4745811509689498,0.8266252681084946,0.6728488337468983
step/original_P/0/easy,query_probability_gap,2400,1112,775,0.48250869661609314,0.8296763986326466,0.6751928535980148
step/original_P/0/easy,query_js,2400,1112,775,-0.2296560329263946,0.3873336889494616,0.6040424813895782
step/original_P/0/easy,representation_displacement,2400,1112,775,-0.0554846537299746,0.4681313955047142,0.5784933002481389
step/original_P/0/easy,prediction_changed,2400,1112,775,-0.29827165400597316,0.4159842933106931,0.47094789081885857
step/original_P/0/easy,delta_max_probability,2400,1112,775,-0.4748364722968781,0.1717220943741901,0.13213220843672457
step/original_P/0/easy,delta_entropy,2400,1112,775,0.5090793470623867,0.8599119151883462,0.8853979156327544
step/original_P/0/easy,delta_probability_gap,2400,1112,775,-0.4582548686206369,0.1822991141248492,0.14104377171215882
state/seed7_original_P/easy,query_entropy,800,280,113,-0.641195853431021,0.08947115384615385,0.30786670273473227
state/seed7_original_P/easy,query_max_probability,800,280,113,0.6654784304350475,0.9165041208791209,0.7024642217670776
state/seed7_original_P/easy,query_probability_gap,800,280,113,0.6684466069478233,0.916875,0.7036493153508263
state/seed7_original_P/easy,query_js,800,280,113,-0.6857031964112444,0.1741414835164835,0.487962283108552
state/seed7_original_P/easy,representation_displacement,800,280,113,-0.32963535880524814,0.3343269230769231,0.5479512050598343
state/seed7_original_P/easy,prediction_changed,800,280,113,-0.5873573851928177,0.35260989010989013,0.4160966624157875
state/seed7_original_P/easy,delta_max_probability,800,280,113,-0.40690033890677957,0.16102335164835166,0.10137702721850807
state/seed7_original_P/easy,delta_entropy,800,280,113,0.44333959115561117,0.8817445054945054,0.8913320709510376
state/seed7_original_P/easy,delta_probability_gap,800,280,113,-0.3691385533414896,0.18775412087912088,0.12368770207777821
regime/hard,query_entropy,21600,8898,7881,0.021266501534016945,0.46577482749525145,0.45114000267796434
regime/hard,query_max_probability,21600,8898,7881,-0.016376224185270502,0.5395666448267474,0.5512479629125712
regime/hard,query_probability_gap,21600,8898,7881,0.002428338803487109,0.5460300806222512,0.5546746038887604
regime/hard,query_js,21600,8898,7881,-0.20132725321667458,0.4447978699726026,0.49672824329027454
regime/hard,representation_displacement,21600,8898,7881,-0.1896468014717224,0.4469356852070275,0.49180534501293516
regime/hard,prediction_changed,21600,8898,7881,-0.16301235160882835,0.44672092246212863,0.47003776073976855
regime/hard,delta_max_probability,21600,8898,7881,-0.0321775902105581,0.42055563925578077,0.4015793959123299
regime/hard,delta_entropy,21600,8898,7881,0.024960038195549542,0.576123452558907,0.5967546779446387
regime/hard,delta_probability_gap,21600,8898,7881,-0.039597478268085747,0.4252252314665139,0.4076754828518857
seed/7/hard,query_entropy,7200,2742,2439,0.024594051207446975,0.4519443814527616,0.42168831266132445
seed/7/hard,query_max_probability,7200,2742,2439,-0.015017097303289647,0.5601281381720108,0.5882177515326928
seed/7/hard,query_probability_gap,7200,2742,2439,0.019824816853292262,0.5757043042789514,0.5991872773170076
seed/7/hard,query_js,7200,2742,2439,-0.2531008126884159,0.44025525211562067,0.48481800718028184
seed/7/hard,representation_displacement,7200,2742,2439,-0.2315262638218801,0.4389115658946995,0.4757971419243703
seed/7/hard,prediction_changed,7200,2742,2439,-0.21804577112528886,0.43167987528628493,0.451739649721639
seed/7/hard,delta_max_probability,7200,2742,2439,-0.004447683293815388,0.4156754884473254,0.3898224426478669
seed/7/hard,delta_entropy,7200,2742,2439,-0.014904414864411296,0.5770495448400976,0.6052493270154293
seed/7/hard,delta_probability_gap,7200,2742,2439,-0.045003721032736387,0.4070246852133815,0.3818597858316327
branch/original_P/hard,query_entropy,2400,993,936,-0.018349958046867718,0.4421397544002044,0.43493122693942365
branch/original_P/hard,query_max_probability,2400,993,936,0.013628391254929038,0.564190985798958,0.5694510123301106
branch/original_P/hard,query_probability_gap,2400,993,936,0.016888825848754487,0.5617288324597699,0.5647323513614497
branch/original_P/hard,query_js,2400,993,936,-0.1957128707834845,0.4455302254373364,0.468616452991453
branch/original_P/hard,representation_displacement,2400,993,936,-0.1939568748189019,0.43517987676349945,0.4553682978375601
branch/original_P/hard,prediction_changed,2400,993,936,-0.15693648866637055,0.4533761919792492,0.47054960067255147
branch/original_P/hard,delta_max_probability,2400,993,936,-0.090583402879063,0.3778567957221517,0.3707447398533464
branch/original_P/hard,delta_entropy,2400,993,936,0.10801811944759018,0.6259144501918548,0.6310081558544673
branch/original_P/hard,delta_probability_gap,2400,993,936,-0.07915255540842976,0.39878438336300087,0.39008497384521973
step/original_P/0/hard,query_entropy,2400,993,936,-0.018349958046867718,0.4421397544002044,0.43493122693942365
step/original_P/0/hard,query_max_probability,2400,993,936,0.013628391254929038,0.564190985798958,0.5694510123301106
step/original_P/0/hard,query_probability_gap,2400,993,936,0.016888825848754487,0.5617288324597699,0.5647323513614497
step/original_P/0/hard,query_js,2400,993,936,-0.1957128707834845,0.4455302254373364,0.468616452991453
step/original_P/0/hard,representation_displacement,2400,993,936,-0.1939568748189019,0.43517987676349945,0.4553682978375601
step/original_P/0/hard,prediction_changed,2400,993,936,-0.15693648866637055,0.4533761919792492,0.47054960067255147
step/original_P/0/hard,delta_max_probability,2400,993,936,-0.090583402879063,0.3778567957221517,0.3707447398533464
step/original_P/0/hard,delta_entropy,2400,993,936,0.10801811944759018,0.6259144501918548,0.6310081558544673
step/original_P/0/hard,delta_probability_gap,2400,993,936,-0.07915255540842976,0.39878438336300087,0.39008497384521973
state/seed7_original_P/hard,query_entropy,800,308,290,0.029664163537755528,0.4693670150987224,0.44369844489519944
state/seed7_original_P/hard,query_max_probability,800,308,290,-0.04096211087829825,0.5449200190053849,0.5652670723461799
state/seed7_original_P/hard,query_probability_gap,800,308,290,-0.023036121931440518,0.557035951853025,0.5710885733603787
state/seed7_original_P/hard,query_js,800,308,290,-0.24824912226425352,0.43424004856931686,0.45643678160919543
state/seed7_original_P/hard,representation_displacement,800,308,290,-0.21839009904702977,0.4180590750712702,0.4386680189317106
state/seed7_original_P/hard,prediction_changed,800,308,290,-0.20300564095394052,0.45120631401119204,0.4645368492224476
state/seed7_original_P/hard,delta_max_probability,800,308,290,-0.030049312577050902,0.37308626333016576,0.3635632183908046
state/seed7_original_P/hard,delta_entropy,800,308,290,0.03598184528413326,0.6110165241262803,0.6213387423935092
state/seed7_original_P/hard,delta_probability_gap,800,308,290,-0.0523104020475032,0.37402333438918806,0.36283299526707236
branch/P_O0_resume/overall,query_entropy,19200,9372,7187,-0.1592630473019424,0.3497450753906153,0.48233068227383324
branch/P_O0_resume/overall,query_max_probability,19200,9372,7187,0.1754060720159077,0.6589634934705357,0.5267751249165614
branch/P_O0_resume/overall,query_probability_gap,19200,9372,7187,0.1931672354145714,0.6671756831674672,0.5349830770387412
branch/P_O0_resume/overall,query_js,19200,9372,7187,-0.058097833526537634,0.465896898702063,0.6172284301579463
branch/P_O0_resume/overall,representation_displacement,19200,9372,7187,-0.050125692657811666,0.4625951013861812,0.5288324597010536
branch/P_O0_resume/overall,prediction_changed,19200,9372,7187,-0.13073454727358114,0.4399617075673414,0.5063064419880643
branch/P_O0_resume/overall,delta_max_probability,19200,9372,7187,-0.28137058134538284,0.2928641900179459,0.2729636928854184
branch/P_O0_resume/overall,delta_entropy,19200,9372,7187,0.3240112092292242,0.7532022077209871,0.742670731076073
branch/P_O0_resume/overall,delta_probability_gap,19200,9372,7187,-0.27949643022890563,0.2925260924087215,0.2729979480163129
branch/P_O0_resume/easy,query_entropy,9600,5292,3444,-0.3415762071432965,0.21743121833485277,0.4363311074283118
branch/P_O0_resume/easy,query_max_probability,9600,5292,3444,0.3556977283256387,0.7891856306641093,0.5695415848790902
branch/P_O0_resume/easy,query_probability_gap,9600,5292,3444,0.36157013356195894,0.7920331033476012,0.5718574609513848
branch/P_O0_resume/easy,query_js,9600,5292,3444,0.06169817825464603,0.45813410477158983,0.7272539505191766
branch/P_O0_resume/easy,representation_displacement,9600,5292,3444,0.04353143371344872,0.45568147046294016,0.5868166162168444
branch/P_O0_resume/easy,prediction_changed,9600,5292,3444,-0.052563449773260926,0.4572729741850315,0.5415345047351894
branch/P_O0_resume/easy,delta_max_probability,9600,5292,3444,-0.509697744003703,0.1911883821412605,0.15113801705407753
branch/P_O0_resume/easy,delta_entropy,9600,5292,3444,0.5713744270168666,0.8535265209973394,0.873615412741429
branch/P_O0_resume/easy,delta_probability_gap,9600,5292,3444,-0.49251757317456135,0.19891498072457087,0.15967656456709373
step/P_O0_resume/50/easy,query_entropy,2400,1174,739,-0.47305636511395227,0.16960045132298218,0.34251665405273735
step/P_O0_resume/50/easy,query_max_probability,2400,1174,739,0.4893193850768548,0.8385005738805161,0.6626264074578873
step/P_O0_resume/50/easy,query_probability_gap,2400,1174,739,0.4960930488008765,0.8427720235332697,0.6634565642263534
step/P_O0_resume/50/easy,query_js,2400,1174,739,-0.19183153156797422,0.36973329146182515,0.6372027545888769
step/P_O0_resume/50/easy,representation_displacement,2400,1174,739,-0.034978557287943975,0.4401378702779916,0.5825940810392682
step/P_O0_resume/50/easy,prediction_changed,2400,1174,739,-0.2925452587628634,0.40923655827318933,0.4765837134484582
step/P_O0_resume/50/easy,delta_max_probability,2400,1174,739,-0.45339296847100147,0.2015383610639439,0.13006902765749964
step/P_O0_resume/50/easy,delta_entropy,2400,1174,739,0.5193123123806098,0.8413644182963669,0.8989440959886076
step/P_O0_resume/50/easy,delta_probability_gap,2400,1174,739,-0.43369726019049654,0.2109969680210988,0.14072501444016558
state/seed7_P_O0_resume_step50/easy,query_entropy,800,311,88,-0.6518470888235763,0.09004530540048264,0.3472452757916241
state/seed7_P_O0_resume_step50/easy,query_max_probability,800,311,88,0.6606720479250748,0.9116380302342861,0.6500734167517875
state/seed7_P_O0_resume_step50/easy,query_probability_gap,800,311,88,0.660120328313013,0.911302678213297,0.6457960929519918
state/seed7_P_O0_resume_step50/easy,query_js,800,311,88,-0.6608208528450825,0.15340711077795094,0.5285686925434117
state/seed7_P_O0_resume_step50/easy,representation_displacement,800,311,88,-0.2920150890860767,0.33299798131234426,0.5673040091930541
state/seed7_P_O0_resume_step50/easy,prediction_changed,800,311,88,-0.4987543813742211,0.3767219668724808,0.4427987742594484
state/seed7_P_O0_resume_step50/easy,delta_max_probability,800,311,88,-0.35141499439842877,0.20670835552574648,0.11694011746680286
state/seed7_P_O0_resume_step50/easy,delta_entropy,800,311,88,0.4157724308944233,0.8320412417230518,0.9007916241062308
state/seed7_P_O0_resume_step50/easy,delta_probability_gap,800,311,88,-0.32916642057253215,0.21936625043562885,0.1324055158324821
branch/P_O0_resume/hard,query_entropy,9600,4080,3743,-0.003983194419848029,0.46170889279624894,0.45809205240710893
branch/P_O0_resume/hard,query_max_probability,9600,4080,3743,-0.000726014296908162,0.5404128037084399,0.5456746737669921
branch/P_O0_resume/hard,query_probability_gap,9600,4080,3743,0.009822730046428703,0.5456485107630008,0.5518444058412195
branch/P_O0_resume/hard,query_js,9600,4080,3743,-0.17688981279177315,0.4587312624325092,0.4902564919886195
branch/P_O0_resume/hard,representation_displacement,9600,4080,3743,-0.16867530851155935,0.4575636278061949,0.48216435063281976
branch/P_O0_resume/hard,prediction_changed,9600,4080,3743,-0.1691767542077299,0.4497016197783461,0.4648447405163704
branch/P_O0_resume/hard,delta_max_probability,9600,4080,3743,-0.06496785446537284,0.40487654074310886,0.3953346913441657
branch/P_O0_resume/hard,delta_entropy,9600,4080,3743,0.0669454418478238,0.5929787848110258,0.6018610985455247
branch/P_O0_resume/hard,delta_probability_gap,9600,4080,3743,-0.0724649683771187,0.4054826033674339,0.3942284205116411
step/P_O0_resume/50/hard,query_entropy,2400,997,933,-0.034090564946278636,0.4366420716175612,0.4399095207096312
step/P_O0_resume/50/hard,query_max_probability,2400,997,933,0.02510181338573149,0.565056538110411,0.5675376321224861
step/P_O0_resume/50/hard,query_probability_gap,2400,997,933,0.02529182383538608,0.5610423572928336,0.5679204740810879
step/P_O0_resume/50/hard,query_js,2400,997,933,-0.20227993963193397,0.44507149388293177,0.461941929304287
step/P_O0_resume/50/hard,representation_displacement,2400,997,933,-0.2116865289386335,0.4302923024240219,0.4403157423298271
step/P_O0_resume/50/hard,prediction_changed,2400,997,933,-0.15334223651565307,0.4513808710522158,0.4629490812888915
step/P_O0_resume/50/hard,delta_max_probability,2400,997,933,-0.12503444184625725,0.3671828028633298,0.35902027528090297
step/P_O0_resume/50/hard,delta_entropy,2400,997,933,0.13164903500851302,0.6340160896088122,0.6346233792232253
step/P_O0_resume/50/hard,delta_probability_gap,2400,997,933,-0.11866609612258613,0.3809782876784309,0.3677021664909539
state/seed7_P_O0_resume_step50/hard,query_entropy,800,313,291,-0.0215191039360999,0.4511680694871778,0.4504688797520912
state/seed7_P_O0_resume_step50/hard,query_max_probability,800,313,291,0.01089008732826145,0.5609160866227998,0.569913380457605
state/seed7_P_O0_resume_step50/hard,query_probability_gap,800,313,291,0.03208851888831076,0.5751323549671655,0.5912745832742592
state/seed7_P_O0_resume_step50/hard,query_js,800,313,291,-0.232045136008025,0.43773904258320157,0.4519541719833377
state/seed7_P_O0_resume_step50/hard,representation_displacement,800,313,291,-0.2111661815096586,0.42700631761255914,0.43043768861523507
state/seed7_P_O0_resume_step50/hard,prediction_changed,800,313,291,-0.2066963604488343,0.4442698663657655,0.4475759355653225
state/seed7_P_O0_resume_step50/hard,delta_max_probability,800,313,291,-0.07462715566743074,0.3571123983966516,0.3495972832654825
state/seed7_P_O0_resume_step50/hard,delta_entropy,800,313,291,0.07096328275512931,0.6313413938109702,0.629588371512095
state/seed7_P_O0_resume_step50/hard,delta_probability_gap,800,313,291,-0.10669760421500658,0.35657445007905214,0.33961882000283555
step/P_O0_resume/100/easy,query_entropy,2400,1286,850,-0.4678867435567263,0.17288517971470135,0.35449715370018975
step/P_O0_resume/100/easy,query_max_probability,2400,1286,850,0.4775017529153445,0.8307937853028471,0.6492819734345351
step/P_O0_resume/100/easy,query_probability_gap,2400,1286,850,0.4805853282266195,0.8317162314219422,0.6501115749525617
step/P_O0_resume/100/easy,query_js,2400,1286,850,-0.03770939803982605,0.42491923797504405,0.6743013282732447
step/P_O0_resume/100/easy,representation_displacement,2400,1286,850,0.014563491243661674,0.4468527241303249,0.5750588235294117
step/P_O0_resume/100/easy,prediction_changed,2400,1286,850,-0.23244547073965444,0.4179898981155993,0.4796584440227704
step/P_O0_resume/100/easy,delta_max_probability,2400,1286,850,-0.5654838290770536,0.17681089819657073,0.11059278937381405
step/P_O0_resume/100/easy,delta_entropy,2400,1286,850,0.6372937477940535,0.8728134222716117,0.9193267552182163
step/P_O0_resume/100/easy,delta_probability_gap,2400,1286,850,-0.5457188351942422,0.18580012341163363,0.12068918406072106
state/seed7_P_O0_resume_step100/easy,query_entropy,800,329,133,-0.6442819441905377,0.11346227066514368,0.34607884027910857
state/seed7_P_O0_resume_step100/easy,query_max_probability,800,329,133,0.6638347364439323,0.8919875579992127,0.6626292117099345
state/seed7_P_O0_resume_step100/easy,query_probability_gap,800,329,133,0.6693282098878279,0.8943397931065636,0.6650584482194992
state/seed7_P_O0_resume_step100/easy,query_js,800,329,133,-0.5023332302081722,0.23770158558070198,0.6028790116220085
state/seed7_P_O0_resume_step100/easy,representation_displacement,800,329,133,-0.11231691768268388,0.39705986744880906,0.6272051943952835
state/seed7_P_O0_resume_step100/easy,prediction_changed,800,329,133,-0.4578945505754613,0.3937202743951626,0.4491269402892539
state/seed7_P_O0_resume_step100/easy,delta_max_probability,800,329,133,-0.45607477511683614,0.17720816474035067,0.10487989088162686
state/seed7_P_O0_resume_step100/easy,delta_entropy,800,329,133,0.5175100664219788,0.8617827941584548,0.9035519834067929
state/seed7_P_O0_resume_step100/easy,delta_probability_gap,800,329,133,-0.43987242948817107,0.18686878464626128,0.1127594097687998
step/P_O0_resume/100/hard,query_entropy,2400,983,933,-0.002447950945824817,0.45564074086571216,0.4542281022071131
step/P_O0_resume/100/hard,query_max_probability,2400,983,933,-0.008253362543986552,0.546789421578263,0.5492423163107478
step/P_O0_resume/100/hard,query_probability_gap,2400,983,933,-0.0017028952609193162,0.5500128866812022,0.5523642317479731
step/P_O0_resume/100/hard,query_js,2400,983,933,-0.165189208366182,0.48342930740011386,0.493588493115055
step/P_O0_resume/100/hard,representation_displacement,2400,983,933,-0.16327037990805207,0.4729634556694577,0.47658344237753625
step/P_O0_resume/100/hard,prediction_changed,2400,983,933,-0.17022669577323293,0.46021964073799404,0.46804621282359826
step/P_O0_resume/100/hard,delta_max_probability,2400,983,933,-0.08329541637073201,0.3888145043007055,0.3850016548416722
step/P_O0_resume/100/hard,delta_entropy,2400,983,933,0.08789309164810619,0.6042388925064128,0.6098767380403898
step/P_O0_resume/100/hard,delta_probability_gap,2400,983,933,-0.09277782513503909,0.38767588166078093,0.38364271201152034
state/seed7_P_O0_resume_step100/hard,query_entropy,800,311,293,-0.017192628425981914,0.44979911756389773,0.4325921737315804
state/seed7_P_O0_resume_step100/hard,query_max_probability,800,311,293,0.010722649566639948,0.5639831929457716,0.5779967822498671
state/seed7_P_O0_resume_step100/hard,query_probability_gap,800,311,293,0.04500351563049317,0.5869778207379059,0.5982255252404898
state/seed7_P_O0_resume_step100/hard,query_js,800,311,293,-0.19228504263287913,0.47806074474450777,0.49475937556798677
state/seed7_P_O0_resume_step100/hard,representation_displacement,800,311,293,-0.18103162661191657,0.45957035488134457,0.4548808153428789
state/seed7_P_O0_resume_step100/hard,prediction_changed,800,311,293,-0.16934780256854057,0.46903254229709557,0.48082476725165096
state/seed7_P_O0_resume_step100/hard,delta_max_probability,800,311,293,-0.08804845007570325,0.3700971205754904,0.3617343538582709
state/seed7_P_O0_resume_step100/hard,delta_entropy,800,311,293,0.08890853735708962,0.6170477186199278,0.6352229200745871
state/seed7_P_O0_resume_step100/hard,delta_probability_gap,800,311,293,-0.13911314705179226,0.3481151243761466,0.3438011188076822
step/P_O0_resume/200/easy,query_entropy,2400,1355,904,-0.2859592189165311,0.24569925316478045,0.459229774975155
step/P_O0_resume/200/easy,query_max_probability,2400,1355,904,0.3074766271660811,0.7641088296050424,0.5504131962519521
step/P_O0_resume/200/easy,query_probability_gap,2400,1355,904,0.31805040157125025,0.7689945090838468,0.555379980833846
step/P_O0_resume/200/easy,query_js,2400,1355,904,0.14963887320119326,0.5000116527481064,0.7606759618569874
step/P_O0_resume/200/easy,representation_displacement,2400,1355,904,0.057371732182592394,0.45892265047052383,0.5907456757843926
step/P_O0_resume/200/easy,prediction_changed,2400,1355,904,0.021622829604677974,0.47577640848178815,0.5595688798447778
step/P_O0_resume/200/easy,delta_max_probability,2400,1355,904,-0.5539299566518718,0.17450166846166068,0.14430960437272253
step/P_O0_resume/200/easy,delta_entropy,2400,1355,904,0.6040019737850649,0.8635279577676159,0.8755124284226965
step/P_O0_resume/200/easy,delta_probability_gap,2400,1355,904,-0.5402938785232428,0.1800102402937905,0.15077300530026974
state/seed7_P_O0_resume_step200/easy,query_entropy,800,441,256,-0.27457910871735736,0.25330503603484106,0.5264174517463235
state/seed7_P_O0_resume_step200/easy,query_max_probability,800,441,256,0.30214071428236605,0.7592645228936514,0.48702464384191174
state/seed7_P_O0_resume_step200/easy,query_probability_gap,800,441,256,0.3144672413550646,0.7661809384849576,0.4939970128676471
state/seed7_P_O0_resume_step200/easy,query_js,800,441,256,-0.0007277120745501164,0.4209286314340035,0.7367876838235294
state/seed7_P_O0_resume_step200/easy,representation_displacement,800,441,256,-0.0670880032625051,0.40434818309868054,0.5604104434742647
state/seed7_P_O0_resume_step200/easy,prediction_changed,800,441,256,-0.029554845088207233,0.47254277755670515,0.5549172794117647
state/seed7_P_O0_resume_step200/easy,delta_max_probability,800,441,256,-0.5719499478043126,0.16688458113050234,0.16885914522058823
state/seed7_P_O0_resume_step200/easy,delta_entropy,800,441,256,0.607249909765484,0.8644635198554816,0.8371151194852942
state/seed7_P_O0_resume_step200/easy,delta_probability_gap,800,441,256,-0.5742674597929059,0.1656465743214649,0.16770306755514705
step/P_O0_resume/200/hard,query_entropy,2400,1037,956,0.008534767974786106,0.47549119836765996,0.4722651224515815
step/P_O0_resume/200/hard,query_max_probability,2400,1037,956,-0.01383614389516387,0.5238409232569542,0.5285635844179928
step/P_O0_resume/200/hard,query_probability_gap,2400,1037,956,0.0005763941972906592,0.5314274273027831,0.5381306575180519
step/P_O0_resume/200/hard,query_js,2400,1037,956,-0.15662197250381468,0.45998637358314626,0.48781713974431784
step/P_O0_resume/200/hard,representation_displacement,2400,1037,956,-0.1344930763008813,0.4673733631142942,0.4870891236569733
step/P_O0_resume/200/hard,prediction_changed,2400,1037,956,-0.17065844106173422,0.451358432070614,0.46531456090126216
step/P_O0_resume/200/hard,delta_max_probability,2400,1037,956,-0.04749304470365359,0.4167596437321666,0.40493196490455385
step/P_O0_resume/200/hard,delta_entropy,2400,1037,956,0.0562712406720904,0.5861863791016328,0.5985364341264966
step/P_O0_resume/200/hard,delta_probability_gap,2400,1037,956,-0.061174008016320836,0.41205548767502626,0.40100140242701005
state/seed7_P_O0_resume_step200/hard,query_entropy,800,310,285,0.015560086812635645,0.4605990783410138,0.45409640606370294
state/seed7_P_O0_resume_step200/hard,query_max_probability,800,310,285,-0.008713115176742463,0.5338183015141541,0.5444660194174757
state/seed7_P_O0_resume_step200/hard,query_probability_gap,800,310,285,0.02952857738840217,0.5459907834101383,0.5578470447964572
state/seed7_P_O0_resume_step200/hard,query_js,800,310,285,-0.17998619529093013,0.4854707044107966,0.49231136092658834
state/seed7_P_O0_resume_step200/hard,representation_displacement,800,310,285,-0.1592238894123272,0.4793285055957867,0.47146312382898997
state/seed7_P_O0_resume_step200/hard,prediction_changed,800,310,285,-0.1483573562300784,0.46362738643844636,0.4745358541986033
state/seed7_P_O0_resume_step200/hard,delta_max_probability,800,310,285,-0.041081548564919634,0.40727452271231074,0.3912451030488843
state/seed7_P_O0_resume_step200/hard,delta_entropy,800,310,285,0.03417563152442426,0.5992231731402239,0.616412876852325
state/seed7_P_O0_resume_step200/hard,delta_probability_gap,800,310,285,-0.08392625613477521,0.3895523370638578,0.374368932038835
step/P_O0_resume/400/easy,query_entropy,2400,1477,951,-0.13434854762995618,0.274265351496511,0.5689590485914722
step/P_O0_resume/400/easy,query_max_probability,2400,1477,951,0.15498022796204927,0.7354597875257377,0.4409299281058985
step/P_O0_resume/400/easy,query_probability_gap,2400,1477,951,0.1627386402324028,0.7387430672258121,0.44563312455234
step/P_O0_resume/400/easy,query_js,2400,1477,951,0.30233595005832464,0.5337178007894249,0.816354003159654
step/P_O0_resume/400/easy,representation_displacement,2400,1477,951,0.04310226616358787,0.4309532000607363,0.5742631163012455
step/P_O0_resume/400/easy,prediction_changed,2400,1477,951,0.21665553658501788,0.5190769113404452,0.6359514774684162
step/P_O0_resume/400/easy,delta_max_probability,2400,1477,951,-0.4723069674144041,0.197910026693152,0.2097106021121931
step/P_O0_resume/400/easy,delta_entropy,2400,1477,951,0.5405445478375951,0.8563968572646231,0.8146079931843202
step/P_O0_resume/400/easy,delta_probability_gap,2400,1477,951,-0.4567472060325011,0.20518004123904932,0.21731147845535448
state/seed7_P_O0_resume_step400/easy,query_entropy,800,475,288,-0.06738024590663423,0.328434008097166,0.6596815321180556
state/seed7_P_O0_resume_step400/easy,query_max_probability,800,475,288,0.10722265253865232,0.6906493927125507,0.3596055772569444
state/seed7_P_O0_resume_step400/easy,query_probability_gap,800,475,288,0.12015726587072792,0.6978072874493927,0.3662584092881944
state/seed7_P_O0_resume_step400/easy,query_js,800,475,288,0.33894029521921126,0.5669959514170041,0.8837619357638888
state/seed7_P_O0_resume_step400/easy,representation_displacement,800,475,288,0.019644194756554306,0.4290655870445344,0.6229383680555556
state/seed7_P_O0_resume_step400/easy,prediction_changed,800,475,288,0.3758572000864692,0.5846153846153846,0.7160373263888888
state/seed7_P_O0_resume_step400/easy,delta_max_probability,800,475,288,-0.5029572546207104,0.165382995951417,0.2434624565972222
state/seed7_P_O0_resume_step400/easy,delta_entropy,800,475,288,0.5726096993901553,0.8773441295546559,0.7831895616319444
state/seed7_P_O0_resume_step400/easy,delta_probability_gap,800,475,288,-0.48560107906418604,0.1719902834008097,0.249267578125
step/P_O0_resume/400/hard,query_entropy,2400,1063,921,0.01682400552500096,0.47876383219898805,0.4667127699482953
step/P_O0_resume/400/hard,query_max_probability,2400,1063,921,-0.014814473926123945,0.5262149502790187,0.5374431325564784
step/P_O0_resume/400/hard,query_probability_gap,2400,1063,921,0.006943457802683646,0.538963053859647,0.5486239124801143
step/P_O0_resume/400/hard,query_js,2400,1063,921,-0.14964801382778017,0.4628121677616095,0.5259393360099666
step/P_O0_resume/400/hard,representation_displacement,2400,1063,921,-0.12393085224493963,0.47243340456266436,0.5260656061443635
step/P_O0_resume/400/hard,prediction_changed,2400,1063,921,-0.17014087846938764,0.4459771142059243,0.46161020849988876
step/P_O0_resume/400/hard,delta_max_probability,2400,1063,921,0.025600299583385343,0.44735584855663857,0.4355284515243815
step/P_O0_resume/400/hard,delta_entropy,2400,1063,921,-0.03970496609461217,0.5466036133464581,0.5617178317656015
step/P_O0_resume/400/hard,delta_probability_gap,2400,1063,921,0.006132710266095532,0.43915310037566024,0.4244093384105673
state/seed7_P_O0_resume_step400/hard,query_entropy,800,330,277,0.020329789577796215,0.48329464861379756,0.44922034085496754
state/seed7_P_O0_resume_step400/hard,query_max_probability,800,330,277,0.014944101475158554,0.5404900064474533,0.5669595709286193
state/seed7_P_O0_resume_step400/hard,query_probability_gap,800,330,277,0.07089043889131076,0.5750870406189555,0.5921060805820351
state/seed7_P_O0_resume_step400/hard,query_js,800,330,277,-0.1927034495366399,0.4549323017408124,0.5301268024656418
state/seed7_P_O0_resume_step400/hard,representation_displacement,800,330,277,-0.14946285853571648,0.45551257253384914,0.5285875019845242
state/seed7_P_O0_resume_step400/hard,prediction_changed,800,330,277,-0.2174423253245338,0.43894261766602194,0.4487613117877284
state/seed7_P_O0_resume_step400/hard,delta_max_probability,800,330,277,0.001035657868215419,0.42415215989684074,0.4034002664439398
state/seed7_P_O0_resume_step400/hard,delta_entropy,800,330,277,-0.040632766613697836,0.5659638942617666,0.5888963284577313
state/seed7_P_O0_resume_step400/hard,delta_probability_gap,800,330,277,-0.04281241064439163,0.4142359767891683,0.39154144031586724
branch/P_C2_warm/overall,query_entropy,19200,8117,6144,-0.13170776664688522,0.3743052008559603,0.43706660800509983
branch/P_C2_warm/overall,query_max_probability,19200,8117,6144,0.16317826550933623,0.6397956103303808,0.5746522666582095
branch/P_C2_warm/overall,query_probability_gap,19200,8117,6144,0.19887527807422148,0.6538741395674385,0.5852875803031173
branch/P_C2_warm/overall,query_js,19200,8117,6144,-0.2563085220643677,0.4145261813237559,0.5345285577711716
branch/P_C2_warm/overall,representation_displacement,19200,8117,6144,-0.19214310679021024,0.4377714956032306,0.485799589967416
branch/P_C2_warm/overall,prediction_changed,19200,8117,6144,-0.2829838567683771,0.40890825106973644,0.45934340533088236
branch/P_C2_warm/overall,delta_max_probability,19200,8117,6144,-0.28559569180980104,0.2909503294165828,0.2462304246191885
branch/P_C2_warm/overall,delta_entropy,19200,8117,6144,0.31113179704422145,0.7442367590891984,0.770724788989896
branch/P_C2_warm/overall,delta_probability_gap,19200,8117,6144,-0.28765661285285526,0.2876679187206513,0.25304630379271664
branch/P_C2_warm/easy,query_entropy,9600,4292,2942,-0.49228864562758945,0.1791454861430565,0.294060303547569
branch/P_C2_warm/easy,query_max_probability,9600,4292,2942,0.5091049595938932,0.8286938827323542,0.7119848256846749
branch/P_C2_warm/easy,query_probability_gap,9600,4292,2942,0.5185165111601184,0.8336604492260886,0.7152188225386408
branch/P_C2_warm/easy,query_js,9600,4292,2942,-0.29537507888861847,0.3632793543094845,0.5766103514446415
branch/P_C2_warm/easy,representation_displacement,9600,4292,2942,-0.1531168494668712,0.4211024910262236,0.5126333506161681
branch/P_C2_warm/easy,prediction_changed,9600,4292,2942,-0.37943844025158846,0.3822188772718877,0.451724784708224
branch/P_C2_warm/easy,delta_max_probability,9600,4292,2942,-0.47718000658639714,0.17103750532878328,0.12772329725447976
branch/P_C2_warm/easy,delta_entropy,9600,4292,2942,0.5084799348250861,0.8527336307151421,0.8847255511022248
branch/P_C2_warm/easy,delta_probability_gap,9600,4292,2942,-0.4685048406684553,0.1762802336026227,0.1306779370625729
step/P_C2_warm/50/easy,query_entropy,2400,1085,762,-0.47897546423185144,0.16979832138914686,0.2710462474242002
step/P_C2_warm/50/easy,query_max_probability,2400,1085,762,0.4960278822305412,0.8377102206024075,0.7337800723627496
step/P_C2_warm/50/easy,query_probability_gap,2400,1085,762,0.5059382649198376,0.8424222459743127,0.735731751479783
step/P_C2_warm/50/easy,query_js,2400,1085,762,-0.30589686907931757,0.35009724728846525,0.5571202638131773
step/P_C2_warm/50/easy,representation_displacement,2400,1085,762,-0.15025359292597099,0.4301638310175045,0.5307605780046725
step/P_C2_warm/50/easy,prediction_changed,2400,1085,762,-0.44029626036590486,0.3556675018836187,0.42151942545643334
step/P_C2_warm/50/easy,delta_max_probability,2400,1085,762,-0.47660094732655334,0.17173415570079376,0.12177804697489737
step/P_C2_warm/50/easy,delta_entropy,2400,1085,762,0.5040068973970308,0.8535256084526291,0.8880612679825278
step/P_C2_warm/50/easy,delta_probability_gap,2400,1085,762,-0.4675659396815868,0.17856003924935607,0.1268679556081131
state/seed7_P_C2_warm_step50/easy,query_entropy,800,299,138,-0.5873225661290096,0.1021568902329121,0.2894610096764307
state/seed7_P_C2_warm_step50/easy,query_max_probability,800,299,138,0.6059005404695945,0.903504028731834,0.7169206182407286
state/seed7_P_C2_warm_step50/easy,query_probability_gap,800,299,138,0.6049196795619993,0.9023491478581299,0.7149503043040414
state/seed7_P_C2_warm_step50/easy,query_js,800,299,138,-0.7035030210984705,0.15505443961575177,0.4206839178598012
state/seed7_P_C2_warm_step50/easy,representation_displacement,800,299,138,-0.46937520214875333,0.27934098358467013,0.43932527693857
state/seed7_P_C2_warm_step50/easy,prediction_changed,800,299,138,-0.6903040367866132,0.29611012089533306,0.35074871929594115
state/seed7_P_C2_warm_step50/easy,delta_max_probability,800,299,138,-0.40538826623166596,0.17451384855706648,0.10760103332019791
state/seed7_P_C2_warm_step50/easy,delta_entropy,800,299,138,0.46535587555605556,0.8692381124039547,0.9122991374403433
state/seed7_P_C2_warm_step50/easy,delta_probability_gap,800,299,138,-0.36579488405450633,0.19606272405022732,0.1270743027277902
branch/P_C2_warm/hard,query_entropy,9600,3825,3202,0.05883892865764897,0.47551377076082957,0.44623554089260015
branch/P_C2_warm/hard,query_max_probability,9600,3825,3202,-0.04346047621393468,0.5326465778230484,0.5533662924410911
branch/P_C2_warm/hard,query_probability_gap,9600,3825,3202,-0.01174352384987558,0.5424447500212206,0.5555778576182946
branch/P_C2_warm/hard,query_js,9600,3825,3202,-0.27553927938410677,0.4092769034886682,0.48388389055839787
branch/P_C2_warm/hard,representation_displacement,9600,3825,3202,-0.27559398100416643,0.41095137368078544,0.47570499955189777
branch/P_C2_warm/hard,prediction_changed,9600,3825,3202,-0.16630237074420234,0.43855869620575505,0.4650156132879595
branch/P_C2_warm/hard,delta_max_probability,9600,3825,3202,0.02811936398686538,0.45036609229550406,0.41183324778062474
branch/P_C2_warm/hard,delta_entropy,9600,3825,3202,-0.04981027217404809,0.5475336445689387,0.5965546599802132
branch/P_C2_warm/hard,delta_probability_gap,9600,3825,3202,0.015785063458007773,0.4545278669043375,0.42539163550289666
step/P_C2_warm/50/hard,query_entropy,2400,964,841,0.05018762069229526,0.4536265155630555,0.4306771544001727
step/P_C2_warm/50/hard,query_max_probability,2400,964,841,-0.03650003238639886,0.5548524746009547,0.5730566790657446
step/P_C2_warm/50/hard,query_probability_gap,2400,964,841,-0.009710681373382183,0.5561885250638589,0.571827576291702
step/P_C2_warm/50/hard,query_js,2400,964,841,-0.24087590466595568,0.41775794912100234,0.4770230619798813
step/P_C2_warm/50/hard,representation_displacement,2400,964,841,-0.2549034418235142,0.4116588552803431,0.4627253513983094
step/P_C2_warm/50/hard,prediction_changed,2400,964,841,-0.15612195924566968,0.4385395115523758,0.4657010538326422
step/P_C2_warm/50/hard,delta_max_probability,2400,964,841,0.009332886604957069,0.43620368069441395,0.4109752814199169
step/P_C2_warm/50/hard,delta_entropy,2400,964,841,-0.019231842748583812,0.5682061165755499,0.598376653835388
step/P_C2_warm/50/hard,delta_probability_gap,2400,964,841,-0.0024041879173937355,0.4451240478969937,0.4255624394124408
state/seed7_P_C2_warm_step50/hard,query_entropy,800,288,258,0.08463470255422274,0.4332953559027778,0.39489830944821075
state/seed7_P_C2_warm_step50/hard,query_max_probability,800,288,258,-0.07693073784254392,0.5717942979600694,0.6172337595468977
state/seed7_P_C2_warm_step50/hard,query_probability_gap,800,288,258,-0.045903001410939705,0.5749579535590278,0.6243456620612717
state/seed7_P_C2_warm_step50/hard,query_js,800,288,258,-0.32495439055373526,0.4058905707465278,0.4538959924482966
state/seed7_P_C2_warm_step50/hard,representation_displacement,800,288,258,-0.35004959382749035,0.3869154188368056,0.4269501415944392
state/seed7_P_C2_warm_step50/hard,prediction_changed,800,288,258,-0.2488311200224359,0.4051649305555556,0.43300008581481164
state/seed7_P_C2_warm_step50/hard,delta_max_probability,800,288,258,0.08810312984864038,0.4564208984375,0.41733173145684943
state/seed7_P_C2_warm_step50/hard,delta_entropy,800,288,258,-0.11032318019246905,0.5537245008680556,0.5956334563345633
state/seed7_P_C2_warm_step50/hard,delta_probability_gap,800,288,258,0.048575419649093204,0.4499579535590278,0.4120755742441145
step/P_C2_warm/100/easy,query_entropy,2400,1034,752,-0.5227535239155423,0.14978505342512693,0.2450302429766577
step/P_C2_warm/100/easy,query_max_probability,2400,1034,752,0.5370261154856594,0.8567210452237398,0.7608331665719893
step/P_C2_warm/100/easy,query_probability_gap,2400,1034,752,0.5451729288494668,0.8608794401760353,0.7642887574881223
step/P_C2_warm/100/easy,query_js,2400,1034,752,-0.2764458058065635,0.37735655360495707,0.564903784083867
step/P_C2_warm/100/easy,representation_displacement,2400,1034,752,-0.08945392959269612,0.4558283372650526,0.5255233616504854
step/P_C2_warm/100/easy,prediction_changed,2400,1034,752,-0.33260299900259216,0.397016094089394,0.4653416133030366
step/P_C2_warm/100/easy,delta_max_probability,2400,1034,752,-0.45806345018462674,0.16953521697143392,0.13044664067341458
step/P_C2_warm/100/easy,delta_entropy,2400,1034,752,0.490175118085958,0.8532253314113692,0.8827705406940715
step/P_C2_warm/100/easy,delta_probability_gap,2400,1034,752,-0.44918262919837315,0.17428018385153676,0.13241065895476142
state/seed7_P_C2_warm_step100/easy,query_entropy,800,285,156,-0.5688602091565768,0.09571112246636007,0.22264691829909222
state/seed7_P_C2_warm_step100/easy,query_max_probability,800,285,156,0.5766578541528972,0.9080020439448135,0.7844202898550725
state/seed7_P_C2_warm_step100/easy,query_probability_gap,800,285,156,0.5729847937262402,0.9066666666666666,0.7843804745978659
state/seed7_P_C2_warm_step100/easy,query_js,800,285,156,-0.6859453061645409,0.17061488673139158,0.39537545787545786
state/seed7_P_C2_warm_step100/easy,representation_displacement,800,285,156,-0.4885336539588343,0.28920456481008344,0.433707596751075
state/seed7_P_C2_warm_step100/easy,prediction_changed,800,285,156,-0.6400899485758259,0.29562255152444217,0.3599896480331263
state/seed7_P_C2_warm_step100/easy,delta_max_probability,800,285,156,-0.3135247476949183,0.19810594447283256,0.12961856983596115
state/seed7_P_C2_warm_step100/easy,delta_entropy,800,285,156,0.4019592374363085,0.8559836484414921,0.9075191113234592
state/seed7_P_C2_warm_step100/easy,delta_probability_gap,800,285,156,-0.28375183398724063,0.21339465167773802,0.14240922121356903
step/P_C2_warm/100/hard,query_entropy,2400,970,826,0.0688478366055272,0.48518275538894096,0.4522560924957927
step/P_C2_warm/100/hard,query_max_probability,2400,970,826,-0.05441021257121746,0.5242469901232788,0.5470908928686802
step/P_C2_warm/100/hard,query_probability_gap,2400,970,826,-0.023757232423130627,0.5368509840674789,0.5495060471155059
step/P_C2_warm/100/hard,query_js,2400,970,826,-0.28274125134396727,0.3964587989330257,0.46041454507416213
step/P_C2_warm/100/hard,representation_displacement,2400,970,826,-0.2947689122862695,0.3897166750774998,0.44690967938442794
step/P_C2_warm/100/hard,prediction_changed,2400,970,826,-0.16838698776715297,0.43199841395717686,0.4578155622079125
step/P_C2_warm/100/hard,delta_max_probability,2400,970,826,0.033058110773977564,0.4582459808233004,0.41886389298251553
step/P_C2_warm/100/hard,delta_entropy,2400,970,826,-0.05513670141262177,0.534856895681638,0.5885907805716993
step/P_C2_warm/100/hard,delta_probability_gap,2400,970,826,0.02100322413250419,0.4586194218152981,0.4308319821801613
state/seed7_P_C2_warm_step100/hard,query_entropy,800,299,261,0.06277657465089789,0.4428066943037003,0.399967301445134
state/seed7_P_C2_warm_step100/hard,query_max_probability,800,299,261,-0.0460556969620265,0.5705178272218105,0.6105744283084185
state/seed7_P_C2_warm_step100/hard,query_probability_gap,800,299,261,-0.0080357703683912,0.5814658308800459,0.6157564384165369
state/seed7_P_C2_warm_step100/hard,query_js,800,299,261,-0.38285776227775353,0.3575524536211857,0.4090589213741923
state/seed7_P_C2_warm_step100/hard,representation_displacement,800,299,261,-0.3972737223026911,0.34309307805793093,0.3892762956802366
state/seed7_P_C2_warm_step100/hard,prediction_changed,800,299,261,-0.28105020794475144,0.38951194600765027,0.4169101287327888
state/seed7_P_C2_warm_step100/hard,delta_max_probability,800,299,261,0.09284902007659387,0.4769724764517787,0.4319976684508704
state/seed7_P_C2_warm_step100/hard,delta_entropy,800,299,261,-0.1174510272672301,0.530370696733623,0.5865054485744141
state/seed7_P_C2_warm_step100/hard,delta_probability_gap,800,299,261,0.04982377316214556,0.4668121950079774,0.4306399675857804
step/P_C2_warm/200/easy,query_entropy,2400,1059,727,-0.5066686712966443,0.17699009730874665,0.2952705441468225
step/P_C2_warm/200/easy,query_max_probability,2400,1059,727,0.5239459694350641,0.8314176488026708,0.7115815472045293
step/P_C2_warm/200/easy,query_probability_gap,2400,1059,727,0.5338357940687143,0.837026333708654,0.7159654386234646
step/P_C2_warm/200/easy,query_js,2400,1059,727,-0.3089185518955819,0.36269706975260524,0.5737948203977568
step/P_C2_warm/200/easy,representation_displacement,2400,1059,727,-0.16539222142226068,0.4207830470545074,0.5070539378148455
step/P_C2_warm/200/easy,prediction_changed,2400,1059,727,-0.38666647978528784,0.38185637964142444,0.45442298632459377
step/P_C2_warm/200/easy,delta_max_probability,2400,1059,727,-0.4894667828935387,0.16417708656809746,0.12511520869937703
step/P_C2_warm/200/easy,delta_entropy,2400,1059,727,0.5171047347404053,0.8567972120646228,0.8857672344403509
step/P_C2_warm/200/easy,delta_probability_gap,2400,1059,727,-0.4848194166353154,0.16677968536439552,0.12493268358778595
state/seed7_P_C2_warm_step200/easy,query_entropy,800,290,154,-0.4994073818865342,0.11263015551048006,0.2508644606167826
state/seed7_P_C2_warm_step200/easy,query_max_probability,800,290,154,0.5062372441206939,0.8931237322515213,0.7568955811989868
state/seed7_P_C2_warm_step200/easy,query_probability_gap,800,290,154,0.5035076148556482,0.8937457741717376,0.7585541393590929
state/seed7_P_C2_warm_step200/easy,query_js,800,290,154,-0.7503875162304942,0.1347870182555781,0.34762373849061157
state/seed7_P_C2_warm_step200/easy,representation_displacement,800,290,154,-0.5754126178322153,0.2524543610547667,0.3731253266856982
state/seed7_P_C2_warm_step200/easy,prediction_changed,800,290,154,-0.7514904723005883,0.24290060851926978,0.29891238792167585
state/seed7_P_C2_warm_step200/easy,delta_max_probability,800,290,154,-0.33460343688037014,0.1950236646382691,0.11941618752764263
state/seed7_P_C2_warm_step200/easy,delta_entropy,800,290,154,0.41731574580585284,0.8554022988505747,0.9060049857263479
state/seed7_P_C2_warm_step200/easy,delta_probability_gap,800,290,154,-0.2981618877529496,0.21383367139959433,0.13423264042459088
step/P_C2_warm/200/hard,query_entropy,2400,928,783,0.0823558832215075,0.48593720717766115,0.452120706636306
step/P_C2_warm/200/hard,query_max_probability,2400,928,783,-0.06635280492236197,0.5211066341829086,0.5463430931411227
step/P_C2_warm/200/hard,query_probability_gap,2400,928,783,-0.028361087389077673,0.532657011338081,0.5510298860052555
step/P_C2_warm/200/hard,query_js,2400,928,783,-0.3123617096114079,0.3951410525206147,0.4690031126812736
step/P_C2_warm/200/hard,representation_displacement,2400,928,783,-0.32021658684315746,0.39181605486319343,0.4550375125087769
step/P_C2_warm/200/hard,prediction_changed,2400,928,783,-0.1560687720940608,0.44165807721139433,0.459892142158152
step/P_C2_warm/200/hard,delta_max_probability,2400,928,783,0.05015766627089641,0.45311694738568215,0.4092634847971465
step/P_C2_warm/200/hard,delta_entropy,2400,928,783,-0.08752834939728288,0.5416861881559221,0.5936462126938318
step/P_C2_warm/200/hard,delta_probability_gap,2400,928,783,0.030889636879904328,0.45354776225168664,0.41795190153154027
state/seed7_P_C2_warm_step200/hard,query_entropy,800,283,246,0.06366710729235514,0.43022055757940275,0.3904933814681107
state/seed7_P_C2_warm_step200/hard,query_max_probability,800,283,246,-0.0419645577571215,0.5779606454743662,0.61390185201491
state/seed7_P_C2_warm_step200/hard,query_probability_gap,800,283,246,0.0003401020939095217,0.583831700965751,0.613219453494174
state/seed7_P_C2_warm_step200/hard,query_js,800,283,246,-0.40575323555193055,0.35857864412108453,0.4067315312142291
state/seed7_P_C2_warm_step200/hard,representation_displacement,800,283,246,-0.4214782523097692,0.3433713117947386,0.38185700449062254
state/seed7_P_C2_warm_step200/hard,prediction_changed,800,283,246,-0.23658745507245138,0.408287825248956,0.4193082093275806
state/seed7_P_C2_warm_step200/hard,delta_max_probability,800,283,246,0.08304549694608898,0.4620226777207455,0.4149716767925802
state/seed7_P_C2_warm_step200/hard,delta_entropy,800,283,246,-0.13254294928585825,0.5466984710650601,0.5957412462211265
state/seed7_P_C2_warm_step200/hard,delta_probability_gap,800,283,246,0.03221639408811576,0.4518935691779839,0.4076340582900414
step/P_C2_warm/400/easy,query_entropy,2400,1114,701,-0.4436732358807701,0.21853212751046347,0.3646182742386853
step/P_C2_warm/400/easy,query_max_probability,2400,1114,701,0.46313109699826577,0.7902930607481202,0.6416327805480945
step/P_C2_warm/400/easy,query_probability_gap,2400,1114,701,0.4728621133441169,0.795006854650692,0.6442264015335025
step/P_C2_warm/400/easy,query_js,2400,1114,701,-0.2821876392686874,0.36787974904439746,0.612459792157676
step/P_C2_warm/400/easy,representation_displacement,2400,1114,701,-0.21413763439889485,0.3805043124268814,0.4793841136726395
step/P_C2_warm/400/easy,prediction_changed,2400,1114,701,-0.3560884480251281,0.3969638504429696,0.46392524259046397
step/P_C2_warm/400/easy,delta_max_probability,2400,1114,701,-0.4848916952936971,0.17630063855747993,0.13436871063703665
step/P_C2_warm/400/easy,delta_entropy,2400,1114,701,0.5216524976827253,0.8490936783647121,0.8815465000390429
step/P_C2_warm/400/easy,delta_probability_gap,2400,1114,701,-0.47329775317669326,0.18298427199700684,0.13952488625095402
state/seed7_P_C2_warm_step400/easy,query_entropy,800,331,173,-0.41521356283369193,0.1922326219571113,0.37446875201666807
state/seed7_P_C2_warm_step400/easy,query_max_probability,800,331,173,0.43949077264183223,0.8215268070523515,0.6391754478155451
state/seed7_P_C2_warm_step400/easy,query_probability_gap,800,331,173,0.44368719326123945,0.8252243315146323,0.6431304219560988
state/seed7_P_C2_warm_step400/easy,query_js,800,331,173,-0.6014129084576695,0.1952730950341087,0.4629624507932996
state/seed7_P_C2_warm_step400/easy,representation_displacement,800,331,173,-0.5132255675399493,0.234277468934997,0.4004203888596952
state/seed7_P_C2_warm_step400/easy,prediction_changed,800,331,173,-0.5661811286842064,0.32196806214933105,0.40538945893372424
state/seed7_P_C2_warm_step400/easy,delta_max_probability,800,331,173,-0.3598908513919553,0.21143527077602922,0.18030625697190955
state/seed7_P_C2_warm_step400/easy,delta_entropy,800,331,173,0.43428475669493233,0.8314019028723453,0.8526426418120973
state/seed7_P_C2_warm_step400/easy,delta_probability_gap,800,331,173,-0.3266106509541421,0.2290725912947133,0.2012888237409077
step/P_C2_warm/400/hard,query_entropy,2400,963,752,0.057614856356745896,0.4779441998336502,0.45127556290022725
step/P_C2_warm/400/hard,query_max_probability,2400,963,752,-0.040826130794646434,0.5301673397979956,0.5468241646870481
step/P_C2_warm/400/hard,query_probability_gap,2400,963,752,-0.0025569388119685435,0.543667543218789,0.5504020024271845
step/P_C2_warm/400/hard,query_js,2400,963,752,-0.3214327953876381,0.391299949198999,0.49682077566618466
step/P_C2_warm/400/hard,representation_displacement,2400,963,752,-0.3164090948626901,0.39725804668344616,0.4832654991220822
step/P_C2_warm/400/hard,prediction_changed,2400,963,752,-0.17095994500658618,0.43964038961404966,0.46323719272877506
step/P_C2_warm/400/hard,delta_max_probability,2400,963,752,0.04669648250952311,0.45741062311799635,0.41285980104833714
step/P_C2_warm/400/hard,delta_entropy,2400,963,752,-0.06141490649564349,0.5465125438005074,0.6054889227432348
step/P_C2_warm/400/hard,delta_probability_gap,2400,963,752,0.04030921793562811,0.4625600958498545,0.42847471467671966
state/seed7_P_C2_warm_step400/hard,query_entropy,800,300,238,-0.008913435802243441,0.43832666666666664,0.36594993869433895
state/seed7_P_C2_warm_step400/hard,query_max_probability,800,300,238,0.03931405361570878,0.5869066666666667,0.6433655312658871
state/seed7_P_C2_warm_step400/hard,query_probability_gap,800,300,238,0.0902452269456671,0.6125866666666666,0.6456009450043363
state/seed7_P_C2_warm_step400/hard,query_js,800,300,238,-0.4008591029048483,0.34367333333333333,0.43905320135171505
state/seed7_P_C2_warm_step400/hard,representation_displacement,800,300,238,-0.4058360872438863,0.3344066666666667,0.416586919465295
state/seed7_P_C2_warm_step400/hard,prediction_changed,800,300,238,-0.2064593870253387,0.409,0.43004425969676124
state/seed7_P_C2_warm_step400/hard,delta_max_probability,800,300,238,-0.031183220598782185,0.43101333333333336,0.3770298154849128
state/seed7_P_C2_warm_step400/hard,delta_entropy,800,300,238,-0.017663347911481112,0.5695466666666666,0.642580519752385
state/seed7_P_C2_warm_step400/hard,delta_probability_gap,800,300,238,-0.05602016565650884,0.43043333333333333,0.38484254911929183
seed/17/easy,query_entropy,7200,3650,2476,-0.49034033530106097,0.11638896392050936,0.27359638131481356
seed/17/easy,query_max_probability,7200,3650,2476,0.4988907109078323,0.8889737217827512,0.7307284563477462
seed/17/easy,query_probability_gap,7200,3650,2476,0.5026724837835485,0.8913142967393402,0.7321111630159266
seed/17/easy,query_js,7200,3650,2476,-0.23924372786606984,0.31260351147983795,0.5562373382268251
seed/17/easy,representation_displacement,7200,3650,2476,-0.010550921114022399,0.4481912405942504,0.5507809774854693
seed/17/easy,prediction_changed,7200,3650,2476,-0.39206843726566937,0.33229403820181364,0.418674995451679
seed/17/easy,delta_max_probability,7200,3650,2476,-0.32001260057123093,0.2759624541771175,0.18650223346497247
seed/17/easy,delta_entropy,7200,3650,2476,0.3907389598264974,0.7703976075631873,0.8532350873209227
seed/17/easy,delta_probability_gap,7200,3650,2476,-0.31797900449419375,0.2765728728535597,0.18925554929353974
state/seed17_original_P/easy,query_entropy,800,390,267,-0.5808916107681418,0.08953721075672295,0.19026638840286414
state/seed17_original_P/easy,query_max_probability,800,390,267,0.5903344302100472,0.9161851156973109,0.8137108164512933
state/seed17_original_P/easy,query_probability_gap,800,390,267,0.5932292941082721,0.919068167604753,0.813745950769793
state/seed17_original_P/easy,query_js,800,390,267,-0.31545396164681505,0.2887742338961851,0.5188425350113484
state/seed17_original_P/easy,representation_displacement,800,390,267,0.03904152193987803,0.46297686053783615,0.5818945829907737
state/seed17_original_P/easy,prediction_changed,800,390,267,-0.4706606926742647,0.3308317698561601,0.3920322392506553
state/seed17_original_P/easy,delta_max_probability,800,390,267,-0.26705369070889173,0.2953846153846154,0.19146095523185136
state/seed17_original_P/easy,delta_entropy,800,390,267,0.34410700641719755,0.7500500312695435,0.8494213377743112
state/seed17_original_P/easy,delta_probability_gap,800,390,267,-0.26924880351375546,0.2928205128205128,0.18997828699116723
seed/17/hard,query_entropy,7200,2814,2523,0.08491120730281393,0.47751584725062074,0.476803995501383
seed/17/hard,query_max_probability,7200,2814,2523,-0.07719867315767755,0.5259930479191561,0.5280490685183166
seed/17/hard,query_probability_gap,7200,2814,2523,-0.06470948391929303,0.5243122703206008,0.527829027469411
seed/17/hard,query_js,7200,2814,2523,-0.2238452221677962,0.4566866663360936,0.4949225305508755
seed/17/hard,representation_displacement,7200,2814,2523,-0.2217635390322185,0.4546414076448582,0.48721105152672384
seed/17/hard,prediction_changed,7200,2814,2523,-0.1363472452164827,0.46664420714485033,0.48824261311648043
seed/17/hard,delta_max_probability,7200,2814,2523,-0.05929940215340925,0.3987154968431894,0.38842029001350925
seed/17/hard,delta_entropy,7200,2814,2523,0.04988131394446979,0.60189752170682,0.6108313246589787
seed/17/hard,delta_probability_gap,7200,2814,2523,-0.03436670668200898,0.42126349556367726,0.410565156768972
state/seed17_original_P/hard,query_entropy,800,310,292,0.02322882535753962,0.43215931533903884,0.43638766044655375
state/seed17_original_P/hard,query_max_probability,800,310,292,-0.02932335831774737,0.5615865701119157,0.5600258871750621
state/seed17_original_P/hard,query_probability_gap,800,310,292,-0.03765341039595374,0.5396181698485846,0.53783302772085
state/seed17_original_P/hard,query_js,800,310,292,-0.18370078703247975,0.4881632653061225,0.5070043684607917
state/seed17_original_P/hard,representation_displacement,800,310,292,-0.19881192783113724,0.47481237656352865,0.49023837773702944
state/seed17_original_P/hard,prediction_changed,800,310,292,-0.08785997246000848,0.5105661619486505,0.5321297594649984
state/seed17_original_P/hard,delta_max_probability,800,310,292,-0.13642528347700544,0.36046082949308755,0.35639359292417216
state/seed17_original_P/hard,delta_entropy,800,310,292,0.170715594868117,0.665707702435813,0.6637700895264804
state/seed17_original_P/hard,delta_probability_gap,800,310,292,-0.07784144975226524,0.41246214614878207,0.4035567899902923
state/seed17_P_O0_resume_step50/easy,query_entropy,800,362,265,-0.5684812007518761,0.09538585736269835,0.15693881149709046
state/seed17_P_O0_resume_step50/easy,query_max_probability,800,362,265,0.579280139500218,0.9108769141502056,0.8442673249867748
state/seed17_P_O0_resume_step50/easy,query_probability_gap,800,362,265,0.5836228103481411,0.9135447412901435,0.8423135249515077
state/seed17_P_O0_resume_step50/easy,query_js,800,362,265,-0.2953374536522713,0.3415638638714397,0.5270675365896668
state/seed17_P_O0_resume_step50/easy,representation_displacement,800,362,265,0.013794748116793933,0.4701241201846666,0.5365967201551755
state/seed17_P_O0_resume_step50/easy,prediction_changed,800,362,265,-0.4573934476596749,0.3519955094729938,0.4024687004055722
state/seed17_P_O0_resume_step50/easy,delta_max_probability,800,362,265,-0.2797432183487787,0.26019828956330887,0.1814424263798272
state/seed17_P_O0_resume_step50/easy,delta_entropy,800,362,265,0.3694142256472276,0.7913418602891092,0.8722482807265033
state/seed17_P_O0_resume_step50/easy,delta_probability_gap,800,362,265,-0.2780869579483718,0.2606208532001312,0.18404514195027333
state/seed17_P_O0_resume_step50/hard,query_entropy,800,301,282,0.07732209737827715,0.4430588752255341,0.45789178235986744
state/seed17_P_O0_resume_step50/hard,query_max_probability,800,301,282,-0.08360558375872462,0.5460555662820658,0.539636901339029
state/seed17_P_O0_resume_step50/hard,query_probability_gap,800,301,282,-0.08920926438947561,0.521201872182904,0.5243845669377585
state/seed17_P_O0_resume_step50/hard,query_js,800,301,282,-0.22489319514561742,0.4768939873101685,0.48693146033571566
state/seed17_P_O0_resume_step50/hard,representation_displacement,800,301,282,-0.23006639854124772,0.46510296340188684,0.47290451545770695
state/seed17_P_O0_resume_step50/hard,prediction_changed,800,301,282,-0.12914722322957228,0.4711382898687741,0.48719844464525314
state/seed17_P_O0_resume_step50/hard,delta_max_probability,800,301,282,-0.09987552324300507,0.37195986657700786,0.3696637366850133
state/seed17_P_O0_resume_step50/hard,delta_entropy,800,301,282,0.10212726113634553,0.6459896537260568,0.635361044935513
state/seed17_P_O0_resume_step50/hard,delta_probability_gap,800,301,282,-0.06616988464044475,0.40540216645916416,0.3950888578548153
state/seed17_P_O0_resume_step100/easy,query_entropy,800,490,354,-0.44070938392091236,0.13297564186965108,0.3074599072736946
state/seed17_P_O0_resume_step100/easy,query_max_probability,800,490,354,0.45616707213605023,0.8750493745885451,0.6991272073167643
state/seed17_P_O0_resume_step100/easy,query_probability_gap,800,490,354,0.46166943229598795,0.8774391046741277,0.700843657368701
state/seed17_P_O0_resume_step100/easy,query_js,800,490,354,0.09726924573319645,0.42316655694535876,0.6540181399001799
state/seed17_P_O0_resume_step100/easy,representation_displacement,800,490,354,0.06300225469102295,0.4566491112574062,0.5688480149983532
state/seed17_P_O0_resume_step100/easy,prediction_changed,800,490,354,-0.23302429843490924,0.3696181698485846,0.44734741962453445
state/seed17_P_O0_resume_step100/easy,delta_max_probability,800,490,354,-0.5564069318858311,0.2221461487820935,0.14116693268475589
state/seed17_P_O0_resume_step100/easy,delta_entropy,800,490,354,0.6538290137953341,0.8509611586570112,0.9078500671378987
state/seed17_P_O0_resume_step100/easy,delta_probability_gap,800,490,354,-0.5348041090689204,0.23269914417379856,0.15153530440069926
state/seed17_P_O0_resume_step100/hard,query_entropy,800,302,289,0.09696001087501699,0.4791084869278438,0.4851806959689597
state/seed17_P_O0_resume_step100/hard,query_max_probability,800,302,289,-0.09279579343092724,0.5275406260804809,0.522471035150563
state/seed17_P_O0_resume_step100/hard,query_probability_gap,800,302,289,-0.0808499153904928,0.5264302242080906,0.5233987229057618
state/seed17_P_O0_resume_step100/hard,query_js,800,302,289,-0.19418502997660933,0.49009947073060456,0.49741669431672747
state/seed17_P_O0_resume_step100/hard,representation_displacement,800,302,289,-0.20961086657947903,0.47534508896513206,0.4810162582357681
state/seed17_P_O0_resume_step100/hard,prediction_changed,800,302,289,-0.1171206660611863,0.49136945131519455,0.5006026584687058
state/seed17_P_O0_resume_step100/hard,delta_max_probability,800,302,289,-0.08695630774423085,0.37488364052235434,0.37596408426384254
state/seed17_P_O0_resume_step100/hard,delta_entropy,800,302,289,0.0963142129909578,0.6232945025133647,0.6207111369930728
state/seed17_P_O0_resume_step100/hard,delta_probability_gap,800,302,289,-0.0669401827190355,0.3944320327668289,0.39241192044908213
state/seed17_P_O0_resume_step200/easy,query_entropy,800,446,300,-0.37750798048121953,0.13878543740974386,0.3504466666666667
state/seed17_P_O0_resume_step200/easy,query_max_probability,800,446,300,0.4025834727866762,0.8739010919409187,0.6633533333333334
state/seed17_P_O0_resume_step200/easy,query_probability_gap,800,446,300,0.41377074807929387,0.8790631096247878,0.6696133333333333
state/seed17_P_O0_resume_step200/easy,query_js,800,446,300,-0.07089519671124486,0.3406804996073066,0.6269133333333333
state/seed17_P_O0_resume_step200/easy,representation_displacement,800,446,300,0.11691545611790019,0.47685009247295485,0.6535933333333334
state/seed17_P_O0_resume_step200/easy,prediction_changed,800,446,300,-0.27322981596488005,0.3596374553469636,0.453
state/seed17_P_O0_resume_step200/easy,delta_max_probability,800,446,300,-0.43030766454322583,0.25245750044336346,0.15598
state/seed17_P_O0_resume_step200/easy,delta_entropy,800,446,300,0.5415121195501867,0.8222619138101391,0.9013333333333333
state/seed17_P_O0_resume_step200/easy,delta_probability_gap,800,446,300,-0.4017848621638471,0.2643396417623065,0.17220666666666667
state/seed17_P_O0_resume_step200/hard,query_entropy,800,329,310,0.11286718416747527,0.5038881252460328,0.502422646477946
state/seed17_P_O0_resume_step200/hard,query_max_probability,800,329,310,-0.08937386620916596,0.5127549868029608,0.5161092824226465
state/seed17_P_O0_resume_step200/hard,query_probability_gap,800,329,310,-0.063759357436496,0.5237191773307778,0.5311389071757735
state/seed17_P_O0_resume_step200/hard,query_js,800,329,310,-0.1537219980031219,0.4918655902529056,0.5119486504279132
state/seed17_P_O0_resume_step200/hard,representation_displacement,800,329,310,-0.15357267745730852,0.48815493130440957,0.5037261356155366
state/seed17_P_O0_resume_step200/hard,prediction_changed,800,329,310,-0.14147877616930446,0.479097696810124,0.48676761026991444
state/seed17_P_O0_resume_step200/hard,delta_max_probability,800,329,310,-0.05509344545850853,0.38993540226769663,0.3848123765635286
state/seed17_P_O0_resume_step200/hard,delta_entropy,800,329,310,0.06142036159431499,0.617582715427952,0.6243910467412772
state/seed17_P_O0_resume_step200/hard,delta_probability_gap,800,329,310,-0.04766538697716715,0.40438438554714473,0.39853192890059247
state/seed17_P_O0_resume_step400/easy,query_entropy,800,534,350,-0.10841925534258648,0.18514685590380445,0.5170095238095238
state/seed17_P_O0_resume_step400/easy,query_max_probability,800,534,350,0.14632757238683186,0.8364168849089014,0.5032634920634921
state/seed17_P_O0_resume_step400/easy,query_probability_gap,800,534,350,0.1627786840291938,0.8434287967108783,0.5126603174603175
state/seed17_P_O0_resume_step400/easy,query_js,800,534,350,0.2580897001401565,0.4255089972121315,0.739231746031746
state/seed17_P_O0_resume_step400/easy,representation_displacement,800,534,350,0.24089782171534643,0.49638140294556615,0.7105142857142858
state/seed17_P_O0_resume_step400/easy,prediction_changed,800,534,350,0.02966679321517143,0.3980175156993608,0.5561904761904762
state/seed17_P_O0_resume_step400/easy,delta_max_probability,800,534,350,-0.2963230723798006,0.3300315395229647,0.2753904761904762
state/seed17_P_O0_resume_step400/easy,delta_entropy,800,534,350,0.3573662536972714,0.7510278505251894,0.7465269841269841
state/seed17_P_O0_resume_step400/easy,delta_probability_gap,800,534,350,-0.2916307837980997,0.33115795105741885,0.28268571428571426
state/seed17_P_O0_resume_step400/hard,query_entropy,800,358,305,0.14461255408211576,0.526232968477464,0.5250869349230005
state/seed17_P_O0_resume_step400/hard,query_max_probability,800,358,305,-0.11625133008020325,0.48810637275967544,0.4913197549263123
state/seed17_P_O0_resume_step400/hard,query_probability_gap,800,358,305,-0.08787834043490693,0.500758360929245,0.5037059115747641
state/seed17_P_O0_resume_step400/hard,query_js,800,358,305,-0.1924826913792053,0.4447218079324553,0.5068057625434674
state/seed17_P_O0_resume_step400/hard,representation_displacement,800,358,305,-0.1692702957348371,0.45970575595945296,0.5050306342109621
state/seed17_P_O0_resume_step400/hard,prediction_changed,800,358,305,-0.16520538770449322,0.4486968831365808,0.47016062261963903
state/seed17_P_O0_resume_step400/hard,delta_max_probability,800,358,305,0.10535564118068934,0.48030789453727346,0.4700314621626097
state/seed17_P_O0_resume_step400/hard,delta_entropy,800,358,305,-0.14765301195783118,0.504929346040092,0.5175426395098526
state/seed17_P_O0_resume_step400/hard,delta_probability_gap,800,358,305,0.09421983471849175,0.4762696225890442,0.4618248054313628
state/seed17_P_C2_warm_step50/easy,query_entropy,800,342,262,-0.5674566522760192,0.05971807247376082,0.12535826782825846
state/seed17_P_C2_warm_step50/easy,query_max_probability,800,342,262,0.5639568805808107,0.9410161137924871,0.8746062601095377
state/seed17_P_C2_warm_step50/easy,query_probability_gap,800,342,262,0.559293873896678,0.9407415919711943,0.8728681290615511
state/seed17_P_C2_warm_step50/easy,query_js,800,342,262,-0.42865934946773354,0.272114967185066,0.43489457703113027
state/seed17_P_C2_warm_step50/easy,representation_displacement,800,342,262,-0.05835217711277674,0.4780957123522051,0.4957930134226283
state/seed17_P_C2_warm_step50/easy,prediction_changed,800,342,262,-0.5774746719690962,0.25535636762940833,0.31895059451176255
state/seed17_P_C2_warm_step50/easy,delta_max_probability,800,342,262,-0.2687117089245452,0.24709517607701934,0.17470700076619655
state/seed17_P_C2_warm_step50/easy,delta_entropy,800,342,262,0.327242550378985,0.7902270231619807,0.8631275007803854
state/seed17_P_C2_warm_step50/easy,delta_probability_gap,800,342,262,-0.2784080522000816,0.2431688756096938,0.17171315871619514
state/seed17_P_C2_warm_step50/hard,query_entropy,800,301,272,0.05311782518410185,0.44365142244622136,0.4421025512477718
state/seed17_P_C2_warm_step50/hard,query_max_probability,800,301,272,-0.0634363647443199,0.5499970039747268,0.5529188948306596
state/seed17_P_C2_warm_step50/hard,query_probability_gap,800,301,272,-0.062171581518096125,0.5362951817255774,0.5418128899286988
state/seed17_P_C2_warm_step50/hard,query_js,800,301,272,-0.23849624765038696,0.45521608000053265,0.4753857508912656
state/seed17_P_C2_warm_step50/hard,representation_displacement,800,301,272,-0.2542371081829815,0.4466740790551202,0.4598303810160428
state/seed17_P_C2_warm_step50/hard,prediction_changed,800,301,272,-0.12652050853074986,0.47720357658839274,0.4851827094474153
state/seed17_P_C2_warm_step50/hard,delta_max_probability,800,301,272,-0.0915300727032386,0.3730717248450389,0.3596883355614973
state/seed17_P_C2_warm_step50/hard,delta_entropy,800,301,272,0.09365435727243324,0.6387525882329443,0.6513410762032086
state/seed17_P_C2_warm_step50/hard,delta_probability_gap,800,301,272,-0.05959668686982324,0.40275900638486273,0.3936260583778966
state/seed17_P_C2_warm_step100/easy,query_entropy,800,358,253,-0.6120008859388842,0.05173285472332465,0.1567442969557269
state/seed17_P_C2_warm_step100/easy,query_max_probability,800,358,253,0.6088190681283432,0.9494836826006724,0.8424427889096834
state/seed17_P_C2_warm_step100/easy,query_probability_gap,800,358,253,0.6050513985178102,0.9497396294142926,0.8406471519101676
state/seed17_P_C2_warm_step100/easy,query_js,800,358,253,-0.34639129904890475,0.28324148739856925,0.4873510560657846
state/seed17_P_C2_warm_step100/easy,representation_displacement,800,358,253,0.011694463585099351,0.49043833261710357,0.48873120361873246
state/seed17_P_C2_warm_step100/easy,prediction_changed,800,358,253,-0.41530483083235165,0.30997371015445285,0.4007052481736529
state/seed17_P_C2_warm_step100/easy,delta_max_probability,800,358,253,-0.21273396520932064,0.2899593012967972,0.20327188906793073
state/seed17_P_C2_warm_step100/easy,delta_entropy,800,358,253,0.2752992739051155,0.743939432240451,0.8327058840531537
state/seed17_P_C2_warm_step100/easy,delta_probability_gap,800,358,253,-0.21816270806673135,0.28654667711519505,0.2015810276679842
state/seed17_P_C2_warm_step100/hard,query_entropy,800,307,273,0.06914504553913366,0.47506788855045556,0.47112343696783926
state/seed17_P_C2_warm_step100/hard,query_max_probability,800,307,273,-0.05968085106382979,0.5256985418001863,0.533241584474981
state/seed17_P_C2_warm_step100/hard,query_probability_gap,800,307,273,-0.03934424116287682,0.5305019458080885,0.5405328384455519
state/seed17_P_C2_warm_step100/hard,query_js,800,307,273,-0.25928391294361397,0.4407833446756216,0.4617886856976041
state/seed17_P_C2_warm_step100/hard,representation_displacement,800,307,273,-0.27911867831043485,0.42732456343202224,0.44343196335606205
state/seed17_P_C2_warm_step100/hard,prediction_changed,800,307,273,-0.1978883514827141,0.4327027902029058,0.44311223248604653
state/seed17_P_C2_warm_step100/hard,delta_max_probability,800,307,273,-0.07574182147159605,0.3952666318689668,0.37551000549103014
state/seed17_P_C2_warm_step100/hard,delta_entropy,800,307,273,0.046901042032878176,0.5981592457268204,0.624066003572645
state/seed17_P_C2_warm_step100/hard,delta_probability_gap,800,307,273,-0.059304256725401135,0.40766826780133597,0.3927129164320815
state/seed17_P_C2_warm_step200/easy,query_entropy,800,362,224,-0.6381563799318436,0.06149246953757663,0.20636470734126985
state/seed17_P_C2_warm_step200/easy,query_max_probability,800,362,224,0.63668724482382,0.9388733318196726,0.7917984250992064
state/seed17_P_C2_warm_step200/easy,query_probability_gap,800,362,224,0.635092859520093,0.9388165695400994,0.7894422743055556
state/seed17_P_C2_warm_step200/easy,query_js,800,362,224,-0.3919282295753587,0.27468528469436665,0.5332108754960317
state/seed17_P_C2_warm_step200/easy,representation_displacement,800,362,224,-0.039496491400767816,0.45790761623653475,0.5156017485119048
state/seed17_P_C2_warm_step200/easy,prediction_changed,800,362,224,-0.5076781949647976,0.30158429829208605,0.39521329365079366
state/seed17_P_C2_warm_step200/easy,delta_max_probability,800,362,224,-0.3234496303900475,0.24224248845833649,0.13506014384920634
state/seed17_P_C2_warm_step200/easy,delta_entropy,800,362,224,0.384858390403735,0.791890562324983,0.9076373387896826
state/seed17_P_C2_warm_step200/easy,delta_probability_gap,800,362,224,-0.3333696380775595,0.23830697040793158,0.13158792162698413
state/seed17_P_C2_warm_step200/hard,query_entropy,800,296,254,0.09547908668607295,0.49457716645216643,0.4656989991635661
state/seed17_P_C2_warm_step200/hard,query_max_probability,800,296,254,-0.07610892360769314,0.5153501716001716,0.5374015748031497
state/seed17_P_C2_warm_step200/hard,query_probability_gap,800,296,254,-0.04515921118626748,0.5239301801801802,0.5413602145885611
state/seed17_P_C2_warm_step200/hard,query_js,800,296,254,-0.2903536958651498,0.43708440583440583,0.4971229557843731
state/seed17_P_C2_warm_step200/hard,representation_displacement,800,296,254,-0.30171405736571466,0.4270766302016302,0.47551988693720976
state/seed17_P_C2_warm_step200/hard,prediction_changed,800,296,254,-0.14846875395778417,0.44629450879450877,0.46962158576331803
state/seed17_P_C2_warm_step200/hard,delta_max_probability,800,296,254,-0.03288014512522676,0.40485574860574863,0.37948141097747395
state/seed17_P_C2_warm_step200/hard,delta_entropy,800,296,254,-0.00474321834877867,0.592074217074217,0.62695768798131
state/seed17_P_C2_warm_step200/hard,delta_probability_gap,800,296,254,-0.008855896649838515,0.42638620763620766,0.4077615298087739
state/seed17_P_C2_warm_step400/easy,query_entropy,800,366,201,-0.627165464321038,0.08480018130996449,0.25009343931428
state/seed17_P_C2_warm_step400/easy,query_max_probability,800,366,201,0.625783891849831,0.9146458160207499,0.7456291165209014
state/seed17_P_C2_warm_step400/easy,query_probability_gap,800,366,201,0.6228654029146921,0.913877766865604,0.7402387063015473
state/seed17_P_C2_warm_step400/easy,query_js,800,366,201,-0.4784204037818809,0.23289516758580747,0.5140408142924775
state/seed17_P_C2_warm_step400/easy,representation_displacement,800,366,201,-0.14082502472660113,0.40111052353252247,0.4478857797822241
state/seed17_P_C2_warm_step400/easy,prediction_changed,800,366,201,-0.5761056868136901,0.3132003726927048,0.37298897831377337
state/seed17_P_C2_warm_step400/easy,delta_max_probability,800,366,201,-0.21620227531605518,0.2922364080481479,0.17996827216172892
state/seed17_P_C2_warm_step400/easy,delta_entropy,800,366,201,0.29050676641682255,0.7456938883432802,0.8693344629108215
state/seed17_P_C2_warm_step400/easy,delta_probability_gap,800,366,201,-0.22473154645554133,0.290007806401249,0.17642173107750064
state/seed17_P_C2_warm_step400/hard,query_entropy,800,310,246,0.11718219872218551,0.4923633969716919,0.4928531595785272
state/seed17_P_C2_warm_step400/hard,query_max_probability,800,310,246,-0.1142834800188173,0.5067939433838051,0.5007998004167767
state/seed17_P_C2_warm_step400/hard,query_probability_gap,800,310,246,-0.0878842935692087,0.5125016458196182,0.5057453552874879
state/seed17_P_C2_warm_step400/hard,query_js,800,310,246,-0.29500658594779056,0.42257406188281765,0.5097076692788588
state/seed17_P_C2_warm_step400/hard,representation_displacement,800,310,246,-0.29401107657980713,0.428275181040158,0.4940271785389334
state/seed17_P_C2_warm_step400/hard,prediction_changed,800,310,246,-0.1111639316912747,0.4598090849242923,0.48361509788383084
state/seed17_P_C2_warm_step400/hard,delta_max_probability,800,310,246,0.023454810085640758,0.4436734693877551,0.4188459393619207
state/seed17_P_C2_warm_step400/hard,delta_entropy,800,310,246,-0.023250481641377566,0.56899275839368,0.6028147104575738
state/seed17_P_C2_warm_step400/hard,delta_probability_gap,800,310,246,0.05408361575564962,0.4635352205398288,0.44745531390331955
seed/27/easy,query_entropy,7200,4005,3186,-0.31217822219993996,0.32271827664558583,0.4288293702737218
seed/27/easy,query_max_probability,7200,4005,3186,0.30783119556620814,0.676752259988004,0.5695947344995591
seed/27/easy,query_probability_gap,7200,4005,3186,0.3058010000797518,0.6778068884942335,0.5700107689627422
seed/27/easy,query_js,7200,4005,3186,0.32570335916351645,0.6447654047464144,0.7925430328439289
seed/27/easy,representation_displacement,7200,4005,3186,0.009947456146105765,0.47970701724565734,0.5232879992218071
seed/27/easy,prediction_changed,7200,4005,3186,0.2466546235518398,0.550978530358179,0.5921745641666596
seed/27/easy,delta_max_probability,7200,4005,3186,-0.7281705612503379,0.09448982980976439,0.09329696970834346
seed/27/easy,delta_entropy,7200,4005,3186,0.7569303867720625,0.928874431217629,0.9183967225820738
seed/27/easy,delta_probability_gap,7200,4005,3186,-0.7089115455358451,0.10226793972323328,0.09953416338483856
state/seed27_original_P/easy,query_entropy,800,442,395,-0.26375152929926454,0.33698399858439293,0.3971308016877637
state/seed27_original_P/easy,query_max_probability,800,442,395,0.25006665635415054,0.6568922369119543,0.5955493045788405
state/seed27_original_P/easy,query_probability_gap,800,442,395,0.2423726990198422,0.6534416946838899,0.5919174871073605
state/seed27_original_P/easy,query_js,800,442,395,0.33610132984582786,0.676603301397912,0.7555368026254102
state/seed27_original_P/easy,representation_displacement,800,442,395,0.027049659452592894,0.5280403953588311,0.5558868573214565
state/seed27_original_P/easy,prediction_changed,800,442,395,0.2997733068534308,0.5639045476377057,0.5820128145022659
state/seed27_original_P/easy,delta_max_probability,800,442,395,-0.7036476465411331,0.09032710634748098,0.09498984216283794
state/seed27_original_P/easy,delta_entropy,800,442,395,0.7292281784815289,0.9426931924467251,0.9348335677449602
state/seed27_original_P/easy,delta_probability_gap,800,442,395,-0.6824512382050597,0.10065345433403271,0.10553523988123144
seed/27/hard,query_entropy,7200,3342,2919,-0.07885246052956135,0.4499210295843559,0.4371759374960738
seed/27/hard,query_max_probability,7200,3342,2919,0.07451597211883035,0.5501272120170294,0.5553306078732969
seed/27/hard,query_probability_gap,7200,3342,2919,0.07324014551003367,0.5508257845309815,0.5502979736543131
seed/27/hard,query_js,7200,3342,2919,-0.11755350914776573,0.444330432942778,0.5165867906335658
seed/27/hard,representation_displacement,7200,3342,2919,-0.10706315333197955,0.4518306834578463,0.5159853296659899
seed/27/hard,prediction_changed,7200,3342,2919,-0.1270968639728843,0.44836093342379796,0.47527075946610814
seed/27/hard,delta_max_probability,7200,3342,2919,-0.055901445346413406,0.4356318982775422,0.41457833833043684
seed/27/hard,delta_entropy,7200,3342,2919,0.066064271593318,0.5661534287679405,0.5896991886918936
seed/27/hard,delta_probability_gap,7200,3342,2919,-0.057886207007015036,0.4364204390513126,0.4200769527535445
state/seed27_original_P/hard,query_entropy,800,375,354,-0.13086707166729947,0.41787607843137253,0.41397481695421956
state/seed27_original_P/hard,query_max_probability,800,375,354,0.1392945770227766,0.6032125490196079,0.6008778596944592
state/seed27_original_P/hard,query_probability_gap,800,375,354,0.13064031350048985,0.6033129411764706,0.6003458235159991
state/seed27_original_P/hard,query_js,800,375,354,-0.15111921268626982,0.4210509803921569,0.45135035849104405
state/seed27_original_P/hard,representation_displacement,800,375,354,-0.16270912142050223,0.4164392156862745,0.4430341263205898
state/seed27_original_P/hard,prediction_changed,800,375,354,-0.17337872623408748,0.4092549019607843,0.42666134630488206
state/seed27_original_P/hard,delta_max_probability,800,375,354,-0.12805055945399915,0.3908956862745098,0.38214131894302145
state/seed27_original_P/hard,delta_entropy,800,375,354,0.14145282258253528,0.6108235294117647,0.6189037521218109
state/seed27_original_P/hard,delta_probability_gap,800,375,354,-0.12303284067631355,0.4001694117647059,0.39337108256694786
state/seed27_P_O0_resume_step50/easy,query_entropy,800,501,386,-0.1671873081051689,0.3057363533801961,0.48416184826412356
state/seed27_P_O0_resume_step50/easy,query_max_probability,800,501,386,0.16758501966409323,0.6958324154366852,0.5162574153337839
state/seed27_P_O0_resume_step50/easy,query_probability_gap,800,501,386,0.1671437611621268,0.6968003791747609,0.5177154514279994
state/seed27_P_O0_resume_step50/easy,query_js,800,501,386,0.3724332850520079,0.6027743843416845,0.7844797376786563
state/seed27_P_O0_resume_step50/easy,representation_displacement,800,501,386,-0.008684638569747766,0.4319454736012924,0.5289542189181747
state/seed27_P_O0_resume_step50/easy,prediction_changed,800,501,386,0.15837275112923155,0.4998965280142057,0.5470388726189582
state/seed27_P_O0_resume_step50/easy,delta_max_probability,800,501,386,-0.6822424800663751,0.13036135087684164,0.09955320267327476
state/seed27_P_O0_resume_step50/easy,delta_entropy,800,501,386,0.7409625093164208,0.9239981575310917,0.9278178268378764
state/seed27_P_O0_resume_step50/easy,delta_probability_gap,800,501,386,-0.6392297487964825,0.150715291824378,0.11929613776876674
state/seed27_P_O0_resume_step50/hard,query_entropy,800,383,360,-0.2084907632668176,0.3908121544539825,0.3837815656565657
state/seed27_P_O0_resume_step50/hard,query_max_probability,800,383,360,0.1872969723390193,0.6119490830312252,0.6177335858585858
state/seed27_P_O0_resume_step50/hard,query_probability_gap,800,383,360,0.16464035100054844,0.6083488300743217,0.6109343434343434
state/seed27_P_O0_resume_step50/hard,query_js,800,383,360,-0.14854253678521373,0.4196267007281903,0.4458080808080808
state/seed27_P_O0_resume_step50/hard,representation_displacement,800,383,360,-0.1972989879671687,0.3967290919222846,0.41501262626262625
state/seed27_P_O0_resume_step50/hard,prediction_changed,800,383,360,-0.11070070034568524,0.44263388245017565,0.4580808080808081
state/seed27_P_O0_resume_step50/hard,delta_max_probability,800,383,360,-0.22968071043861005,0.3575833849891366,0.34240530303030303
state/seed27_P_O0_resume_step50/hard,delta_entropy,800,383,360,0.25926467072604803,0.6427484644138475,0.6577525252525253
state/seed27_P_O0_resume_step50/hard,delta_probability_gap,800,383,360,-0.19590236859745094,0.36747625398375816,0.3550252525252525
state/seed27_P_O0_resume_step100/easy,query_entropy,800,467,363,-0.2267031589111858,0.3275266701390898,0.43243123979550024
state/seed27_P_O0_resume_step100/easy,query_max_probability,800,467,363,0.22919653780709032,0.6733800181337655,0.5692456077311496
state/seed27_P_O0_resume_step100/easy,query_probability_gap,800,467,363,0.23239564436819432,0.6746403791371671,0.5713700348607775
state/seed27_P_O0_resume_step100/easy,query_js,800,467,363,0.2373431911612362,0.5770009838532323,0.7397797404038303
state/seed27_P_O0_resume_step100/easy,representation_displacement,800,467,363,-0.01716197212808145,0.4256612072457897,0.49307512402998155
state/seed27_P_O0_resume_step100/easy,prediction_changed,800,467,363,0.0031528583114462214,0.4717865617223219,0.5133170691731125
state/seed27_P_O0_resume_step100/easy,delta_max_probability,800,467,363,-0.6465101742346473,0.15267730257023618,0.1057044335596447
state/seed27_P_O0_resume_step100/easy,delta_entropy,800,467,363,0.7014570647766637,0.8904900617962717,0.9264330427217883
state/seed27_P_O0_resume_step100/easy,delta_probability_gap,800,467,363,-0.6183703177661215,0.16406556449383003,0.11904987045407266
state/seed27_P_O0_resume_step100/hard,query_entropy,800,370,351,-0.12305351258361341,0.42296040226272785,0.42692529774935123
state/seed27_P_O0_resume_step100/hard,query_max_probability,800,370,351,0.08436575682149504,0.5598868636077938,0.5597307089511989
state/seed27_P_O0_resume_step100/hard,query_probability_gap,800,370,351,0.04491185142476785,0.5437523570081709,0.5446861972474445
state/seed27_P_O0_resume_step100/hard,query_js,800,370,351,-0.127473058551654,0.46617221873035825,0.47642434279405327
state/seed27_P_O0_resume_step100/hard,representation_displacement,800,370,351,-0.14165412758457435,0.4536957888120679,0.4623569946509813
state/seed27_P_O0_resume_step100/hard,prediction_changed,800,370,351,-0.20820791903901215,0.42834695160276554,0.4315985507522256
state/seed27_P_O0_resume_step100/hard,delta_max_probability,800,370,351,-0.10799744999601561,0.41137649277184163,0.40630333948819475
state/seed27_P_O0_resume_step100/hard,delta_entropy,800,370,351,0.11260721501127345,0.5854556882463859,0.587281645188104
state/seed27_P_O0_resume_step100/hard,delta_probability_gap,800,370,351,-0.08983628880670126,0.41536769327467,0.4076739065603208
state/seed27_P_O0_resume_step200/easy,query_entropy,800,468,348,-0.12589908734232397,0.3951125012872001,0.542957227138643
state/seed27_P_O0_resume_step200/easy,query_max_probability,800,468,348,0.12315026273478552,0.6047587787045619,0.45733521513579495
state/seed27_P_O0_resume_step200/easy,query_probability_gap,800,468,348,0.12232751144923663,0.6054216867469879,0.4591852303936527
state/seed27_P_O0_resume_step200/easy,query_js,800,468,348,0.500570891517018,0.7160307898259706,0.8888274336283186
state/seed27_P_O0_resume_step200/easy,representation_displacement,800,468,348,0.027023925037382872,0.4827386468952734,0.5368286542569424
state/seed27_P_O0_resume_step200/easy,prediction_changed,800,468,348,0.4087000602757395,0.5959865101431366,0.6605508086664632
state/seed27_P_O0_resume_step200/easy,delta_max_probability,800,468,348,-0.6667597410313907,0.1122245391823705,0.12109017393957888
state/seed27_P_O0_resume_step200/easy,delta_entropy,800,468,348,0.7040842954442116,0.910674750283184,0.8873143627301393
state/seed27_P_O0_resume_step200/easy,delta_probability_gap,800,468,348,-0.6444660694782336,0.12155673977963134,0.12858559658223986
state/seed27_P_O0_resume_step200/hard,query_entropy,800,398,361,-0.14401461564783696,0.43994849871246783,0.43928848617166943
state/seed27_P_O0_resume_step200/hard,query_max_probability,800,398,361,0.09283971537455528,0.5412385309632741,0.5426081689056594
state/seed27_P_O0_resume_step200/hard,query_probability_gap,800,398,361,0.0583505833602865,0.5342133553338834,0.5363234245546729
state/seed27_P_O0_resume_step200/hard,query_js,800,398,361,-0.15357989621858784,0.3950411260281507,0.4505770480631503
state/seed27_P_O0_resume_step200/hard,representation_displacement,800,398,361,-0.1427649496327338,0.39964749118727966,0.44896800206967485
state/seed27_P_O0_resume_step200/hard,prediction_changed,800,398,361,-0.21225843085419185,0.41938548463711595,0.4412477362931366
state/seed27_P_O0_resume_step200/hard,delta_max_probability,800,398,361,-0.07929298327028636,0.43623590589764744,0.42235248834230404
state/seed27_P_O0_resume_step200/hard,delta_entropy,800,398,361,0.11855268523857068,0.5755018875471887,0.5877876564087355
state/seed27_P_O0_resume_step200/hard,delta_probability_gap,800,398,361,-0.07163031504736726,0.4306670166754169,0.4191280863710649
state/seed27_P_O0_resume_step400/easy,query_entropy,800,468,313,-0.17907909231108174,0.33349423334363093,0.5596761813541865
state/seed27_P_O0_resume_step400/easy,query_max_probability,800,468,313,0.1737754355866181,0.665366594583462,0.4398121117095604
state/seed27_P_O0_resume_step400/easy,query_probability_gap,800,468,313,0.1722274097303277,0.6657334466069406,0.4420623101600068
state/seed27_P_O0_resume_step400/easy,query_js,800,468,313,0.3135383180286219,0.6047459067037381,0.8395077116859432
state/seed27_P_O0_resume_step400/easy,representation_displacement,800,468,313,-0.1710374391209986,0.39509962928637626,0.42818717977314324
state/seed27_P_O0_resume_step400/easy,prediction_changed,800,468,313,0.29231486513346344,0.5540237874575223,0.6359073941652289
state/seed27_P_O0_resume_step400/easy,delta_max_probability,800,468,313,-0.6764371663080724,0.11302260323344661,0.11747610394211151
state/seed27_P_O0_resume_step400/easy,delta_entropy,800,468,313,0.7425787149667421,0.9284252394192153,0.9057606392400496
state/seed27_P_O0_resume_step400/easy,delta_probability_gap,800,468,313,-0.6531991768737139,0.12444006796416435,0.12525011316595705
state/seed27_P_O0_resume_step400/hard,query_entropy,800,375,339,-0.1481258642591629,0.40845176470588235,0.40089839325821125
state/seed27_P_O0_resume_step400/hard,query_max_probability,800,375,339,0.09140322875504493,0.5683639215686275,0.5769105254064846
state/seed27_P_O0_resume_step400/hard,query_probability_gap,800,375,339,0.059685280758251184,0.5539011764705882,0.5647847759455845
state/seed27_P_O0_resume_step400/hard,query_js,800,375,339,-0.0844968195262805,0.4790086274509804,0.5287146705571446
state/seed27_P_O0_resume_step400/hard,representation_displacement,800,375,339,-0.06664751819924719,0.4913945098039216,0.5298600579732402
state/seed27_P_O0_resume_step400/hard,prediction_changed,800,375,339,-0.12761766908793626,0.44745098039215686,0.4622022152688461
state/seed27_P_O0_resume_step400/hard,delta_max_probability,800,375,339,-0.03155681493252333,0.43493019607843136,0.42758783969695224
state/seed27_P_O0_resume_step400/hard,delta_entropy,800,375,339,0.09314494241397252,0.5869803921568627,0.5983913385675619
state/seed27_P_O0_resume_step400/hard,delta_probability_gap,800,375,339,-0.035007617199401875,0.42409411764705884,0.4156156617331823
state/seed27_P_C2_warm_step50/easy,query_entropy,800,444,362,-0.46674255741024595,0.2567694098592975,0.32592900930901386
state/seed27_P_C2_warm_step50/easy,query_max_probability,800,444,362,0.45711896424838167,0.739168944225124,0.6678145260980347
state/seed27_P_C2_warm_step50/easy,query_probability_gap,800,444,362,0.4511331580205594,0.7369799574855754,0.6635068997704281
state/seed27_P_C2_warm_step50/easy,query_js,800,444,362,0.26673604177506527,0.5995672638931066,0.7398143242765963
state/seed27_P_C2_warm_step50/easy,representation_displacement,800,444,362,0.01408567825887228,0.4765284947869218,0.5472514442846691
state/seed27_P_C2_warm_step50/easy,prediction_changed,800,444,362,0.1660664102615264,0.5271915173600566,0.5635674462019729
state/seed27_P_C2_warm_step50/easy,delta_max_probability,800,444,362,-0.7684193959678062,0.08213761514323312,0.07643986982517217
state/seed27_P_C2_warm_step50/easy,delta_entropy,800,444,362,0.7905412899082654,0.9422955258629416,0.9309833749590051
state/seed27_P_C2_warm_step50/easy,delta_probability_gap,800,444,362,-0.7493857724777695,0.0909758072679421,0.08353515477181564
state/seed27_P_C2_warm_step50/hard,query_entropy,800,375,311,-0.033465356977120275,0.45031529411764704,0.42786315007331716
state/seed27_P_C2_warm_step50/hard,query_max_probability,800,375,311,0.08115193148739296,0.5806054901960784,0.5761150454697888
state/seed27_P_C2_warm_step50/hard,query_probability_gap,800,375,311,0.12505170320578626,0.5939388235294117,0.5743593790069634
state/seed27_P_C2_warm_step50/hard,query_js,800,375,311,-0.14448411638143185,0.4003701960784314,0.5061777102690049
state/seed27_P_C2_warm_step50/hard,representation_displacement,800,375,311,-0.1680146062728223,0.3962729411764706,0.4909882363771461
state/seed27_P_C2_warm_step50/hard,prediction_changed,800,375,311,-0.08631053431222506,0.44188235294117645,0.4824400476068359
state/seed27_P_C2_warm_step50/hard,delta_max_probability,800,375,311,-0.005852048206325323,0.4589113725490196,0.43769356715917385
state/seed27_P_C2_warm_step50/hard,delta_entropy,800,375,311,-0.004899007654699461,0.53984,0.5717817713162238
state/seed27_P_C2_warm_step50/hard,delta_probability_gap,800,375,311,-0.03158006496885151,0.4560501960784314,0.45191643816700533
state/seed27_P_C2_warm_step100/easy,query_entropy,800,391,343,-0.5700173672146363,0.2371700673465942,0.2614082206812078
state/seed27_P_C2_warm_step100/easy,query_max_probability,800,391,343,0.5674032615675962,0.7632426415873036,0.7384578088816021
state/seed27_P_C2_warm_step100/easy,query_probability_gap,800,391,343,0.5633661224470663,0.7640993252834247,0.73833021798904
state/seed27_P_C2_warm_step100/easy,query_js,800,391,343,0.287709754233991,0.6866788811835992,0.7722821544998119
state/seed27_P_C2_warm_step100/easy,representation_displacement,800,391,343,0.02387474042928192,0.5108648753431425,0.5495850106219418
state/seed27_P_C2_warm_step100/easy,prediction_changed,800,391,343,0.2437914040387529,0.5810441536027614,0.6085575211641393
state/seed27_P_C2_warm_step100/easy,delta_max_probability,800,391,343,-0.807566785260602,0.0664774041858691,0.07178263615543122
state/seed27_P_C2_warm_step100/easy,delta_entropy,800,391,343,0.8042523425817852,0.9356174063119455,0.9269924912759727
state/seed27_P_C2_warm_step100/easy,delta_probability_gap,800,391,343,-0.7936713026114103,0.06667125232148775,0.06984963413311558
state/seed27_P_C2_warm_step100/hard,query_entropy,800,364,292,0.034405530321141124,0.509968242766408,0.46558488836155754
state/seed27_P_C2_warm_step100/hard,query_max_probability,800,364,292,-0.013308794232490989,0.5022368686359512,0.517136770574911
state/seed27_P_C2_warm_step100/hard,query_probability_gap,800,364,292,0.01425674883867006,0.5182856134690997,0.5062493258548161
state/seed27_P_C2_warm_step100/hard,query_js,800,364,292,-0.19422560035250055,0.39812481096884766,0.5143929996764103
state/seed27_P_C2_warm_step100/hard,representation_displacement,800,364,292,-0.21129185358102123,0.39530194576066136,0.5036808327041311
state/seed27_P_C2_warm_step100/hard,prediction_changed,800,364,292,0.00519677855045306,0.48394495412844035,0.5158828605328444
state/seed27_P_C2_warm_step100/hard,delta_max_probability,800,364,292,0.059681577627465045,0.4968179756023793,0.4478076798619351
state/seed27_P_C2_warm_step100/hard,delta_entropy,800,364,292,-0.06042009440639751,0.49931948785159797,0.5684189947147018
state/seed27_P_C2_warm_step100/hard,delta_probability_gap,800,364,292,0.04365864634163491,0.4919976812178647,0.46632644806385504
state/seed27_P_C2_warm_step200/easy,query_entropy,800,407,349,-0.46609554077428245,0.31215184650299155,0.345161023894688
state/seed27_P_C2_warm_step200/easy,query_max_probability,800,407,349,0.46592732957395244,0.6886921619746047,0.6537462118564921
state/seed27_P_C2_warm_step200/easy,query_probability_gap,800,407,349,0.4658278372309957,0.6917743558964933,0.6544895456769103
state/seed27_P_C2_warm_step200/easy,query_js,800,407,349,0.33097774371522454,0.7061225000156298,0.797781434443675
state/seed27_P_C2_warm_step200/easy,representation_displacement,800,407,349,0.04671361205251883,0.521422185544323,0.5605499399614992
state/seed27_P_C2_warm_step200/easy,prediction_changed,800,407,349,0.3313914549972552,0.6028033585285494,0.6312238324258731
state/seed27_P_C2_warm_step200/easy,delta_max_probability,800,407,349,-0.7748289528577389,0.09361616995204781,0.10552163609679859
state/seed27_P_C2_warm_step200/easy,delta_entropy,800,407,349,0.7861326658322904,0.9160055266925496,0.9016512176062109
state/seed27_P_C2_warm_step200/easy,delta_probability_gap,800,407,349,-0.7757525089882953,0.08849585185463048,0.09961943849706796
state/seed27_P_C2_warm_step200/hard,query_entropy,800,349,283,0.06287327792699676,0.5125826720627196,0.48508314480797754
state/seed27_P_C2_warm_step200/hard,query_max_probability,800,349,283,-0.05496847651324455,0.4901810049619121,0.5044255045758692
state/seed27_P_C2_warm_step200/hard,query_probability_gap,800,349,283,-0.020720352688051075,0.5054352314817756,0.5113491125069202
state/seed27_P_C2_warm_step200/hard,query_js,800,349,283,-0.22677358870873235,0.39774712672888646,0.5085878710418219
state/seed27_P_C2_warm_step200/hard,representation_displacement,800,349,283,-0.23176529182076847,0.40335707342486293,0.5014660551838208
state/seed27_P_C2_warm_step200/hard,prediction_changed,800,349,283,-0.050451612348980934,0.4769884179696186,0.4940264231670893
state/seed27_P_C2_warm_step200/hard,delta_max_probability,800,349,283,0.07372492769519952,0.4799141036474183,0.4276301850168477
state/seed27_P_C2_warm_step200/hard,delta_entropy,800,349,283,-0.07875931056142275,0.521750455847877,0.5835856497460888
state/seed27_P_C2_warm_step200/hard,delta_probability_gap,800,349,283,0.044535702399535,0.4716929586592037,0.43268790453212674
state/seed27_P_C2_warm_step400/easy,query_entropy,800,417,327,-0.29639926781135595,0.3852708955550964,0.4530131698896367
state/seed27_P_C2_warm_step400/easy,query_max_probability,800,417,327,0.29463582755598056,0.6163257383649217,0.5456420402014599
state/seed27_P_C2_warm_step400/easy,query_probability_gap,800,417,327,0.29441089751702737,0.6198508556079418,0.5460558217118917
state/seed27_P_C2_warm_step400/easy,query_js,800,417,327,0.3678712154237741,0.7209396973282992,0.8521636247260314
state/seed27_P_C2_warm_step400/easy,representation_displacement,800,417,327,0.03053374302147347,0.5196824263826537,0.5587214151327656
state/seed27_P_C2_warm_step400/easy,prediction_changed,800,417,327,0.27264055271094545,0.5649391713783021,0.5996728539933148
state/seed27_P_C2_warm_step400/easy,delta_max_probability,800,417,327,-0.8333879427936606,0.060853666935902974,0.0677308609888085
state/seed27_P_C2_warm_step400/easy,delta_entropy,800,417,327,0.8298824373163083,0.9435542949452449,0.9255193281222724
state/seed27_P_C2_warm_step400/easy,delta_probability_gap,800,417,327,-0.820679219811281,0.06357107525467877,0.06835799859055673
state/seed27_P_C2_warm_step400/hard,query_entropy,800,353,268,0.039187561230564424,0.49026877325069235,0.4838261699023679
state/seed27_P_C2_warm_step400/hard,query_max_probability,800,353,268,-0.03881670908860795,0.5020438428047227,0.5045098754348558
state/seed27_P_C2_warm_step400/hard,query_probability_gap,800,353,268,-0.012766379322467691,0.5072849528807093,0.5037453708899113
state/seed27_P_C2_warm_step400/hard,query_js,800,353,268,-0.23783202786254354,0.4179642691915255,0.5482269105599821
state/seed27_P_C2_warm_step400/hard,representation_displacement,800,353,268,-0.22497049214139397,0.42941612639504156,0.5354688026035237
state/seed27_P_C2_warm_step400/hard,prediction_changed,800,353,268,-0.16388203673816165,0.456958888656514,0.4798423297048592
state/seed27_P_C2_warm_step400/hard,delta_max_probability,800,353,268,0.1273679177623715,0.49843146947544537,0.44555885983615756
state/seed27_P_C2_warm_step400/hard,delta_entropy,800,353,268,-0.10289416077212621,0.5172728482613077,0.5835203680843901
state/seed27_P_C2_warm_step400/hard,delta_probability_gap,800,353,268,0.10007575011835956,0.4925249222072235,0.45292335315901694
