scope,transition,nll_direction,count,fraction,delta_sum,mean_delta
overall,correct->correct,improved,9109,0.21085648148148148,-1461.2006571189818,-0.16041285071017475
overall,wrong->correct,improved,6582,0.1523611111111111,-6674.2485523216055,-1.0140152768644188
overall,correct->correct,worsened,12313,0.28502314814814816,2162.23654631159,0.1756059893049289
overall,correct->wrong,worsened,3713,0.08594907407407408,3923.367125928278,1.0566569151436245
overall,wrong->wrong,improved,7862,0.18199074074074073,-4365.387105769527,-0.5552514761853887
overall,wrong->wrong,worsened,3493,0.08085648148148149,1219.5305085222378,0.3491355592677463
overall,wrong->correct,worsened,75,0.001736111111111111,5.544541688517385,0.07392722251356514
overall,correct->wrong,improved,53,0.0012268518518518518,-3.3958904524045432,-0.06407340476234988
regime/easy,correct->correct,improved,6230,0.2884259259259259,-1015.3414039842773,-0.16297614831208304
regime/easy,wrong->correct,improved,3335,0.15439814814814815,-4873.001464675974,-1.4611698544755545
regime/easy,correct->correct,worsened,8735,0.4043981481481482,1375.0859611678277,0.15742254850232715
regime/easy,correct->wrong,worsened,1584,0.07333333333333333,2359.3442380782,1.4894849987867422
regime/easy,wrong->wrong,improved,1335,0.06180555555555556,-1527.4809283044876,-1.1441804706400656
regime/easy,wrong->correct,worsened,5,0.0002314814814814815,0.40188844936067547,0.08037768987213509
regime/easy,wrong->wrong,worsened,372,0.017222222222222222,312.36098682172695,0.8396800721014165
regime/easy,correct->wrong,improved,4,0.00018518518518518518,-0.800117989630651,-0.20002949740766274
seed/7/easy,correct->correct,improved,2313,0.32125,-448.4986318564481,-0.19390342925051798
seed/7/easy,wrong->correct,improved,1343,0.18652777777777776,-1663.3619459695678,-1.2385420297614056
seed/7/easy,correct->correct,worsened,2694,0.37416666666666665,237.25775229896098,0.08806895037080957
seed/7/easy,correct->wrong,worsened,243,0.03375,387.0058901497666,1.5926168318920437
seed/7/easy,wrong->wrong,improved,500,0.06944444444444445,-506.04490839611293,-1.0120898167922259
seed/7/easy,wrong->correct,worsened,2,0.0002777777777777778,0.19273334907985507,0.09636667453992753
seed/7/easy,wrong->wrong,worsened,102,0.014166666666666666,97.70036591732278,0.957846724679635
seed/7/easy,correct->wrong,improved,3,0.0004166666666666667,-0.6980203548600342,-0.2326734516200114
branch/original_P/overall,correct->correct,improved,1080,0.225,-193.08661105731997,-0.17878389912714812
branch/original_P/overall,wrong->correct,improved,861,0.179375,-861.0561347603385,-1.0000651971664791
branch/original_P/overall,correct->correct,worsened,1231,0.25645833333333334,238.37935037656143,0.19364691338469653
branch/original_P/overall,correct->wrong,worsened,515,0.10729166666666666,530.7009015270858,1.0304871874312345
branch/original_P/overall,wrong->wrong,improved,745,0.15520833333333334,-557.5037911118558,-0.7483272363917527
branch/original_P/overall,wrong->wrong,worsened,340,0.07083333333333333,145.57543724223115,0.4281630507124446
branch/original_P/overall,wrong->correct,worsened,19,0.003958333333333334,1.551453860807107,0.08165546635826877
branch/original_P/overall,correct->wrong,improved,9,0.001875,-0.5029719804288728,-0.05588577560320809
branch/original_P/easy,correct->correct,improved,782,0.3258333333333333,-130.16748996716643,-0.16645459075085223
branch/original_P/easy,wrong->correct,improved,349,0.14541666666666667,-491.39838772271145,-1.4080183029304052
branch/original_P/easy,correct->correct,worsened,950,0.3958333333333333,154.71580871713007,0.16285874601803166
branch/original_P/easy,correct->wrong,worsened,130,0.05416666666666667,145.59842142359142,1.1199878571045494
branch/original_P/easy,wrong->wrong,improved,157,0.06541666666666666,-207.8593649570424,-1.3239449997263848
branch/original_P/easy,wrong->wrong,worsened,32,0.013333333333333334,21.67477738475479,0.6773367932735872
step/original_P/0/easy,correct->correct,improved,782,0.3258333333333333,-130.16748996716643,-0.16645459075085223
step/original_P/0/easy,wrong->correct,improved,349,0.14541666666666667,-491.39838772271145,-1.4080183029304052
step/original_P/0/easy,correct->correct,worsened,950,0.3958333333333333,154.71580871713007,0.16285874601803166
step/original_P/0/easy,correct->wrong,worsened,130,0.05416666666666667,145.59842142359142,1.1199878571045494
step/original_P/0/easy,wrong->wrong,improved,157,0.06541666666666666,-207.8593649570424,-1.3239449997263848
step/original_P/0/easy,wrong->wrong,worsened,32,0.013333333333333334,21.67477738475479,0.6773367932735872
state/seed7_original_P/easy,correct->correct,improved,295,0.36875,-54.525360917216496,-0.18483173192276778
state/seed7_original_P/easy,wrong->correct,improved,157,0.19625,-182.8191276246581,-1.1644530421952746
state/seed7_original_P/easy,correct->correct,worsened,271,0.33875,17.274835033817556,0.063744778722574
state/seed7_original_P/easy,correct->wrong,worsened,9,0.01125,9.005964588687213,1.000662732076357
state/seed7_original_P/easy,wrong->wrong,improved,68,0.085,-68.00985693661096,-1.0001449549501613
regime/hard,wrong->wrong,worsened,3121,0.14449074074074075,907.1695217005109,0.29066629980791764
regime/hard,correct->correct,worsened,3578,0.16564814814814816,787.1505851437621,0.21999736868187875
regime/hard,wrong->wrong,improved,6527,0.3021759259259259,-2837.906177465039,-0.4347948793419701
regime/hard,wrong->correct,improved,3247,0.15032407407407408,-1801.2470876456312,-0.5547419426072163
regime/hard,correct->correct,improved,2879,0.13328703703703704,-445.8592531347045,-0.1548660135931589
regime/hard,correct->wrong,worsened,2129,0.09856481481481481,1564.0228878500782,0.7346279416862743
regime/hard,wrong->correct,worsened,70,0.0032407407407407406,5.14265323915671,0.07346647484509586
regime/hard,correct->wrong,improved,49,0.0022685185185185187,-2.5957724627738923,-0.052974948219875355
seed/7/hard,wrong->wrong,worsened,737,0.10236111111111111,276.11145035704044,0.3746424021126736
seed/7/hard,correct->correct,worsened,1330,0.18472222222222223,294.46378772211824,0.2214013441519686
seed/7/hard,wrong->wrong,improved,2402,0.33361111111111114,-994.1359640325632,-0.41387841966384814
seed/7/hard,wrong->correct,improved,1149,0.15958333333333333,-591.8819639474859,-0.5151279059595179
seed/7/hard,correct->correct,improved,892,0.1238888888888889,-119.38721933449209,-0.13384217414180727
seed/7/hard,correct->wrong,worsened,651,0.09041666666666667,486.77951452940124,0.7477411897533045
seed/7/hard,wrong->correct,worsened,24,0.0033333333333333335,1.6835983536601888,0.07014993140250787
seed/7/hard,correct->wrong,improved,15,0.0020833333333333333,-0.6841212673162476,-0.04560808448774984
branch/original_P/hard,wrong->wrong,worsened,308,0.12833333333333333,123.90065985747636,0.40227486966713105
branch/original_P/hard,correct->correct,worsened,281,0.11708333333333333,83.66354165943136,0.297735023699044
branch/original_P/hard,wrong->wrong,improved,588,0.245,-349.6444261548134,-0.5946333778143085
branch/original_P/hard,wrong->correct,improved,512,0.21333333333333335,-369.65774703762713,-0.7219877871828655
branch/original_P/hard,correct->correct,improved,298,0.12416666666666666,-62.91912109015352,-0.2111379902354145
branch/original_P/hard,correct->wrong,worsened,385,0.16041666666666668,385.1024801034944,1.0002661820869985
branch/original_P/hard,wrong->correct,worsened,19,0.007916666666666667,1.551453860807107,0.08165546635826877
branch/original_P/hard,correct->wrong,improved,9,0.00375,-0.5029719804288728,-0.05588577560320809
step/original_P/0/hard,wrong->wrong,worsened,308,0.12833333333333333,123.90065985747636,0.40227486966713105
step/original_P/0/hard,correct->correct,worsened,281,0.11708333333333333,83.66354165943136,0.297735023699044
step/original_P/0/hard,wrong->wrong,improved,588,0.245,-349.6444261548134,-0.5946333778143085
step/original_P/0/hard,wrong->correct,improved,512,0.21333333333333335,-369.65774703762713,-0.7219877871828655
step/original_P/0/hard,correct->correct,improved,298,0.12416666666666666,-62.91912109015352,-0.2111379902354145
step/original_P/0/hard,correct->wrong,worsened,385,0.16041666666666668,385.1024801034944,1.0002661820869985
step/original_P/0/hard,wrong->correct,worsened,19,0.007916666666666667,1.551453860807107,0.08165546635826877
step/original_P/0/hard,correct->wrong,improved,9,0.00375,-0.5029719804288728,-0.05588577560320809
state/seed7_original_P/hard,wrong->wrong,worsened,80,0.1,39.55186198409991,0.4943982748012488
state/seed7_original_P/hard,correct->correct,worsened,99,0.12375,33.252874075039635,0.3358876169195923
state/seed7_original_P/hard,wrong->wrong,improved,210,0.2625,-123.95237110226486,-0.5902493862012612
state/seed7_original_P/hard,wrong->correct,improved,170,0.2125,-116.10599646678173,-0.6829764498045984
state/seed7_original_P/hard,correct->correct,improved,109,0.13625,-18.81063869969666,-0.17257466696969412
state/seed7_original_P/hard,correct->wrong,worsened,118,0.1475,121.10102948923979,1.026279910925761
state/seed7_original_P/hard,wrong->correct,worsened,11,0.01375,1.0785293608717588,0.09804812371561444
state/seed7_original_P/hard,correct->wrong,improved,3,0.00375,-0.2740035791480302,-0.09133452638267674
branch/P_O0_resume/overall,correct->correct,improved,4043,0.21057291666666667,-620.1637789633402,-0.1533919809456691
branch/P_O0_resume/overall,wrong->correct,improved,2602,0.13552083333333334,-2306.6908331261557,-0.8865068536226578
branch/P_O0_resume/overall,correct->correct,worsened,5592,0.29125,981.3986094707739,0.17550046664355756
branch/P_O0_resume/overall,wrong->wrong,improved,3149,0.16401041666666666,-1766.5084545796767,-0.5609744219052641
branch/P_O0_resume/overall,wrong->correct,worsened,27,0.00140625,1.9471244614695078,0.07211572079516695
branch/P_O0_resume/overall,wrong->wrong,worsened,1817,0.09463541666666667,800.9430359803771,0.44080519316476446
branch/P_O0_resume/overall,correct->wrong,worsened,1936,0.10083333333333333,2172.266841123322,1.1220386576050216
branch/P_O0_resume/overall,correct->wrong,improved,34,0.0017708333333333332,-1.949858842024605,-0.05734878947131191
branch/P_O0_resume/easy,correct->correct,improved,2610,0.271875,-382.21699470281845,-0.1464432929895856
branch/P_O0_resume/easy,wrong->correct,improved,1055,0.10989583333333333,-1365.4102015794401,-1.294227679222218
branch/P_O0_resume/easy,correct->correct,worsened,4188,0.43625,618.5383075939119,0.14769300563369434
branch/P_O0_resume/easy,wrong->wrong,improved,643,0.06697916666666667,-640.6524070307381,-0.9963490000478042
branch/P_O0_resume/easy,wrong->correct,worsened,3,0.0003125,0.38233680931650627,0.1274456031055021
branch/P_O0_resume/easy,wrong->wrong,worsened,235,0.024479166666666666,247.32631550302796,1.0524524063958638
branch/P_O0_resume/easy,correct->wrong,worsened,866,0.09020833333333333,1366.7924116785462,1.5782822305756883
step/P_O0_resume/50/easy,correct->correct,improved,700,0.2916666666666667,-110.71037641264147,-0.15815768058948781
step/P_O0_resume/50/easy,wrong->correct,improved,335,0.13958333333333334,-489.06252783186596,-1.4598881427816894
step/P_O0_resume/50/easy,correct->correct,worsened,1039,0.43291666666666667,156.7315006425677,0.15084841255300066
step/P_O0_resume/50/easy,wrong->wrong,improved,191,0.07958333333333334,-236.13961268136038,-1.2363330506877508
step/P_O0_resume/50/easy,wrong->correct,worsened,1,0.0004166666666666667,0.060328595112113415,0.060328595112113415
step/P_O0_resume/50/easy,wrong->wrong,worsened,12,0.005,4.059078039724481,0.3382565033103734
step/P_O0_resume/50/easy,correct->wrong,worsened,122,0.050833333333333335,157.37484649967686,1.2899577581940727
state/seed7_P_O0_resume_step50/easy,correct->correct,improved,283,0.35375,-54.78234144491101,-0.19357717825056897
state/seed7_P_O0_resume_step50/easy,wrong->correct,improved,119,0.14875,-121.45322462858707,-1.0206153330133367
state/seed7_P_O0_resume_step50/easy,correct->correct,worsened,304,0.38,15.280135881413287,0.05026360487307002
state/seed7_P_O0_resume_step50/easy,wrong->wrong,improved,87,0.10875,-91.00054771254895,-1.0459833070407927
state/seed7_P_O0_resume_step50/easy,wrong->correct,worsened,1,0.00125,0.060328595112113415,0.060328595112113415
state/seed7_P_O0_resume_step50/easy,wrong->wrong,worsened,1,0.00125,0.17181727238259337,0.17181727238259337
state/seed7_P_O0_resume_step50/easy,correct->wrong,worsened,5,0.00625,3.6779524245716955,0.7355904849143391
branch/P_O0_resume/hard,wrong->wrong,worsened,1582,0.16479166666666667,553.6167204773491,0.3499473580767061
branch/P_O0_resume/hard,correct->correct,worsened,1404,0.14625,362.860301876862,0.2584475084593034
branch/P_O0_resume/hard,wrong->wrong,improved,2506,0.26104166666666667,-1125.8560475489385,-0.4492641849756339
branch/P_O0_resume/hard,wrong->correct,improved,1547,0.16114583333333332,-941.2806315467153,-0.6084554825770623
branch/P_O0_resume/hard,correct->correct,improved,1433,0.14927083333333332,-237.9467842605217,-0.1660480001818016
branch/P_O0_resume/hard,correct->wrong,worsened,1070,0.11145833333333334,805.474429444776,0.7527798406025944
branch/P_O0_resume/hard,wrong->correct,worsened,24,0.0025,1.5647876521530015,0.06519948550637507
branch/P_O0_resume/hard,correct->wrong,improved,34,0.0035416666666666665,-1.949858842024605,-0.05734878947131191
step/P_O0_resume/50/hard,wrong->wrong,worsened,351,0.14625,135.34925467924748,0.3856104121915883
step/P_O0_resume/50/hard,correct->correct,worsened,293,0.12208333333333334,87.1810136017591,0.29754612150771026
step/P_O0_resume/50/hard,wrong->wrong,improved,604,0.25166666666666665,-331.44674617534696,-0.5487528910187863
step/P_O0_resume/50/hard,wrong->correct,improved,479,0.19958333333333333,-325.24464970554743,-0.6790076194270301
step/P_O0_resume/50/hard,correct->correct,improved,311,0.12958333333333333,-67.75111319685061,-0.21784923857508234
step/P_O0_resume/50/hard,correct->wrong,worsened,343,0.14291666666666666,310.16156052139394,0.9042611093918191
step/P_O0_resume/50/hard,wrong->correct,worsened,10,0.004166666666666667,0.5858715146583852,0.05858715146583852
step/P_O0_resume/50/hard,correct->wrong,improved,9,0.00375,-0.6205231246875709,-0.06894701385417454
state/seed7_P_O0_resume_step50/hard,wrong->wrong,worsened,96,0.12,47.07986125607586,0.49041522141745686
state/seed7_P_O0_resume_step50/hard,correct->correct,worsened,106,0.1325,36.50734296535542,0.34440889589957946
state/seed7_P_O0_resume_step50/hard,wrong->wrong,improved,207,0.25875,-115.7020109020993,-0.5589469125705281
state/seed7_P_O0_resume_step50/hard,wrong->correct,improved,160,0.2,-103.79741257767994,-0.6487338286104997
state/seed7_P_O0_resume_step50/hard,correct->correct,improved,118,0.1475,-21.80414760753215,-0.18478091192823856
state/seed7_P_O0_resume_step50/hard,correct->wrong,worsened,105,0.13125,97.11348722106747,0.9248903544863569
state/seed7_P_O0_resume_step50/hard,wrong->correct,worsened,6,0.0075,0.3054675303333444,0.0509112550555574
state/seed7_P_O0_resume_step50/hard,correct->wrong,improved,2,0.0025,-0.05852590543890168,-0.02926295271945084
step/P_O0_resume/100/easy,correct->correct,improved,657,0.27375,-89.6938312223501,-0.13652029105380534
step/P_O0_resume/100/easy,wrong->correct,improved,275,0.11458333333333333,-363.4204546148684,-1.3215289258722487
step/P_O0_resume/100/easy,wrong->wrong,improved,182,0.07583333333333334,-187.7982969129928,-1.0318587742472134
step/P_O0_resume/100/easy,correct->correct,worsened,1136,0.47333333333333333,173.6410387996677,0.15285302711238355
step/P_O0_resume/100/easy,correct->wrong,worsened,124,0.051666666666666666,160.9229304765781,1.2977655683595009
step/P_O0_resume/100/easy,wrong->correct,worsened,1,0.0004166666666666667,0.13240475396774165,0.13240475396774165
step/P_O0_resume/100/easy,wrong->wrong,worsened,25,0.010416666666666666,5.691882628195526,0.22767530512782105
state/seed7_P_O0_resume_step100/easy,correct->correct,improved,293,0.36625,-49.784858029668975,-0.16991419122753917
state/seed7_P_O0_resume_step100/easy,wrong->correct,improved,100,0.125,-97.58921620309187,-0.9758921620309187
state/seed7_P_O0_resume_step100/easy,wrong->wrong,improved,78,0.0975,-72.34906352880448,-0.9275520965231343
state/seed7_P_O0_resume_step100/easy,correct->correct,worsened,319,0.39875,25.955525895154132,0.08136528493778725
state/seed7_P_O0_resume_step100/easy,correct->wrong,worsened,8,0.01,4.3504300869956305,0.5438037608744538
state/seed7_P_O0_resume_step100/easy,wrong->correct,worsened,1,0.00125,0.13240475396774165,0.13240475396774165
state/seed7_P_O0_resume_step100/easy,wrong->wrong,worsened,1,0.00125,0.07851479516790238,0.07851479516790238
step/P_O0_resume/100/hard,wrong->wrong,improved,620,0.25833333333333336,-302.5741412616426,-0.4880228084865203
step/P_O0_resume/100/hard,correct->correct,worsened,317,0.13208333333333333,98.90310123484035,0.3119971647786762
step/P_O0_resume/100/hard,wrong->correct,improved,426,0.1775,-282.4807927881324,-0.6631004525543014
step/P_O0_resume/100/hard,correct->correct,improved,360,0.15,-68.55740842215663,-0.19043724561710174
step/P_O0_resume/100/hard,correct->wrong,worsened,315,0.13125,247.48619464927435,0.7856704592040455
step/P_O0_resume/100/hard,wrong->wrong,worsened,345,0.14375,133.44727007354845,0.3868036813726042
step/P_O0_resume/100/hard,correct->wrong,improved,11,0.004583333333333333,-0.3747446356312185,-0.03406769414829259
step/P_O0_resume/100/hard,wrong->correct,worsened,6,0.0025,0.5481484692269282,0.09135807820448803
state/seed7_P_O0_resume_step100/hard,wrong->wrong,improved,213,0.26625,-104.99252934241547,-0.4929226729690867
state/seed7_P_O0_resume_step100/hard,correct->correct,worsened,116,0.145,35.603462199240674,0.30692639826931617
state/seed7_P_O0_resume_step100/hard,wrong->correct,improved,156,0.195,-95.2250110645544,-0.6104167375932974
state/seed7_P_O0_resume_step100/hard,correct->correct,improved,117,0.14625,-20.004389527939157,-0.17097768827298424
state/seed7_P_O0_resume_step100/hard,correct->wrong,worsened,116,0.145,88.99783273898095,0.7672226960256978
state/seed7_P_O0_resume_step100/hard,wrong->wrong,worsened,78,0.0975,38.77017298863161,0.4970534998542514
state/seed7_P_O0_resume_step100/hard,correct->wrong,improved,3,0.00375,-0.029055048868054878,-0.009685016289351625
state/seed7_P_O0_resume_step100/hard,wrong->correct,worsened,1,0.00125,0.15475553831422872,0.15475553831422872
step/P_O0_resume/200/easy,correct->correct,improved,655,0.27291666666666664,-91.27071694821926,-0.13934460602781565
step/P_O0_resume/200/easy,correct->correct,worsened,1036,0.43166666666666664,156.74782463549786,0.15130098903040334
step/P_O0_resume/200/easy,correct->wrong,worsened,252,0.105,347.7697150299202,1.3800385517060323
step/P_O0_resume/200/easy,wrong->wrong,worsened,67,0.027916666666666666,51.468730446275345,0.768190006660826
step/P_O0_resume/200/easy,wrong->correct,improved,241,0.10041666666666667,-295.67528296588017,-1.2268683940492953
step/P_O0_resume/200/easy,wrong->wrong,improved,149,0.06208333333333333,-135.61725184204286,-0.910182898268744
state/seed7_P_O0_resume_step200/easy,correct->correct,improved,258,0.3225,-42.393471810271095,-0.1643157822103531
state/seed7_P_O0_resume_step200/easy,correct->correct,worsened,352,0.44,39.94729250248935,0.11348662642752655
state/seed7_P_O0_resume_step200/easy,correct->wrong,worsened,54,0.0675,57.65694480478133,1.0677212000885432
state/seed7_P_O0_resume_step200/easy,wrong->wrong,worsened,35,0.04375,19.544247400034898,0.5584070685724256
state/seed7_P_O0_resume_step200/easy,wrong->correct,improved,60,0.075,-47.80290198739194,-0.796715033123199
state/seed7_P_O0_resume_step200/easy,wrong->wrong,improved,41,0.05125,-28.930835084949358,-0.7056301240231551
step/P_O0_resume/200/hard,wrong->wrong,improved,613,0.2554166666666667,-281.13897885742483,-0.4586280242372347
step/P_O0_resume/200/hard,correct->correct,worsened,368,0.15333333333333332,101.27950417107948,0.2752160439431508
step/P_O0_resume/200/hard,wrong->correct,improved,373,0.15541666666666668,-222.59413466484276,-0.5967671170639216
step/P_O0_resume/200/hard,correct->correct,improved,369,0.15375,-58.81318966028288,-0.15938533783274492
step/P_O0_resume/200/hard,wrong->wrong,worsened,406,0.16916666666666666,139.5383052987194,0.34369040713970295
step/P_O0_resume/200/hard,correct->wrong,worsened,256,0.10666666666666667,180.8745425850537,0.706541181972866
step/P_O0_resume/200/hard,correct->wrong,improved,8,0.0033333333333333335,-0.5468436511572636,-0.06835545639465795
step/P_O0_resume/200/hard,wrong->correct,worsened,7,0.002916666666666667,0.3960644462069447,0.05658063517242067
state/seed7_P_O0_resume_step200/hard,wrong->wrong,improved,244,0.305,-101.40856022354728,-0.41560885337519377
state/seed7_P_O0_resume_step200/hard,correct->correct,worsened,141,0.17625,33.13350960519359,0.23498942982406804
state/seed7_P_O0_resume_step200/hard,wrong->correct,improved,127,0.15875,-65.05503206835785,-0.5122443469949437
state/seed7_P_O0_resume_step200/hard,correct->correct,improved,118,0.1475,-15.779486696921,-0.1337244635332288
state/seed7_P_O0_resume_step200/hard,wrong->wrong,worsened,88,0.11,41.96267048590205,0.47684852824888696
state/seed7_P_O0_resume_step200/hard,correct->wrong,worsened,81,0.10125,53.334338997557225,0.6584486295994719
state/seed7_P_O0_resume_step200/hard,correct->wrong,improved,1,0.00125,-0.022543464489408693,-0.022543464489408693
step/P_O0_resume/400/easy,correct->correct,improved,598,0.24916666666666668,-90.54207011960764,-0.15140814401272182
step/P_O0_resume/400/easy,correct->correct,worsened,977,0.40708333333333335,131.41794351617858,0.13451171291318176
step/P_O0_resume/400/easy,correct->wrong,worsened,368,0.15333333333333332,700.7249196723709,1.9041438034575298
step/P_O0_resume/400/easy,wrong->wrong,worsened,131,0.05458333333333333,186.1066243888326,1.420661254876585
step/P_O0_resume/400/easy,wrong->correct,improved,204,0.085,-217.25193616682554,-1.0649604714060077
step/P_O0_resume/400/easy,wrong->wrong,improved,121,0.050416666666666665,-81.09724559434207,-0.6702251702011741
step/P_O0_resume/400/easy,wrong->correct,worsened,1,0.0004166666666666667,0.1896034602366512,0.1896034602366512
state/seed7_P_O0_resume_step400/easy,correct->correct,improved,259,0.32375,-41.48009508407364,-0.16015480727441558
state/seed7_P_O0_resume_step400/easy,correct->correct,worsened,300,0.375,36.033782607677374,0.12011260869225791
state/seed7_P_O0_resume_step400/easy,correct->wrong,worsened,132,0.165,278.33985921143216,2.108635297056304
state/seed7_P_O0_resume_step400/easy,wrong->wrong,worsened,43,0.05375,65.21499934303661,1.5166278916985259
state/seed7_P_O0_resume_step400/easy,wrong->correct,improved,44,0.055,-33.61342142675189,-0.763941396062543
state/seed7_P_O0_resume_step400/easy,wrong->wrong,improved,22,0.0275,-12.364297307904822,-0.5620135139956738
step/P_O0_resume/400/hard,wrong->wrong,worsened,480,0.2,145.28189042583375,0.3026706050538203
step/P_O0_resume/400/hard,correct->correct,worsened,426,0.1775,75.49668286918308,0.1772222602562983
step/P_O0_resume/400/hard,wrong->wrong,improved,669,0.27875,-210.6961812545242,-0.3149419749693934
step/P_O0_resume/400/hard,wrong->correct,improved,269,0.11208333333333333,-110.96105438819276,-0.41249462597841174
step/P_O0_resume/400/hard,correct->correct,improved,393,0.16375,-42.82507298123159,-0.10896965135173434
step/P_O0_resume/400/hard,correct->wrong,worsened,156,0.065,66.95213168905401,0.4291803313400898
step/P_O0_resume/400/hard,correct->wrong,improved,6,0.0025,-0.407747430548552,-0.06795790509142534
step/P_O0_resume/400/hard,wrong->correct,worsened,1,0.0004166666666666667,0.0347032220607435,0.0347032220607435
state/seed7_P_O0_resume_step400/hard,wrong->wrong,worsened,136,0.17,47.181517898668844,0.3469229257255062
state/seed7_P_O0_resume_step400/hard,correct->correct,worsened,153,0.19125,22.90948434768128,0.14973519181491032
state/seed7_P_O0_resume_step400/hard,wrong->wrong,improved,246,0.3075,-64.67682695154545,-0.2629139306973392
state/seed7_P_O0_resume_step400/hard,wrong->correct,improved,86,0.1075,-30.999363109595283,-0.36045771057668935
state/seed7_P_O0_resume_step400/hard,correct->correct,improved,135,0.16875,-12.915999758800226,-0.09567407228740908
state/seed7_P_O0_resume_step400/hard,correct->wrong,worsened,41,0.05125,15.810297052761543,0.3856170012868669
state/seed7_P_O0_resume_step400/hard,correct->wrong,improved,3,0.00375,-0.1988988598502388,-0.0662996199500796
branch/P_C2_warm/overall,correct->correct,improved,3986,0.20760416666666667,-647.9502670983217,-0.162556514575595
branch/P_C2_warm/overall,wrong->correct,improved,3119,0.16244791666666666,-3506.501584435111,-1.1242390459875315
branch/P_C2_warm/overall,correct->correct,worsened,5490,0.2859375,942.4585864642544,0.17166823068565654
branch/P_C2_warm/overall,wrong->wrong,improved,3968,0.20666666666666667,-2041.3748600779938,-0.5144593901406235
branch/P_C2_warm/overall,correct->wrong,worsened,1262,0.06572916666666667,1220.39938327787,0.9670359613929239
branch/P_C2_warm/overall,wrong->wrong,worsened,1336,0.06958333333333333,273.0120352996297,0.20435032582307613
branch/P_C2_warm/overall,wrong->correct,worsened,29,0.0015104166666666666,2.0459633662407706,0.07055046090485416
branch/P_C2_warm/overall,correct->wrong,improved,10,0.0005208333333333333,-0.9430596299510654,-0.09430596299510655
branch/P_C2_warm/easy,correct->correct,improved,2838,0.295625,-502.9569193142924,-0.17722231124534615
branch/P_C2_warm/easy,wrong->correct,improved,1931,0.20114583333333333,-3016.1928753738225,-1.5619849173349676
branch/P_C2_warm/easy,correct->correct,worsened,3597,0.3746875,601.8318448567857,0.16731494157820007
branch/P_C2_warm/easy,wrong->wrong,improved,535,0.05572916666666667,-678.9691563167071,-1.2691012267602
branch/P_C2_warm/easy,correct->wrong,worsened,588,0.06125,846.9534049760622,1.440396947238201
branch/P_C2_warm/easy,wrong->wrong,worsened,105,0.0109375,43.35989393394418,0.41295137079946836
branch/P_C2_warm/easy,correct->wrong,improved,4,0.0004166666666666667,-0.800117989630651,-0.20002949740766274
branch/P_C2_warm/easy,wrong->correct,worsened,2,0.00020833333333333335,0.019551640044169205,0.009775820022084603
step/P_C2_warm/50/easy,correct->correct,improved,662,0.2758333333333333,-122.51189220010487,-0.1850632812690406
step/P_C2_warm/50/easy,wrong->correct,improved,521,0.21708333333333332,-839.4001753910945,-1.6111327742631374
step/P_C2_warm/50/easy,correct->correct,worsened,928,0.38666666666666666,178.02834010802601,0.19184088373709698
step/P_C2_warm/50/easy,wrong->wrong,improved,132,0.055,-163.03839436212584,-1.235139351228226
step/P_C2_warm/50/easy,correct->wrong,worsened,134,0.05583333333333333,217.97901863285463,1.6267090942750344
step/P_C2_warm/50/easy,wrong->wrong,worsened,23,0.009583333333333333,6.329010876105215,0.27517438591761806
state/seed7_P_C2_warm_step50/easy,correct->correct,improved,252,0.315,-52.99519088802458,-0.2102983765397801
state/seed7_P_C2_warm_step50/easy,wrong->correct,improved,204,0.255,-242.95268013512057,-1.1909445104662773
state/seed7_P_C2_warm_step50/easy,correct->correct,worsened,293,0.36625,25.38068214361973,0.08662348854477724
state/seed7_P_C2_warm_step50/easy,wrong->wrong,improved,45,0.05625,-41.1562552693906,-0.9145834504309023
state/seed7_P_C2_warm_step50/easy,correct->wrong,worsened,4,0.005,1.751466405532595,0.43786660138314876
state/seed7_P_C2_warm_step50/easy,wrong->wrong,worsened,2,0.0025,0.18287511335347473,0.09143755667673736
branch/P_C2_warm/hard,wrong->wrong,worsened,1231,0.12822916666666667,229.65214136568554,0.18655738534986638
branch/P_C2_warm/hard,correct->correct,worsened,1893,0.1971875,340.6267416074688,0.17994016989301043
branch/P_C2_warm/hard,wrong->wrong,improved,3433,0.35760416666666667,-1362.405703761287,-0.396855724952312
branch/P_C2_warm/hard,wrong->correct,improved,1188,0.12375,-490.3087090612887,-0.41271776857010833
branch/P_C2_warm/hard,correct->correct,improved,1148,0.11958333333333333,-144.99334778402928,-0.12630082559584432
branch/P_C2_warm/hard,correct->wrong,worsened,674,0.07020833333333333,373.44597830180777,0.5540741517830976
branch/P_C2_warm/hard,wrong->correct,worsened,27,0.0028125,2.0264117261966015,0.07505228615542968
branch/P_C2_warm/hard,correct->wrong,improved,6,0.000625,-0.14294164032041445,-0.023823606720069074
step/P_C2_warm/50/hard,wrong->wrong,worsened,306,0.1275,84.13721114085257,0.27495820634265544
step/P_C2_warm/50/hard,correct->correct,worsened,385,0.16041666666666668,94.11781152776538,0.24446184812406593
step/P_C2_warm/50/hard,wrong->wrong,improved,748,0.31166666666666665,-413.3704254410874,-0.5526342586110794
step/P_C2_warm/50/hard,wrong->correct,improved,412,0.17166666666666666,-224.1759755329037,-0.5441164454682128
step/P_C2_warm/50/hard,correct->correct,improved,275,0.11458333333333333,-49.027638268973924,-0.178282320978087
step/P_C2_warm/50/hard,correct->wrong,worsened,259,0.10791666666666666,194.95515559281824,0.7527226084664796
step/P_C2_warm/50/hard,wrong->correct,worsened,14,0.005833333333333334,1.018625748101675,0.07275898200726248
step/P_C2_warm/50/hard,correct->wrong,improved,1,0.0004166666666666667,-0.02141122331992551,-0.02141122331992551
state/seed7_P_C2_warm_step50/hard,wrong->wrong,worsened,69,0.08625,26.78891002563873,0.38824507283534393
state/seed7_P_C2_warm_step50/hard,correct->correct,worsened,151,0.18875,39.182912368802725,0.25948948588611076
state/seed7_P_C2_warm_step50/hard,wrong->wrong,improved,294,0.3675,-148.93919765200752,-0.506595910380978
state/seed7_P_C2_warm_step50/hard,wrong->correct,improved,144,0.18,-73.2339882467948,-0.5085693628249638
state/seed7_P_C2_warm_step50/hard,correct->correct,improved,74,0.0925,-8.807690305666531,-0.11902284196846664
state/seed7_P_C2_warm_step50/hard,correct->wrong,worsened,66,0.0825,48.49948000003473,0.7348406060611323
state/seed7_P_C2_warm_step50/hard,wrong->correct,worsened,2,0.0025,0.08326531349177357,0.04163265674588679
step/P_C2_warm/100/easy,correct->correct,improved,699,0.29125,-129.82187319314858,-0.18572514047660743
step/P_C2_warm/100/easy,wrong->correct,improved,512,0.21333333333333335,-795.0057791532556,-1.5527456624087024
step/P_C2_warm/100/easy,correct->correct,worsened,820,0.3416666666666667,141.51513335831186,0.17257943092477054
step/P_C2_warm/100/easy,wrong->wrong,improved,153,0.06375,-200.68474692182755,-1.3116650125609643
step/P_C2_warm/100/easy,correct->wrong,improved,2,0.0008333333333333334,-0.3495732161475099,-0.17478660807375496
step/P_C2_warm/100/easy,correct->wrong,worsened,189,0.07875,289.8437908451627,1.5335650309267865
step/P_C2_warm/100/easy,wrong->wrong,worsened,25,0.010416666666666666,8.384250759287603,0.3353700303715041
state/seed7_P_C2_warm_step100/easy,correct->correct,improved,237,0.29625,-52.36019100706308,-0.2209290759791691
state/seed7_P_C2_warm_step100/easy,wrong->correct,improved,218,0.2725,-286.7309478510809,-1.3152795772985362
state/seed7_P_C2_warm_step100/easy,correct->correct,worsened,270,0.3375,25.003765605267038,0.0926065392787668
state/seed7_P_C2_warm_step100/easy,wrong->wrong,improved,58,0.0725,-74.2021647873301,-1.2793476687470708
state/seed7_P_C2_warm_step100/easy,correct->wrong,improved,2,0.0025,-0.3495732161475099,-0.17478660807375496
state/seed7_P_C2_warm_step100/easy,correct->wrong,worsened,13,0.01625,13.317435339915335,1.0244181030704103
state/seed7_P_C2_warm_step100/easy,wrong->wrong,worsened,2,0.0025,0.004392399361692223,0.0021961996808461115
step/P_C2_warm/100/hard,wrong->wrong,worsened,320,0.13333333333333333,56.85239113139122,0.17766372228559757
step/P_C2_warm/100/hard,correct->correct,worsened,460,0.19166666666666668,94.9000871833803,0.20630453735517457
step/P_C2_warm/100/hard,wrong->wrong,improved,827,0.34458333333333335,-386.9851304226809,-0.467938489023798
step/P_C2_warm/100/hard,wrong->correct,improved,325,0.13541666666666666,-129.21025323506117,-0.3975700099540344
step/P_C2_warm/100/hard,correct->correct,improved,277,0.11541666666666667,-38.83472576258808,-0.14019756592992086
step/P_C2_warm/100/hard,correct->wrong,worsened,184,0.07666666666666666,100.8207583612085,0.5479389041370027
step/P_C2_warm/100/hard,correct->wrong,improved,1,0.0004166666666666667,-0.015934009701337626,-0.015934009701337626
step/P_C2_warm/100/hard,wrong->correct,worsened,6,0.0025,0.7090913678636505,0.11818189464394174
state/seed7_P_C2_warm_step100/hard,wrong->wrong,worsened,70,0.0875,15.943040617085346,0.22775772310121922
state/seed7_P_C2_warm_step100/hard,correct->correct,worsened,180,0.225,36.62069077341859,0.20344828207454768
state/seed7_P_C2_warm_step100/hard,wrong->wrong,improved,307,0.38375,-132.79364986477336,-0.4325526054227145
state/seed7_P_C2_warm_step100/hard,wrong->correct,improved,123,0.15375,-52.13070362068735,-0.4238268587047752
state/seed7_P_C2_warm_step100/hard,correct->correct,improved,71,0.08875,-7.346041047452425,-0.10346536686552711
state/seed7_P_C2_warm_step100/hard,correct->wrong,worsened,49,0.06125,30.195956034669695,0.6162440007075448
step/P_C2_warm/200/easy,wrong->correct,improved,507,0.21125,-801.857389763123,-1.5815727608740098
step/P_C2_warm/200/easy,correct->correct,improved,709,0.29541666666666666,-130.44486633596924,-0.183984296665683
step/P_C2_warm/200/easy,correct->correct,worsened,877,0.36541666666666667,149.87006792045835,0.17088947311340746
step/P_C2_warm/200/easy,wrong->wrong,improved,124,0.051666666666666666,-150.26075271176597,-1.2117802638045645
step/P_C2_warm/200/easy,correct->wrong,improved,1,0.0004166666666666667,-0.3484471387125243,-0.3484471387125243
step/P_C2_warm/200/easy,wrong->wrong,worsened,28,0.011666666666666667,10.227224504148621,0.3652580180053079
step/P_C2_warm/200/easy,correct->wrong,worsened,154,0.06416666666666666,209.40664701815265,1.3597834221957965
state/seed7_P_C2_warm_step200/easy,wrong->correct,improved,250,0.3125,-369.73274961368986,-1.4789309984547594
state/seed7_P_C2_warm_step200/easy,correct->correct,improved,207,0.25875,-49.026728563214306,-0.23684409933919953
state/seed7_P_C2_warm_step200/easy,correct->correct,worsened,287,0.35875,27.464913848206756,0.09569656393103398
state/seed7_P_C2_warm_step200/easy,wrong->wrong,improved,52,0.065,-61.5708182347087,-1.1840541968213212
state/seed7_P_C2_warm_step200/easy,correct->wrong,improved,1,0.00125,-0.3484471387125243,-0.3484471387125243
state/seed7_P_C2_warm_step200/easy,wrong->wrong,worsened,2,0.0025,0.03906566738524653,0.019532833692623264
state/seed7_P_C2_warm_step200/easy,correct->wrong,worsened,1,0.00125,0.11130128387547444,0.11130128387547444
step/P_C2_warm/200/hard,wrong->wrong,worsened,288,0.12,42.95093471762625,0.1491351899917578
step/P_C2_warm/200/hard,correct->correct,worsened,507,0.21125,83.49644529446374,0.16468726882537227
step/P_C2_warm/200/hard,correct->wrong,worsened,128,0.05333333333333334,46.4913788488206,0.36321389725641096
step/P_C2_warm/200/hard,wrong->wrong,improved,926,0.3858333333333333,-313.4162547687842,-0.3384624781520348
step/P_C2_warm/200/hard,correct->correct,improved,309,0.12875,-31.167829685585627,-0.10086676273652306
step/P_C2_warm/200/hard,wrong->correct,improved,236,0.09833333333333333,-73.92974181489687,-0.3132616178597325
step/P_C2_warm/200/hard,wrong->correct,worsened,5,0.0020833333333333333,0.25694072331382467,0.05138814466276494
step/P_C2_warm/200/hard,correct->wrong,improved,1,0.0004166666666666667,-0.004501997777538014,-0.004501997777538014
state/seed7_P_C2_warm_step200/hard,wrong->wrong,worsened,50,0.0625,8.206041799319818,0.16412083598639637
state/seed7_P_C2_warm_step200/hard,correct->correct,worsened,191,0.23875,31.711809171185376,0.16603041450882394
state/seed7_P_C2_warm_step200/hard,correct->wrong,worsened,40,0.05,17.48450954399196,0.43711273859979893
state/seed7_P_C2_warm_step200/hard,wrong->wrong,improved,345,0.43125,-114.52782122274016,-0.3319646991963483
state/seed7_P_C2_warm_step200/hard,correct->correct,improved,77,0.09625,-5.619633594904512,-0.07298225447927938
state/seed7_P_C2_warm_step200/hard,wrong->correct,improved,95,0.11875,-29.214635217303915,-0.30752247597162014
state/seed7_P_C2_warm_step200/hard,wrong->correct,worsened,2,0.0025,0.019826723731631857,0.009913361865815928
step/P_C2_warm/400/easy,correct->correct,improved,768,0.32,-120.17828758506968,-0.15648214529305948
step/P_C2_warm/400/easy,wrong->correct,improved,391,0.16291666666666665,-579.9295310663493,-1.483195731627492
step/P_C2_warm/400/easy,wrong->wrong,improved,126,0.0525,-164.98526232098766,-1.3094068438173625
step/P_C2_warm/400/easy,correct->correct,worsened,972,0.405,132.41830346998947,0.13623282249998916
step/P_C2_warm/400/easy,wrong->wrong,worsened,29,0.012083333333333333,18.41940779440274,0.6351519929104392
step/P_C2_warm/400/easy,correct->wrong,worsened,111,0.04625,129.7239484798923,1.1686842205395702
step/P_C2_warm/400/easy,wrong->correct,worsened,2,0.0008333333333333334,0.019551640044169205,0.009775820022084603
step/P_C2_warm/400/easy,correct->wrong,improved,1,0.0004166666666666667,-0.10209763477061673,-0.10209763477061673
state/seed7_P_C2_warm_step400/easy,correct->correct,improved,229,0.28625,-51.150394112004925,-0.2233641664279691
state/seed7_P_C2_warm_step400/easy,wrong->correct,improved,191,0.23875,-280.6676764991957,-1.469464274864899
state/seed7_P_C2_warm_step400/easy,wrong->wrong,improved,49,0.06125,-56.46106953386493,-1.1522667251809169
state/seed7_P_C2_warm_step400/easy,correct->correct,worsened,298,0.3725,24.916818781315772,0.08361348584334152
state/seed7_P_C2_warm_step400/easy,wrong->wrong,worsened,16,0.02,12.464453926600365,0.7790283704125228
state/seed7_P_C2_warm_step400/easy,correct->wrong,worsened,17,0.02125,18.79453600397523,1.1055609414103078
step/P_C2_warm/400/hard,wrong->wrong,worsened,317,0.13208333333333333,45.71160437581548,0.14420064471866084
step/P_C2_warm/400/hard,correct->correct,worsened,541,0.22541666666666665,68.11239760185931,0.12590091978162535
step/P_C2_warm/400/hard,wrong->wrong,improved,932,0.3883333333333333,-248.6338931287344,-0.26677456344284806
step/P_C2_warm/400/hard,correct->correct,improved,287,0.11958333333333333,-25.963154066881657,-0.09046395145254932
step/P_C2_warm/400/hard,wrong->correct,improved,215,0.08958333333333333,-62.99273847842698,-0.2929894812950092
step/P_C2_warm/400/hard,correct->wrong,improved,3,0.00125,-0.1010944095216133,-0.033698136507204435
step/P_C2_warm/400/hard,correct->wrong,worsened,103,0.042916666666666665,31.17868549896042,0.3027056844559264
step/P_C2_warm/400/hard,wrong->correct,worsened,2,0.0008333333333333334,0.04175388691745141,0.020876943458725705
state/seed7_P_C2_warm_step400/hard,wrong->wrong,worsened,70,0.0875,10.627373301618254,0.15181961859454648
state/seed7_P_C2_warm_step400/hard,correct->correct,worsened,193,0.24125,25.541702216200946,0.13234042599067847
state/seed7_P_C2_warm_step400/hard,wrong->wrong,improved,336,0.42,-87.14299677116979,-0.25935415705705295
state/seed7_P_C2_warm_step400/hard,correct->correct,improved,73,0.09125,-8.299192095579432,-0.11368756295314292
state/seed7_P_C2_warm_step400/hard,wrong->correct,improved,88,0.11,-26.11982157573071,-0.2968161542696672
state/seed7_P_C2_warm_step400/hard,correct->wrong,improved,3,0.00375,-0.1010944095216133,-0.033698136507204435
state/seed7_P_C2_warm_step400/hard,correct->wrong,worsened,35,0.04375,14.242583451097895,0.40693095574565413
state/seed7_P_C2_warm_step400/hard,wrong->correct,worsened,2,0.0025,0.04175388691745141,0.020876943458725705
seed/17/easy,wrong->correct,improved,1620,0.225,-2676.985426280955,-1.6524601396796017
seed/17/easy,correct->correct,worsened,3107,0.4315277777777778,484.8949737264062,0.1560653278810448
seed/17/easy,wrong->wrong,improved,523,0.07263888888888889,-745.6043470584434,-1.4256297266891844
seed/17/easy,correct->correct,improved,1407,0.19541666666666666,-266.9878206014018,-0.18975680213319246
seed/17/easy,correct->wrong,worsened,448,0.06222222222222222,861.8205882480108,1.9237066701964527
seed/17/easy,wrong->wrong,worsened,92,0.012777777777777779,116.20638210094657,1.2631128489233323
seed/17/easy,wrong->correct,worsened,3,0.0004166666666666667,0.2091551002808204,0.06971836676027347
state/seed17_original_P/easy,wrong->correct,improved,162,0.2025,-273.4917355041005,-1.6882205895314846
state/seed17_original_P/easy,correct->correct,worsened,365,0.45625,57.42906226557639,0.1573398966180175
state/seed17_original_P/easy,wrong->wrong,improved,64,0.08,-114.01753305954419,-1.781523954055378
state/seed17_original_P/easy,correct->correct,improved,184,0.23,-32.86773216565969,-0.17862897916119397
state/seed17_original_P/easy,correct->wrong,worsened,25,0.03125,29.630735391997522,1.1852294156799008
seed/17/hard,wrong->correct,improved,1278,0.1775,-729.2704462676128,-0.5706341520090867
seed/17/hard,wrong->wrong,worsened,991,0.1376388888888889,292.6070707436164,0.29526445080082386
seed/17/hard,correct->correct,improved,1069,0.14847222222222223,-162.57711226995474,-0.15208336040220274
seed/17/hard,correct->wrong,worsened,834,0.11583333333333333,648.4824433848856,0.7775568865526207
seed/17/hard,correct->correct,worsened,968,0.13444444444444445,207.4300866969647,0.21428727964562472
seed/17/hard,wrong->correct,worsened,21,0.002916666666666667,1.4077898667389943,0.06703761270185687
seed/17/hard,wrong->wrong,improved,2012,0.27944444444444444,-1021.4995027640182,-0.5077035302008043
seed/17/hard,correct->wrong,improved,27,0.00375,-1.6763775414068025,-0.062088057089140836
state/seed17_original_P/hard,wrong->correct,improved,206,0.2575,-156.23220537447295,-0.7584087639537522
state/seed17_original_P/hard,wrong->wrong,worsened,79,0.09875,34.40496808405131,0.4355059251145736
state/seed17_original_P/hard,correct->correct,improved,111,0.13875,-22.594165369331172,-0.2035510393633439
state/seed17_original_P/hard,correct->wrong,worsened,158,0.1975,169.38260486252193,1.072041802927354
state/seed17_original_P/hard,correct->correct,worsened,69,0.08625,17.93617568460841,0.25994457513925234
state/seed17_original_P/hard,wrong->correct,worsened,4,0.005,0.16084116621539368,0.04021029155384842
state/seed17_original_P/hard,wrong->wrong,improved,168,0.21,-110.08024636167514,-0.6552395616766377
state/seed17_original_P/hard,correct->wrong,improved,5,0.00625,-0.19969378243573854,-0.03993875648714771
state/seed17_P_O0_resume_step50/easy,wrong->correct,improved,169,0.21125,-304.73853922485455,-1.8031866226322755
state/seed17_P_O0_resume_step50/easy,correct->correct,worsened,327,0.40875,57.004988215127135,0.1743271810860157
state/seed17_P_O0_resume_step50/easy,wrong->wrong,improved,58,0.0725,-91.04017259017056,-1.569658148106389
state/seed17_P_O0_resume_step50/easy,correct->correct,improved,211,0.26375,-35.35479835263846,-0.1675582860314619
state/seed17_P_O0_resume_step50/easy,correct->wrong,worsened,35,0.04375,62.27654875376844,1.779329964393384
state/seed17_P_O0_resume_step50/hard,wrong->correct,improved,185,0.23125,-127.29779855860285,-0.6880962084248803
state/seed17_P_O0_resume_step50/hard,wrong->wrong,worsened,98,0.1225,41.76207520329987,0.4261436245234681
state/seed17_P_O0_resume_step50/hard,correct->correct,improved,106,0.1325,-22.135504943706067,-0.2088255183368497
state/seed17_P_O0_resume_step50/hard,wrong->wrong,improved,202,0.2525,-127.2328786431507,-0.6298657358571816
state/seed17_P_O0_resume_step50/hard,correct->correct,worsened,84,0.105,20.885938416360375,0.2486421240042902
state/seed17_P_O0_resume_step50/hard,correct->wrong,worsened,117,0.14625,115.47692307947531,0.986982248542524
state/seed17_P_O0_resume_step50/hard,correct->wrong,improved,6,0.0075,-0.4980686258880347,-0.08301143764800578
state/seed17_P_O0_resume_step50/hard,wrong->correct,worsened,2,0.0025,0.11565667614061326,0.05782833807030663
state/seed17_P_O0_resume_step100/easy,wrong->correct,improved,115,0.14375,-160.14870017782908,-1.3925973928506876
state/seed17_P_O0_resume_step100/easy,correct->correct,worsened,422,0.5275,69.29650435066868,0.16420972594945185
state/seed17_P_O0_resume_step100/easy,correct->correct,improved,140,0.175,-19.186912099719763,-0.13704937214085544
state/seed17_P_O0_resume_step100/easy,wrong->wrong,improved,55,0.06875,-50.94855488783204,-0.9263373615969461
state/seed17_P_O0_resume_step100/easy,correct->wrong,worsened,54,0.0675,84.07245018626986,1.556897225671664
state/seed17_P_O0_resume_step100/easy,wrong->wrong,worsened,14,0.0175,1.7069581907577958,0.12192558505412827
state/seed17_P_O0_resume_step100/hard,wrong->correct,improved,151,0.18875,-105.08841508358205,-0.695949768765444
state/seed17_P_O0_resume_step100/hard,wrong->wrong,worsened,114,0.1425,44.655859006925866,0.39171806146426197
state/seed17_P_O0_resume_step100/hard,correct->correct,improved,137,0.17125,-25.48628295586941,-0.18603126245160154
state/seed17_P_O0_resume_step100/hard,correct->correct,worsened,79,0.09875,22.03660764133702,0.2789444005232534
state/seed17_P_O0_resume_step100/hard,wrong->wrong,improved,203,0.25375,-106.89078455521081,-0.5265555889419252
state/seed17_P_O0_resume_step100/hard,correct->wrong,worsened,107,0.13375,87.84183699597132,0.8209517476259002
state/seed17_P_O0_resume_step100/hard,wrong->correct,worsened,2,0.0025,0.10154929136082269,0.050774645680411346
state/seed17_P_O0_resume_step100/hard,correct->wrong,improved,7,0.00875,-0.339664268843645,-0.04852346697766357
state/seed17_P_O0_resume_step200/easy,wrong->correct,improved,147,0.18375,-206.5868719739841,-1.4053528705713205
state/seed17_P_O0_resume_step200/easy,correct->correct,worsened,378,0.4725,57.18168443541855,0.15127429744819723
state/seed17_P_O0_resume_step200/easy,correct->correct,improved,132,0.165,-26.18371234871552,-0.1983614571872388
state/seed17_P_O0_resume_step200/easy,wrong->wrong,improved,75,0.09375,-81.93978057038173,-1.0925304076050897
state/seed17_P_O0_resume_step200/easy,correct->wrong,worsened,59,0.07375,95.41536478154586,1.617209572568574
state/seed17_P_O0_resume_step200/easy,wrong->wrong,worsened,9,0.01125,11.41375193520064,1.2681946594667377
state/seed17_P_O0_resume_step200/hard,correct->correct,improved,132,0.165,-21.13948700822631,-0.16014762885019934
state/seed17_P_O0_resume_step200/hard,wrong->correct,improved,137,0.17125,-87.88642314266559,-0.641506738267632
state/seed17_P_O0_resume_step200/hard,wrong->wrong,worsened,132,0.165,46.43205977352622,0.35175802858731986
state/seed17_P_O0_resume_step200/hard,correct->correct,worsened,93,0.11625,26.628460120851027,0.28632752818119384
state/seed17_P_O0_resume_step200/hard,wrong->wrong,improved,196,0.245,-102.540286882817,-0.5231647289939643
state/seed17_P_O0_resume_step200/hard,correct->wrong,worsened,100,0.125,77.27355443555855,0.7727355443555856
state/seed17_P_O0_resume_step200/hard,correct->wrong,improved,6,0.0075,-0.40268322009655066,-0.06711387001609177
state/seed17_P_O0_resume_step200/hard,wrong->correct,worsened,4,0.005,0.279761056691438,0.0699402641728595
state/seed17_P_O0_resume_step400/easy,wrong->correct,improved,120,0.15,-125.44578655590654,-1.0453815546325544
state/seed17_P_O0_resume_step400/easy,correct->correct,worsened,342,0.4275,40.20535961085181,0.11755953102588249
state/seed17_P_O0_resume_step400/easy,wrong->wrong,improved,64,0.08,-33.60769669014357,-0.5251202607834933
state/seed17_P_O0_resume_step400/easy,wrong->wrong,worsened,68,0.085,103.07062182767018,1.5157444386422085
state/seed17_P_O0_resume_step400/easy,correct->wrong,worsened,123,0.15375,260.80955454886066,2.1204028825110623
state/seed17_P_O0_resume_step400/easy,correct->correct,improved,82,0.1025,-23.02491141837908,-0.28079160266315956
state/seed17_P_O0_resume_step400/easy,wrong->correct,worsened,1,0.00125,0.1896034602366512,0.1896034602366512
state/seed17_P_O0_resume_step400/hard,correct->correct,improved,131,0.16375,-13.732457899748004,-0.10482792289883971
state/seed17_P_O0_resume_step400/hard,wrong->correct,improved,97,0.12125,-38.79854772663115,-0.39998502810959946
state/seed17_P_O0_resume_step400/hard,wrong->wrong,improved,213,0.26625,-91.64590843397842,-0.4302624809106968
state/seed17_P_O0_resume_step400/hard,wrong->wrong,worsened,181,0.22625,47.42848259975817,0.2620358154682772
state/seed17_P_O0_resume_step400/hard,correct->correct,worsened,115,0.14375,19.40006469565243,0.16869621474480373
state/seed17_P_O0_resume_step400/hard,correct->wrong,worsened,61,0.07625,23.698257867671675,0.38849603061756843
state/seed17_P_O0_resume_step400/hard,correct->wrong,improved,1,0.00125,-0.1989224111215706,-0.1989224111215706
state/seed17_P_O0_resume_step400/hard,wrong->correct,worsened,1,0.00125,0.0347032220607435,0.0347032220607435
state/seed17_P_C2_warm_step50/easy,wrong->wrong,improved,52,0.065,-92.29299575584932,-1.7748653029971022
state/seed17_P_C2_warm_step50/easy,correct->correct,worsened,301,0.37625,72.62901847144106,0.24129242017090052
state/seed17_P_C2_warm_step50/easy,wrong->correct,improved,268,0.335,-527.358153791407,-1.9677543051918172
state/seed17_P_C2_warm_step50/easy,correct->correct,improved,138,0.1725,-27.28726189719986,-0.1977337818637671
state/seed17_P_C2_warm_step50/easy,correct->wrong,worsened,41,0.05125,112.74838829772924,2.749960690188518
state/seed17_P_C2_warm_step50/hard,wrong->correct,improved,169,0.21125,-94.09329185136048,-0.5567650405405946
state/seed17_P_C2_warm_step50/hard,wrong->wrong,worsened,96,0.12,27.38456516990631,0.28525588718652406
state/seed17_P_C2_warm_step50/hard,correct->correct,improved,113,0.14125,-17.9883575190667,-0.15918900459351062
state/seed17_P_C2_warm_step50/hard,correct->correct,worsened,83,0.10375,20.361373739260358,0.2453177558947031
state/seed17_P_C2_warm_step50/hard,wrong->wrong,improved,216,0.27,-147.9678477288927,-0.685036332078207
state/seed17_P_C2_warm_step50/hard,correct->wrong,worsened,116,0.145,95.18931052449103,0.8205975045214744
state/seed17_P_C2_warm_step50/hard,wrong->correct,worsened,6,0.0075,0.2737403611393875,0.04562339352323125
state/seed17_P_C2_warm_step50/hard,correct->wrong,improved,1,0.00125,-0.02141122331992551,-0.02141122331992551
state/seed17_P_C2_warm_step100/easy,wrong->correct,improved,245,0.30625,-436.010831003145,-1.779636044910796
state/seed17_P_C2_warm_step100/easy,correct->correct,worsened,294,0.3675,39.942582209125646,0.1358591231602913
state/seed17_P_C2_warm_step100/easy,wrong->wrong,improved,54,0.0675,-106.29160912782439,-1.9683631319967478
state/seed17_P_C2_warm_step100/easy,correct->wrong,worsened,64,0.08,136.31974732079084,2.129996051887357
state/seed17_P_C2_warm_step100/easy,correct->correct,improved,143,0.17875,-29.574446142185046,-0.20681430868660872
state/seed17_P_C2_warm_step100/hard,wrong->correct,improved,144,0.18,-60.11255880787948,-0.4174483250547186
state/seed17_P_C2_warm_step100/hard,wrong->wrong,improved,244,0.305,-139.13478415724816,-0.5702245252346236
state/seed17_P_C2_warm_step100/hard,wrong->wrong,worsened,99,0.12375,20.271049810338262,0.20475807889230568
state/seed17_P_C2_warm_step100/hard,correct->correct,improved,104,0.13,-15.382802535555562,-0.14791156284188042
state/seed17_P_C2_warm_step100/hard,correct->correct,worsened,125,0.15625,29.747237256859627,0.23797789805487704
state/seed17_P_C2_warm_step100/hard,correct->wrong,worsened,82,0.1025,48.5622185361891,0.5922221772705988
state/seed17_P_C2_warm_step100/hard,correct->wrong,improved,1,0.00125,-0.015934009701337626,-0.015934009701337626
state/seed17_P_C2_warm_step100/hard,wrong->correct,worsened,1,0.00125,0.25711603758334034,0.25711603758334034
state/seed17_P_C2_warm_step200/easy,wrong->correct,improved,220,0.275,-377.6300988639244,-1.7165004493814744
state/seed17_P_C2_warm_step200/easy,correct->correct,worsened,323,0.40375,53.239763402003106,0.16482898886069072
state/seed17_P_C2_warm_step200/easy,correct->correct,improved,172,0.215,-37.028637247068424,-0.2152827746922583
state/seed17_P_C2_warm_step200/easy,wrong->wrong,improved,46,0.0575,-76.15190119879534,-1.6554761130172901
state/seed17_P_C2_warm_step200/easy,correct->wrong,worsened,39,0.04875,61.183184900577146,1.5687996128353114
state/seed17_P_C2_warm_step200/hard,wrong->correct,improved,100,0.125,-33.704737478829514,-0.33704737478829516
state/seed17_P_C2_warm_step200/hard,wrong->wrong,improved,283,0.35375,-108.88736292683208,-0.3847609997414561
state/seed17_P_C2_warm_step200/hard,wrong->wrong,worsened,93,0.11625,15.310313064559208,0.16462702219956138
state/seed17_P_C2_warm_step200/hard,correct->correct,improved,121,0.15125,-13.409199953750969,-0.1108198343285204
state/seed17_P_C2_warm_step200/hard,correct->correct,worsened,154,0.1925,28.187996503528417,0.1830389383346001
state/seed17_P_C2_warm_step200/hard,correct->wrong,worsened,48,0.06,19.278968100921695,0.4016451687692019
state/seed17_P_C2_warm_step200/hard,wrong->correct,worsened,1,0.00125,0.18442205554725533,0.18442205554725533
state/seed17_P_C2_warm_step400/easy,wrong->correct,improved,174,0.2175,-265.5747091858036,-1.5262914321023195
state/seed17_P_C2_warm_step400/easy,correct->correct,worsened,355,0.44375,37.966010766193826,0.10694650920054598
state/seed17_P_C2_warm_step400/easy,wrong->wrong,improved,55,0.06875,-99.31410317790228,-1.8057109668709506
state/seed17_P_C2_warm_step400/easy,correct->correct,improved,205,0.25625,-36.47940892983595,-0.1779483362431022
state/seed17_P_C2_warm_step400/easy,correct->wrong,worsened,8,0.01,19.36461406647124,2.420576758308905
state/seed17_P_C2_warm_step400/easy,wrong->wrong,worsened,1,0.00125,0.015050147317965723,0.015050147317965723
state/seed17_P_C2_warm_step400/easy,wrong->correct,worsened,2,0.0025,0.019551640044169205,0.009775820022084603
state/seed17_P_C2_warm_step400/hard,correct->correct,improved,114,0.1425,-10.70885408470054,-0.09393731653246087
state/seed17_P_C2_warm_step400/hard,wrong->correct,improved,89,0.11125,-26.056468243588714,-0.2927693061077383
state/seed17_P_C2_warm_step400/hard,wrong->wrong,improved,287,0.35875,-87.11940307421317,-0.3035519270878507
state/seed17_P_C2_warm_step400/hard,wrong->wrong,worsened,99,0.12375,14.957698031251207,0.15108785890152734
state/seed17_P_C2_warm_step400/hard,correct->wrong,worsened,45,0.05625,11.778768982085005,0.26175042182411123
state/seed17_P_C2_warm_step400/hard,correct->correct,worsened,166,0.2075,22.246232638507053,0.13401344962956055
seed/27/easy,correct->correct,improved,2510,0.3486111111111111,-299.8549515264274,-0.1194641241141145
seed/27/easy,correct->correct,worsened,2934,0.4075,652.9332351424604,0.22254029827623054
seed/27/easy,correct->wrong,worsened,893,0.12402777777777778,1110.5177596804224,1.2435809178952097
seed/27/easy,wrong->wrong,worsened,178,0.024722222222222222,98.45423880345759,0.55311370114302
seed/27/easy,wrong->correct,improved,372,0.051666666666666666,-532.6540924254514,-1.431865839853364
seed/27/easy,wrong->wrong,improved,312,0.043333333333333335,-275.83167284993124,-0.8840758745190104
seed/27/easy,correct->wrong,improved,1,0.0001388888888888889,-0.10209763477061673,-0.10209763477061673
state/seed27_original_P/easy,correct->correct,improved,303,0.37875,-42.774396884290255,-0.14116962668082594
state/seed27_original_P/easy,correct->correct,worsened,314,0.3925,80.01191141773613,0.2548150045150832
state/seed27_original_P/easy,correct->wrong,worsened,96,0.12,106.9617214429067,1.1141845983636114
state/seed27_original_P/easy,wrong->wrong,worsened,32,0.04,21.67477738475479,0.6773367932735872
state/seed27_original_P/easy,wrong->correct,improved,30,0.0375,-35.08752459395283,-1.169584153131761
state/seed27_original_P/easy,wrong->wrong,improved,25,0.03125,-25.831974960887248,-1.03327899843549
seed/27/hard,wrong->wrong,worsened,1393,0.1934722222222222,338.4510005998541,0.24296554242631307
seed/27/hard,correct->wrong,worsened,644,0.08944444444444444,428.7609299357913,0.6657778415152038
seed/27/hard,correct->correct,improved,918,0.1275,-163.89492153025768,-0.17853477290877742
seed/27/hard,wrong->correct,improved,820,0.11388888888888889,-480.0946774305325,-0.5854813139396737
seed/27/hard,wrong->wrong,improved,2113,0.29347222222222225,-822.2707106684575,-0.38914846695147065
seed/27/hard,correct->correct,worsened,1280,0.17777777777777778,285.2567107246792,0.22285680525365562
seed/27/hard,wrong->correct,worsened,25,0.003472222222222222,2.0512650187575265,0.08205060075030106
seed/27/hard,correct->wrong,improved,7,0.0009722222222222222,-0.2352736540508421,-0.03361052200726316
state/seed27_original_P/hard,wrong->wrong,worsened,149,0.18625,49.94382978932514,0.3351934885189607
state/seed27_original_P/hard,correct->wrong,worsened,109,0.13625,94.61884575173266,0.8680628050617676
state/seed27_original_P/hard,correct->correct,improved,78,0.0975,-21.514317021125684,-0.27582457719391906
state/seed27_original_P/hard,wrong->correct,improved,136,0.17,-97.31954519637245,-0.7155848911497974
state/seed27_original_P/hard,wrong->wrong,improved,210,0.2625,-115.61180869087339,-0.5505324223374923
state/seed27_original_P/hard,correct->correct,worsened,113,0.14125,32.47449189978332,0.2873848840688789
state/seed27_original_P/hard,wrong->correct,worsened,4,0.005,0.3120833337199542,0.07802083342998856
state/seed27_original_P/hard,correct->wrong,improved,1,0.00125,-0.029274618845104072,-0.029274618845104072
state/seed27_P_O0_resume_step50/easy,correct->correct,worsened,408,0.51,84.44637654602728,0.20697641310300804
state/seed27_P_O0_resume_step50/easy,correct->correct,improved,206,0.2575,-20.573236615091997,-0.0998700806557864
state/seed27_P_O0_resume_step50/easy,wrong->wrong,worsened,11,0.01375,3.8872607673418873,0.35338734248562614
state/seed27_P_O0_resume_step50/easy,wrong->correct,improved,47,0.05875,-62.87076397842437,-1.337675829328178
state/seed27_P_O0_resume_step50/easy,correct->wrong,worsened,82,0.1025,91.42034532133674,1.1148822600163018
state/seed27_P_O0_resume_step50/easy,wrong->wrong,improved,46,0.0575,-54.09889237864087,-1.1760628777965407
state/seed27_P_O0_resume_step50/hard,wrong->wrong,worsened,157,0.19625,46.50731821987176,0.2962249568144698
state/seed27_P_O0_resume_step50/hard,correct->wrong,worsened,121,0.15125,97.57115022085117,0.806373142321084
state/seed27_P_O0_resume_step50/hard,wrong->correct,improved,134,0.1675,-94.14943856926466,-0.7026077505169005
state/seed27_P_O0_resume_step50/hard,correct->correct,improved,87,0.10875,-23.811460645612396,-0.2736949499495677
state/seed27_P_O0_resume_step50/hard,wrong->wrong,improved,195,0.24375,-88.51185663009694,-0.4539069570774202
state/seed27_P_O0_resume_step50/hard,correct->correct,worsened,103,0.12875,29.787732220043306,0.28920128368974085
state/seed27_P_O0_resume_step50/hard,wrong->correct,worsened,2,0.0025,0.1647473081844275,0.08237365409221376
state/seed27_P_O0_resume_step50/hard,correct->wrong,improved,1,0.00125,-0.0639285933606345,-0.0639285933606345
state/seed27_P_O0_resume_step100/easy,correct->correct,improved,224,0.28,-20.72206109296137,-0.09250920130786325
state/seed27_P_O0_resume_step100/easy,correct->correct,worsened,395,0.49375,78.3890085538449,0.1984531862122656
state/seed27_P_O0_resume_step100/easy,correct->wrong,worsened,62,0.0775,72.5000502033126,1.1693556484405259
state/seed27_P_O0_resume_step100/easy,wrong->correct,improved,60,0.075,-105.68253823394743,-1.7613756372324572
state/seed27_P_O0_resume_step100/easy,wrong->wrong,improved,49,0.06125,-64.50067849635631,-1.3163403774766593
state/seed27_P_O0_resume_step100/easy,wrong->wrong,worsened,10,0.0125,3.906409642269828,0.3906409642269828
state/seed27_P_O0_resume_step100/hard,wrong->wrong,worsened,153,0.19125,50.02123807799097,0.3269361965881763
state/seed27_P_O0_resume_step100/hard,correct->wrong,worsened,92,0.115,70.6465249143221,0.7678970099382837
state/seed27_P_O0_resume_step100/hard,wrong->correct,improved,119,0.14875,-82.16736663999596,-0.690482072605008
state/seed27_P_O0_resume_step100/hard,correct->correct,improved,106,0.1325,-23.066735938348053,-0.21761071639950993
state/seed27_P_O0_resume_step100/hard,wrong->wrong,improved,204,0.255,-90.69082736401633,-0.44456287923537413
state/seed27_P_O0_resume_step100/hard,correct->correct,worsened,122,0.1525,41.263031394262654,0.3382215688054316
state/seed27_P_O0_resume_step100/hard,correct->wrong,improved,1,0.00125,-0.006025317919518658,-0.006025317919518658
state/seed27_P_O0_resume_step100/hard,wrong->correct,worsened,3,0.00375,0.29184363955187675,0.09728121318395892
state/seed27_P_O0_resume_step200/easy,correct->correct,worsened,306,0.3825,59.618847697589956,0.19483283561303907
state/seed27_P_O0_resume_step200/easy,correct->correct,improved,265,0.33125,-22.69353278923264,-0.08563597278955713
state/seed27_P_O0_resume_step200/easy,correct->wrong,worsened,139,0.17375,194.69740544359297,1.4007007585869997
state/seed27_P_O0_resume_step200/easy,wrong->wrong,worsened,23,0.02875,20.51073111103981,0.891770917871296
state/seed27_P_O0_resume_step200/easy,wrong->correct,improved,34,0.0425,-41.28550900450414,-1.214279676603063
state/seed27_P_O0_resume_step200/easy,wrong->wrong,improved,33,0.04125,-24.74663618671177,-0.749898066263993
state/seed27_P_O0_resume_step200/hard,wrong->wrong,worsened,186,0.2325,51.143575039291115,0.27496545720048987
state/seed27_P_O0_resume_step200/hard,correct->wrong,worsened,75,0.09375,50.2666491519379,0.6702219886925054
state/seed27_P_O0_resume_step200/hard,correct->correct,improved,119,0.14875,-21.894215955135564,-0.1839850080263493
state/seed27_P_O0_resume_step200/hard,wrong->correct,improved,109,0.13625,-69.6526794538193,-0.6390154078332047
state/seed27_P_O0_resume_step200/hard,wrong->wrong,improved,173,0.21625,-77.19013175106058,-0.4461857326650901
state/seed27_P_O0_resume_step200/hard,correct->correct,worsened,134,0.1675,41.51753444503487,0.3098323466047378
state/seed27_P_O0_resume_step200/hard,wrong->correct,worsened,3,0.00375,0.11630338951550667,0.03876779650516889
state/seed27_P_O0_resume_step200/hard,correct->wrong,improved,1,0.00125,-0.12161696657130427,-0.12161696657130427
state/seed27_P_O0_resume_step400/easy,correct->correct,worsened,335,0.41875,55.17880129764939,0.1647128396944758
state/seed27_P_O0_resume_step400/easy,correct->correct,improved,257,0.32125,-26.037063617154928,-0.10131153158426043
state/seed27_P_O0_resume_step400/easy,wrong->wrong,improved,35,0.04375,-35.12525159629367,-1.003578617036962
state/seed27_P_O0_resume_step400/easy,wrong->correct,improved,40,0.05,-58.19272818416713,-1.4548182046041782
state/seed27_P_O0_resume_step400/easy,correct->wrong,worsened,113,0.14125,161.57550591207814,1.429871733735205
state/seed27_P_O0_resume_step400/easy,wrong->wrong,worsened,20,0.025,17.82100321812583,0.8910501609062915
state/seed27_P_O0_resume_step400/hard,wrong->wrong,worsened,163,0.20375,50.671889927406724,0.3108704903521885
state/seed27_P_O0_resume_step400/hard,correct->correct,improved,127,0.15875,-16.176615322683364,-0.1273749238006564
state/seed27_P_O0_resume_step400/hard,wrong->correct,improved,86,0.1075,-41.163143551966336,-0.4786412040926318
state/seed27_P_O0_resume_step400/hard,wrong->wrong,improved,210,0.2625,-54.37344586900033,-0.25892117080476346
state/seed27_P_O0_resume_step400/hard,correct->wrong,worsened,54,0.0675,27.443576768620797,0.5082143846040889
state/seed27_P_O0_resume_step400/hard,correct->correct,worsened,158,0.1975,33.18713382584937,0.21004515079651503
state/seed27_P_O0_resume_step400/hard,correct->wrong,improved,2,0.0025,-0.009926159576742588,-0.004963079788371294
state/seed27_P_C2_warm_step50/easy,correct->correct,improved,272,0.34,-42.229439414880424,-0.15525529196647214
state/seed27_P_C2_warm_step50/easy,correct->correct,worsened,334,0.4175,80.01863949296522,0.23957676494899766
state/seed27_P_C2_warm_step50/easy,correct->wrong,worsened,89,0.11125,103.4791639295928,1.1626872351639639
state/seed27_P_C2_warm_step50/easy,wrong->wrong,worsened,21,0.02625,6.14613576275174,0.29267313155960667
state/seed27_P_C2_warm_step50/easy,wrong->correct,improved,49,0.06125,-69.08934146456703,-1.4099865605013677
state/seed27_P_C2_warm_step50/easy,wrong->wrong,improved,35,0.04375,-29.589143336885915,-0.8454040953395976
state/seed27_P_C2_warm_step50/hard,wrong->wrong,worsened,141,0.17625,29.96373594530753,0.21250876556955695
state/seed27_P_C2_warm_step50/hard,correct->wrong,worsened,77,0.09625,51.266365068292465,0.6657969489388632
state/seed27_P_C2_warm_step50/hard,wrong->correct,improved,99,0.12375,-56.84869543474843,-0.5742292468156407
state/seed27_P_C2_warm_step50/hard,correct->correct,improved,88,0.11,-22.231590444240688,-0.25263170959364417
state/seed27_P_C2_warm_step50/hard,wrong->wrong,improved,238,0.2975,-116.46338006018712,-0.48934193302599627
state/seed27_P_C2_warm_step50/hard,correct->correct,worsened,151,0.18875,34.57352541970231,0.22896374450133977
state/seed27_P_C2_warm_step50/hard,wrong->correct,worsened,6,0.0075,0.6616200734705138,0.11027001224508563
state/seed27_P_C2_warm_step100/easy,correct->correct,improved,319,0.39875,-47.88723604390046,-0.15011672741034626
state/seed27_P_C2_warm_step100/easy,correct->correct,worsened,256,0.32,76.56878554391918,0.2990968185309343
state/seed27_P_C2_warm_step100/easy,correct->wrong,worsened,112,0.14,140.20660818445648,1.2518447159326471
state/seed27_P_C2_warm_step100/easy,wrong->wrong,worsened,23,0.02875,8.37985835992591,0.36434166782286564
state/seed27_P_C2_warm_step100/easy,wrong->correct,improved,49,0.06125,-72.26400029902969,-1.4747755163067282
state/seed27_P_C2_warm_step100/easy,wrong->wrong,improved,41,0.05125,-20.19097300667305,-0.4924627562603183
state/seed27_P_C2_warm_step100/hard,wrong->wrong,worsened,151,0.18875,20.638300703967612,0.1366774881057458
state/seed27_P_C2_warm_step100/hard,correct->wrong,worsened,53,0.06625,22.062583790349713,0.41627516585565494
state/seed27_P_C2_warm_step100/hard,wrong->correct,improved,58,0.0725,-16.96699080649435,-0.2925343242499026
state/seed27_P_C2_warm_step100/hard,correct->correct,improved,102,0.1275,-16.10588217958009,-0.15790080568215772
state/seed27_P_C2_warm_step100/hard,wrong->wrong,improved,276,0.345,-115.05669640065939,-0.4168720884081862
state/seed27_P_C2_warm_step100/hard,correct->correct,worsened,155,0.19375,28.532159153102086,0.18407844614904573
state/seed27_P_C2_warm_step100/hard,wrong->correct,worsened,5,0.00625,0.4519753302803101,0.09039506605606203
state/seed27_P_C2_warm_step200/easy,correct->correct,improved,330,0.4125,-44.389500525686515,-0.1345136379566258
state/seed27_P_C2_warm_step200/easy,correct->correct,worsened,267,0.33375,69.16539067024848,0.25904640700467596
state/seed27_P_C2_warm_step200/easy,correct->wrong,worsened,114,0.1425,148.11216083370005,1.2992294809973688
state/seed27_P_C2_warm_step200/easy,wrong->correct,improved,37,0.04625,-54.49454128550876,-1.4728254401488854
state/seed27_P_C2_warm_step200/easy,wrong->wrong,worsened,26,0.0325,10.188158836763375,0.39185226295243747
state/seed27_P_C2_warm_step200/easy,wrong->wrong,improved,26,0.0325,-12.538033278261937,-0.48223204916392065
state/seed27_P_C2_warm_step200/hard,wrong->wrong,worsened,145,0.18125,19.43457985374722,0.1340315851982567
state/seed27_P_C2_warm_step200/hard,correct->wrong,worsened,40,0.05,9.72790120390695,0.24319753009767373
state/seed27_P_C2_warm_step200/hard,wrong->correct,improved,41,0.05125,-11.010369118763444,-0.26854558826252306
state/seed27_P_C2_warm_step200/hard,correct->correct,improved,111,0.13875,-12.138996136930146,-0.10936032555792924
state/seed27_P_C2_warm_step200/hard,correct->correct,worsened,162,0.2025,23.596639619749947,0.14565826925771572
state/seed27_P_C2_warm_step200/hard,wrong->wrong,improved,298,0.3725,-90.00107061921197,-0.30201701550071136
state/seed27_P_C2_warm_step200/hard,wrong->correct,worsened,2,0.0025,0.05269194403493749,0.026345972017468744
state/seed27_P_C2_warm_step200/hard,correct->wrong,improved,1,0.00125,-0.004501997777538014,-0.004501997777538014
state/seed27_P_C2_warm_step400/easy,correct->correct,improved,334,0.4175,-32.54848454322881,-0.09745055252463715
state/seed27_P_C2_warm_step400/easy,correct->correct,worsened,319,0.39875,69.53547392247987,0.2179795420767394
state/seed27_P_C2_warm_step400/easy,correct->wrong,worsened,86,0.1075,91.56479840944583,1.06470695824937
state/seed27_P_C2_warm_step400/easy,wrong->correct,improved,26,0.0325,-33.68714538135004,-1.2956594377442323
state/seed27_P_C2_warm_step400/easy,wrong->wrong,worsened,12,0.015,5.939903720484407,0.49499197670703393
state/seed27_P_C2_warm_step400/easy,wrong->wrong,improved,22,0.0275,-9.210089609220454,-0.41864043678274787
state/seed27_P_C2_warm_step400/easy,correct->wrong,improved,1,0.00125,-0.10209763477061673,-0.10209763477061673
state/seed27_P_C2_warm_step400/hard,wrong->wrong,worsened,148,0.185,20.126533042946022,0.13599008812801366
state/seed27_P_C2_warm_step400/hard,correct->wrong,worsened,23,0.02875,5.157333065777518,0.2242318724251095
state/seed27_P_C2_warm_step400/hard,wrong->correct,improved,38,0.0475,-10.816448659107554,-0.28464338576598824
state/seed27_P_C2_warm_step400/hard,correct->correct,improved,100,0.125,-6.9551078866016836,-0.06955107886601683
state/seed27_P_C2_warm_step400/hard,correct->correct,worsened,182,0.2275,20.324462747151326,0.1116728722370952
state/seed27_P_C2_warm_step400/hard,wrong->wrong,improved,309,0.38625,-74.37149328335146,-0.2406844442826908
