regime,metric,seed_mean,seed_sd,pooled_count,min,p05,median,p95,max
easy,alignment.cosine,0.4999460746658345,0.17893062001820095,300,-0.73384690284729,-0.1763658061623573,0.6013837456703186,0.8475778430700303,0.9288219213485718
easy,alignment.dot,32.18674535440902,20.409358979475424,300,-11.278944969177246,-1.568777072429657,23.99362564086914,97.38669624328615,189.14703369140625
easy,alignment.gradient_norm,7.062259609897931,2.0732564045624717,300,0.9422364830970764,2.7781142592430115,7.249697923660278,10.714656066894532,12.825386047363281
easy,alignment.task_gradient_norm,6.535919368018706,1.687933388335324,300,0.16114358603954315,0.8268509060144424,6.019359111785889,13.43302307128907,20.183914184570312
easy,raw_O1_alignment.cosine,0.4999460746658345,0.17893062001820095,300,-0.73384690284729,-0.1763658061623573,0.6013837456703186,0.8475778430700303,0.9288219213485718
easy,raw_O1_alignment.dot,32.18674535440902,20.409358979475424,300,-11.278944969177246,-1.568777072429657,23.99362564086914,97.38669624328615,189.14703369140625
easy,raw_O1_alignment.gradient_norm,7.062259609897931,2.0732564045624717,300,0.9422364830970764,2.7781142592430115,7.249697923660278,10.714656066894532,12.825386047363281
easy,raw_O1_alignment.task_gradient_norm,6.535919368018706,1.687933388335324,300,0.16114358603954315,0.8268509060144424,6.019359111785889,13.43302307128907,20.183914184570312
easy,effective_direction.cosine,0.4999460722754399,0.17893061822444006,300,-0.7338468432426453,-0.17636577337980266,0.601383775472641,0.8475779563188554,0.9288219809532166
easy,effective_direction.dot,1.174223667914824,0.6684082407469203,300,-0.5639472603797913,-0.06899903453886509,0.7466892302036285,3.721454024314882,9.33168888092041
easy,effective_direction.gradient_norm,0.2733300871402025,0.12261209070765891,300,0.03356226906180382,0.09130129367113114,0.2347887083888054,0.5210548013448716,0.641269326210022
easy,effective_direction.task_gradient_norm,6.535919368018706,1.687933388335324,300,0.16114358603954315,0.8268509060144424,6.019359111785889,13.43302307128907,20.183914184570312
easy,before.accuracy,0.6333333333333333,0.12958065377722605,300,0.0,0.0,0.625,1.0,1.0
easy,before.nll,0.8748664512299001,0.29884732852252965,300,0.023553339764475822,0.07944831512868405,0.7139922082424164,2.1460216045379648,4.556478500366211
easy,before.margin,0.09094853750430047,0.04683331747403482,300,-0.45081788301467896,-0.16457573771476744,0.09822811186313629,0.32360249757766724,0.42810457944869995
easy,before.query_nll,0.8748664483899483,0.2988473257259499,2400,0.0024986020289361477,0.0183086596429348,0.4046251028776169,3.046885478496551,5.878875732421875
easy,after.accuracy,0.7370833333333333,0.07830562453191556,300,0.0,0.125,0.875,1.0,1.0
easy,after.nll,0.6649284019817909,0.17593929981412984,300,0.060527533292770386,0.12697965167462827,0.5245376527309418,1.7081633150577555,3.099321126937866
easy,after.margin,0.10660351615088681,0.03184184797695661,300,-0.25236010551452637,-0.09069401733577251,0.11165649816393852,0.2791739240288735,0.3685954809188843
easy,after.query_nll,0.6649284020673562,0.1759393018972524,2400,0.0071652112528681755,0.03405389823019504,0.3796774297952652,2.014490294456477,5.426368236541748
easy,after.update_norm,0.27333008738855524,0.12261209093050618,300,0.03356226906180382,0.09130130037665367,0.2347887083888054,0.5210548579692841,0.641269326210022
easy,after.accuracy_delta,0.10375000000000001,0.17235501153143185,300,-1.0,-0.5,0.0,0.75,1.0
easy,after.nll_delta,-0.20993804924810927,0.3777518955806023,300,-3.8822842240333557,-1.4409446090459823,-0.12484190985560417,1.0277238011360168,2.9902829602360725
easy,after.margin_delta,0.01565497864658634,0.07284876572605821,300,-0.47773051261901855,-0.2947515189647674,0.01230011135339737,0.2609771477989853,0.4914921931922436
easy,after.query_nll_delta,-0.20993804632259222,0.37775189843592594,2400,-4.644422233104706,-2.099123293161392,-0.10728203505277634,1.5751207815483164,5.349034585058689
easy,after.episode_nll_improves,0.64,0.20663978319771822,300,0.0,0.0,1.0,1.0,1.0
easy,after.query_nll_improves_fraction,0.59,0.10505207042224346,300,0.0,0.0,0.625,1.0,1.0
easy,O1_inner_loss_before,2.479824252128601,0.6223132333339533,300,1.4374932050704956,1.6070228934288024,2.38008189201355,3.565904593467713,4.766330718994141
easy,O1_inner_loss_after,1.9379618807633718,0.268808812766124,300,1.3602545261383057,1.481957107782364,1.9013625979423523,2.54766640663147,3.1385233402252197
easy,own_inner_loss_before,2.479824252128601,0.6223132333339533,300,1.4374932050704956,1.6070228934288024,2.38008189201355,3.565904593467713,4.766330718994141
easy,own_inner_loss_after,1.9379618807633718,0.268808812766124,300,1.3602545261383057,1.481957107782364,1.9013625979423523,2.54766640663147,3.1385233402252197
easy,step.chosen_eta,0.038583333908269804,0.009474747279411347,300,0.012500000186264515,0.02500000037252903,0.05000000074505806,0.05000000074505806,0.05000000074505806
easy,step.backtracking_trials,1.46,0.3835361782153021,300,1.0,1.0,1.0,2.0,3.0
easy,step.step_accepted,1,0.0,300,True,1.0,1.0,1.0,True
easy,step.step_rejected,0,0.0,300,False,0.0,0.0,0.0,False
easy,step.armijo_rhs,2.4796035289764404,0.6221787891046201,300,1.4374778270721436,1.6069736540317536,2.379954695701599,3.5652900815010073,4.765635013580322
easy,step.armijo_satisfied,1,0.0,300,True,1.0,1.0,1.0,True
easy,step.armijo_margin,0.5416416482130686,0.35575999298557126,300,0.013485550880432129,0.05911230444908142,0.44440585374832153,1.378883790969849,2.555722236633301
easy,representation_shift,0.7900945864121119,0.3435817512539239,300,0.08829491585493088,0.26547922343015673,0.6796530783176422,1.5313932418823242,1.899715542793274
easy,normal_output_max_error,0.0,0.0,300,0.0,0.0,0.0,0.0,0.0
easy,normal_state_max_error,0.0,0.0,300,0.0,0.0,0.0,0.0,0.0
easy,nonfinite_elements,0,0.0,300,0,0.0,0.0,0.0,0
easy,all_finite,1,0.0,300,True,1.0,1.0,1.0,True
easy,W0_only_metric_max_error,0.0,0.0,300,0.0,0.0,0.0,0.0,0.0
easy,training_runner_eval_max_error,0.0,0.0,300,0.0,0.0,0.0,0.0,0.0
hard,alignment.cosine,0.320918043552277,0.08190809224719976,300,-0.8999181985855103,-0.6270207613706589,0.4841502606868744,0.8348164498806,0.9308674931526184
hard,alignment.dot,2.645892295235147,0.8893173413849896,300,-4.844930648803711,-1.4862780153751374,1.5207549929618835,10.895497846603394,19.469709396362305
hard,alignment.gradient_norm,1.609137096653382,0.12007332933771767,300,0.1708996742963791,0.5291928827762604,1.585060477256775,2.806025815010071,3.578909397125244
hard,alignment.task_gradient_norm,3.0778245530525843,0.1084171908898757,300,0.43141281604766846,1.2930243134498596,2.8718409538269043,5.66100723743439,7.26249885559082
hard,raw_O1_alignment.cosine,0.320918043552277,0.08190809224719976,300,-0.8999181985855103,-0.6270207613706589,0.4841502606868744,0.8348164498806,0.9308674931526184
hard,raw_O1_alignment.dot,2.645892295235147,0.8893173413849896,300,-4.844930648803711,-1.4862780153751374,1.5207549929618835,10.895497846603394,19.469709396362305
hard,raw_O1_alignment.gradient_norm,1.609137096653382,0.12007332933771767,300,0.1708996742963791,0.5291928827762604,1.585060477256775,2.806025815010071,3.578909397125244
hard,raw_O1_alignment.task_gradient_norm,3.0778245530525843,0.1084171908898757,300,0.43141281604766846,1.2930243134498596,2.8718409538269043,5.66100723743439,7.26249885559082
hard,effective_direction.cosine,0.32091804512776434,0.08190808466516883,300,-0.899918258190155,-0.6270206451416015,0.4841504693031311,0.8348163366317749,0.9308673739433289
hard,effective_direction.dot,0.13229461736802478,0.04446586698110397,300,-0.24224655330181122,-0.07431390769779682,0.07603773847222328,0.5447749912738801,0.9734854698181152
hard,effective_direction.gradient_norm,0.08045685627808173,0.006003667078535984,300,0.008544979616999626,0.026459646224975587,0.07925302162766457,0.14030128493905067,0.17894548177719116
hard,effective_direction.task_gradient_norm,3.0778245530525843,0.1084171908898757,300,0.43141281604766846,1.2930243134498596,2.8718409538269043,5.66100723743439,7.26249885559082
hard,before.accuracy,0.2991666666666667,0.011614466553971955,300,0.0,0.0,0.25,0.75,1.0
hard,before.nll,1.469847587744395,0.05426133063266223,300,0.5146085023880005,0.7812193840742111,1.3858008980751038,2.4317232966423035,3.2935218811035156
hard,before.margin,-0.04978256673707316,0.006210138390425118,300,-0.3062138259410858,-0.1838030144572258,-0.03798417188227177,0.05655646082013846,0.22820812463760376
hard,before.query_nll,1.4698475903986643,0.054261326052891495,2400,0.08986106514930725,0.39461325109004974,1.425825834274292,2.8217460036277755,3.992187738418579
hard,after.accuracy,0.34625,0.02490607355646409,300,0.0,0.0,0.375,0.875,1.0
hard,after.nll,1.358450678785642,0.015319513728212102,300,0.5396748781204224,0.8105527490377427,1.3106738328933716,2.104616248607636,2.6824021339416504
hard,after.margin,-0.03128793271724135,0.001253795571143291,300,-0.22094875574111938,-0.14488059058785438,-0.021415837109088898,0.051673553884029395,0.1798342913389206
hard,after.query_nll,1.3584506828648348,0.01531951489879881,2400,0.13014550507068634,0.4943737432360649,1.3198395371437073,2.40097655057907,3.7062182426452637
hard,after.update_norm,0.08045685614148776,0.006003666909819452,300,0.008544979616999626,0.026459646318107842,0.07925302162766457,0.14030128419399263,0.17894548177719116
hard,after.accuracy_delta,0.04708333333333334,0.02005201569252661,300,-0.625,-0.125,0.0,0.5,0.875
hard,after.nll_delta,-0.11139690895875295,0.03934851405003325,300,-0.6956727504730225,-0.5061035275459289,-0.06642824411392212,0.08446383476257337,0.3076617121696472
hard,after.margin_delta,0.018494634019831816,0.005305799231694175,300,-0.048373833298683167,-0.01762551683932543,0.009963362477719784,0.07882568612694742,0.1433500088751316
hard,after.query_nll_delta,-0.11139690753382941,0.039348507710638705,2400,-0.8689572811126709,-0.5417843937873841,-0.08456647396087646,0.21192787885665876,0.5620264708995819
hard,after.episode_nll_improves,0.7133333333333334,0.06506407098647712,300,0.0,0.0,1.0,1.0,1.0
hard,after.query_nll_improves_fraction,0.6341666666666667,0.03375771516754849,300,0.0,0.0,0.625,1.0,1.0
hard,O1_inner_loss_before,1.6713151594003042,0.027236445362621733,300,1.404733657836914,1.4354178309440613,1.6244004964828491,2.0290877699851992,2.2942309379577637
hard,O1_inner_loss_after,1.5437765256563822,0.01200924928106147,300,1.3957136869430542,1.4159855544567108,1.5204170942306519,1.780236178636551,1.844024419784546
hard,own_inner_loss_before,1.6713151594003042,0.027236445362621733,300,1.404733657836914,1.4354178309440613,1.6244004964828491,2.0290877699851992,2.2942309379577637
hard,own_inner_loss_after,1.5437765256563822,0.01200924928106147,300,1.3957136869430542,1.4159855544567108,1.5204170942306519,1.780236178636551,1.844024419784546
hard,step.chosen_eta,0.05000000074505806,0.0,300,0.05000000074505806,0.05000000074505806,0.05000000074505806,0.05000000074505806,0.05000000074505806
hard,step.backtracking_trials,1.0,0.0,300,1.0,1.0,1.0,1.0,1.0
hard,step.step_accepted,1,0.0,300,True,1.0,1.0,1.0,True
hard,step.step_rejected,0,0.0,300,False,0.0,0.0,0.0,False
hard,step.armijo_rhs,1.6712999216715494,0.02723445720125894,300,1.404732584953308,1.43541476726532,1.6243888139724731,2.029047536849976,2.2941782474517822
hard,step.armijo_satisfied,1,0.0,300,True,1.0,1.0,1.0,True
hard,step.armijo_margin,0.12752339601516724,0.017064648295608782,300,0.001334071159362793,0.011206793785095216,0.10695207118988037,0.33635101914405824,0.5158560276031494
hard,representation_shift,0.23339034697661798,0.021680027079836024,300,0.020606670528650284,0.07736624255776406,0.2247355729341507,0.4033265113830567,0.508345901966095
hard,normal_output_max_error,0.0,0.0,300,0.0,0.0,0.0,0.0,0.0
hard,normal_state_max_error,0.0,0.0,300,0.0,0.0,0.0,0.0,0.0
hard,nonfinite_elements,0,0.0,300,0,0.0,0.0,0.0,0
hard,all_finite,1,0.0,300,True,1.0,1.0,1.0,True
hard,W0_only_metric_max_error,0.0,0.0,300,0.0,0.0,0.0,0.0,0.0
hard,training_runner_eval_max_error,0.0,0.0,300,0.0,0.0,0.0,0.0,0.0
