state_id,seed,branch,step,regime,count,mean_delta_nll,sign,before_accuracy,after_accuracy,before_nll,after_nll,delta_accuracy
seed17_P_C2_warm_step0,17,P_C2_warm,0,easy,100,-0.4166465034382418,benefit,0.7175,0.88875,0.7262714859424159,0.30962498250417414,0.17125
seed17_P_C2_warm_step0,17,P_C2_warm,0,hard,100,-0.08402716219425202,benefit,0.42875,0.4875,1.293194181919098,1.2091670197248459,0.05875
seed17_P_C2_warm_step100,17,P_C2_warm,100,easy,100,-0.49451820431277155,benefit,0.62625,0.8525,0.8919744800589978,0.39745627574622633,0.22625
seed17_P_C2_warm_step100,17,P_C2_warm,100,hard,100,-0.1447605746984482,benefit,0.39,0.4675,1.3210065633058548,1.1762459886074066,0.0775
seed17_P_C2_warm_step200,17,P_C2_warm,200,easy,100,-0.4704846094502136,benefit,0.6675,0.89375,0.7599546394171193,0.28947002996690574,0.22625
seed17_P_C2_warm_step200,17,P_C2_warm,200,hard,100,-0.11629950314760208,benefit,0.40375,0.47,1.3045358142256738,1.1882363110780716,0.06625
seed17_P_C2_warm_step400,17,P_C2_warm,400,easy,100,-0.4300037481775507,benefit,0.71,0.92,0.6635724888416007,0.23356874066404998,0.21
seed17_P_C2_warm_step400,17,P_C2_warm,400,hard,100,-0.09362752795219421,benefit,0.40625,0.46125,1.2947138035297394,1.201086275577545,0.055
seed17_P_C2_warm_step50,17,P_C2_warm,50,easy,100,-0.5769512593233957,benefit,0.6,0.88375,0.993031662949361,0.4160804036259651,0.28375
seed17_P_C2_warm_step50,17,P_C2_warm,50,hard,100,-0.14607742428779602,benefit,0.39125,0.46375,1.3253959840536118,1.1793185597658158,0.0725
seed17_P_O0_resume_step0,17,P_O0_resume,0,easy,100,-0.4166465034382418,benefit,0.7175,0.88875,0.7262714859424159,0.30962498250417414,0.17125
seed17_P_O0_resume_step0,17,P_O0_resume,0,hard,100,-0.08402716219425202,benefit,0.42875,0.4875,1.293194181919098,1.2091670197248459,0.05875
seed17_P_O0_resume_step100,17,P_O0_resume,100,easy,100,-0.09401031985878944,benefit,0.77,0.84625,0.5068912239931523,0.41288090413436296,0.07625
seed17_P_O0_resume_step100,17,P_O0_resume,100,hard,100,-0.10396161764860153,benefit,0.4125,0.46125,1.2778742310404778,1.1739126133918762,0.04875
seed17_P_O0_resume_step200,17,P_O0_resume,200,easy,100,-0.1883744524139911,benefit,0.71125,0.82125,0.6232455836795271,0.43487113126553595,0.11
seed17_P_O0_resume_step200,17,P_O0_resume,200,hard,100,-0.0766938066482544,benefit,0.41375,0.4575,1.2838355433940887,1.2071417367458344,0.04375
seed17_P_O0_resume_step400,17,P_O0_resume,400,easy,100,0.27774593549547716,harm,0.68375,0.68125,0.5733866421342827,0.8511325776297599,-0.0025
seed17_P_O0_resume_step400,17,P_O0_resume,400,hard,100,-0.06726791769266129,benefit,0.385,0.43,1.3273070353269576,1.2600391176342964,0.045
seed17_P_O0_resume_step50,17,P_O0_resume,50,easy,100,-0.38981496521271763,benefit,0.71625,0.88375,0.7289662774838507,0.33915131227113304,0.1675
seed17_P_O0_resume_step50,17,P_O0_resume,50,hard,100,-0.12365457147359848,benefit,0.39125,0.47125,1.3142985555529594,1.190643984079361,0.08
seed17_original_P,17,original_P,0,easy,100,-0.4166465034382418,benefit,0.7175,0.88875,0.7262714859424159,0.30962498250417414,0.17125
seed17_original_P,17,original_P,0,hard,100,-0.08402716219425202,benefit,0.42875,0.4875,1.293194181919098,1.2091670197248459,0.05875
seed27_P_C2_warm_step0,27,P_C2_warm,0,easy,100,0.13119314428418874,harm,0.89125,0.80875,0.32285109363496306,0.45404423791915177,-0.0825
seed27_P_C2_warm_step0,27,P_C2_warm,0,hard,100,-0.0714071249961853,benefit,0.37625,0.41375,1.3319190782308579,1.2605119532346725,0.0375
seed27_P_C2_warm_step100,27,P_C2_warm,100,easy,100,0.10601630067452789,harm,0.85875,0.78,0.4066829542443156,0.5126992549188435,-0.07875
seed27_P_C2_warm_step100,27,P_C2_warm,100,hard,100,-0.09555567979812622,benefit,0.3875,0.4,1.3532444423437118,1.2576887625455857,0.0125
seed27_P_C2_warm_step200,27,P_C2_warm,200,easy,100,0.1450545406714082,harm,0.88875,0.7925,0.34103850634768607,0.4860930470190942,-0.09625
seed27_P_C2_warm_step200,27,P_C2_warm,200,hard,100,-0.0754289135336876,benefit,0.3925,0.395,1.3311213406920432,1.2556924271583556,0.0025
seed27_P_C2_warm_step400,27,P_C2_warm,400,easy,100,0.11436544429510832,harm,0.925,0.84875,0.2428513232059777,0.357216767501086,-0.07625
seed27_P_C2_warm_step400,27,P_C2_warm,400,hard,100,-0.058168389201164246,benefit,0.38125,0.4,1.3001216918230056,1.2419533026218414,0.01875
seed27_P_C2_warm_step50,27,P_C2_warm,50,easy,100,0.06092002041637898,harm,0.86875,0.81875,0.3950538989529014,0.45597391936928033,-0.05
seed27_P_C2_warm_step50,27,P_C2_warm,50,hard,100,-0.09884800553321839,benefit,0.395,0.43,1.34621484041214,1.2473668348789215,0.035
seed27_P_O0_resume_step0,27,P_O0_resume,0,easy,100,0.13119314428418874,harm,0.89125,0.80875,0.32285109363496306,0.45404423791915177,-0.0825
seed27_P_O0_resume_step0,27,P_O0_resume,0,hard,100,-0.0714071249961853,benefit,0.37625,0.41375,1.3319190782308579,1.2605119532346725,0.0375
seed27_P_O0_resume_step100,27,P_O0_resume,100,easy,100,-0.04513725994154811,benefit,0.85125,0.84875,0.41951111445203426,0.3743738545104861,-0.0025
seed27_P_O0_resume_step100,27,P_O0_resume,100,hard,100,-0.04213541626930237,benefit,0.40125,0.4375,1.2793392288684844,1.2372038125991822,0.03625
seed27_P_O0_resume_step200,27,P_O0_resume,200,easy,100,0.2326266341470182,harm,0.8875,0.75625,0.2995641615428031,0.5321907956898212,-0.13125
seed27_P_O0_resume_step200,27,P_O0_resume,200,hard,100,-0.03226822227239609,benefit,0.41125,0.45625,1.2533202043175697,1.2210519820451737,0.045
seed27_P_O0_resume_step400,27,P_O0_resume,400,easy,100,0.14402533326297998,harm,0.88125,0.79,0.30511408768594267,0.4491394209489226,-0.09125
seed27_P_O0_resume_step400,27,P_O0_resume,400,hard,100,-0.0005256599187850952,benefit,0.42625,0.46375,1.1869154512882232,1.1863897913694381,0.0375
seed27_P_O0_resume_step50,27,P_O0_resume,50,easy,100,0.05276386523619294,harm,0.87,0.82625,0.36195335745811463,0.41471722269430755,-0.04375
seed27_P_O0_resume_step50,27,P_O0_resume,50,hard,100,-0.04063216716051102,benefit,0.39,0.4075,1.2748135727643968,1.2341814056038856,0.0175
seed27_original_P,27,original_P,0,easy,100,0.13119314428418874,harm,0.89125,0.80875,0.32285109363496306,0.45404423791915177,-0.0825
seed27_original_P,27,original_P,0,hard,100,-0.0714071249961853,benefit,0.37625,0.41375,1.3319190782308579,1.2605119532346725,0.0375
seed7_P_C2_warm_step0,7,P_C2_warm,0,easy,100,-0.3488419276289642,benefit,0.71875,0.90375,0.618635843731463,0.26979391610249875,0.185
seed7_P_C2_warm_step0,7,P_C2_warm,0,hard,100,-0.08019839942455292,benefit,0.41125,0.48625,1.316600942015648,1.236402542591095,0.075
seed7_P_C2_warm_step100,7,P_C2_warm,100,easy,100,-0.4691466108709574,benefit,0.6525,0.90625,0.7878601213544607,0.3187135104835033,0.25375
seed7_P_C2_warm_step100,7,P_C2_warm,100,hard,100,-0.13688838839530945,benefit,0.375,0.4675,1.3636071813106536,1.2267187929153442,0.0925
seed7_P_C2_warm_step200,7,P_C2_warm,200,easy,100,-0.5663293373771012,benefit,0.62,0.93,0.8597560779936612,0.29342674061656,0.31
seed7_P_C2_warm_step200,7,P_C2_warm,200,hard,100,-0.11492487847805023,benefit,0.385,0.45625,1.35629802942276,1.2413731509447097,0.07125
seed7_P_C2_warm_step400,7,P_C2_warm,400,easy,100,-0.4151291643641889,benefit,0.68,0.8975,0.7419018422998488,0.3267726779356599,0.2175
seed7_P_C2_warm_step400,7,P_C2_warm,400,hard,100,-0.08901211380958557,benefit,0.38,0.445,1.3297561180591584,1.2407440042495728,0.065
seed7_P_C2_warm_step50,7,P_C2_warm,50,easy,100,-0.3872363805770874,benefit,0.68625,0.93625,0.682934296540916,0.29569791596382855,0.25
seed7_P_C2_warm_step50,7,P_C2_warm,50,hard,100,-0.14553287804126738,benefit,0.36375,0.46375,1.374547131061554,1.2290142530202866,0.1
seed7_P_O0_resume_step0,7,P_O0_resume,0,easy,100,-0.3488419276289642,benefit,0.71875,0.90375,0.618635843731463,0.26979391610249875,0.185
seed7_P_O0_resume_step0,7,P_O0_resume,0,hard,100,-0.08019839942455292,benefit,0.41125,0.48625,1.316600942015648,1.236402542591095,0.075
seed7_P_O0_resume_step100,7,P_O0_resume,100,easy,100,-0.2365078324219212,benefit,0.775,0.89125,0.5239546534745023,0.28744682105258107,0.11625
seed7_P_O0_resume_step100,7,P_O0_resume,100,hard,100,-0.07090596973896027,benefit,0.44,0.4875,1.2721994984149934,1.2012935286760331,0.0475
seed7_P_O0_resume_step200,7,P_O0_resume,200,easy,100,-0.002473405338823795,benefit,0.83,0.8375,0.4005457465071231,0.3980723411682993,0.0075
seed7_P_O0_resume_step200,7,P_O0_resume,200,hard,100,-0.06729387730360031,benefit,0.42625,0.4825,1.2741164025664329,1.2068225252628326,0.05625
seed7_P_O0_resume_step400,7,P_O0_resume,400,easy,100,0.3651635338179767,harm,0.86375,0.75375,0.3358395268209279,0.7010030606389046,-0.11
seed7_P_O0_resume_step400,7,P_O0_resume,400,hard,100,-0.028612228631973265,benefit,0.415,0.4675,1.2431567847728728,1.2145445561408996,0.0525
seed7_P_O0_resume_step50,7,P_O0_resume,50,easy,100,-0.3100573532609269,benefit,0.74,0.88375,0.6017902340507135,0.2917328807897866,0.14375
seed7_P_O0_resume_step50,7,P_O0_resume,50,hard,100,-0.07544492542743683,benefit,0.41375,0.4875,1.2978034430742265,1.2223585176467895,0.07375
seed7_original_P,7,original_P,0,easy,100,-0.3488419276289642,benefit,0.71875,0.90375,0.618635843731463,0.26979391610249875,0.185
seed7_original_P,7,original_P,0,hard,100,-0.08019839942455292,benefit,0.41125,0.48625,1.316600942015648,1.236402542591095,0.075
