branch,seed,step,split,regime,path,accuracy,nll,margin
P_O0_resume,7,0,train_seen_at_final,easy,before,1.0,0.02434246850956697,0.5120129072666169
P_O0_resume,7,0,train_seen_at_final,easy,after,0.91625,0.28265566080925053,0.398598094843328
P_O0_resume,7,0,train_seen_at_final,easy,training_objective,1.0,0.04107099034939893,0.44936983168125155
P_O0_resume,7,0,train_seen_at_final,hard,before,0.53375,1.167261729836464,0.002537650614976883
P_O0_resume,7,0,train_seen_at_final,hard,after,0.4175,1.2727253943681718,-0.018907235749065877
P_O0_resume,7,0,train_seen_at_final,hard,training_objective,0.54375,1.2083304756879807,0.0013466890901327132
P_O0_resume,7,0,heldout,easy,before,0.71875,0.618635843731463,0.19278949451632799
P_O0_resume,7,0,heldout,easy,after,0.90375,0.26979391610249875,0.24005332447588443
P_O0_resume,7,0,heldout,easy,training_objective,0.72375,0.5917874312866479,0.18349449342116714
P_O0_resume,7,0,heldout,hard,before,0.41125,1.316600942015648,-0.02872786041116342
P_O0_resume,7,0,heldout,hard,after,0.48625,1.236402542591095,-0.013386011882685124
P_O0_resume,7,0,heldout,hard,training_objective,0.38375,1.3211753481626511,-0.02750695675611496
P_O0_resume,7,50,train_seen_at_final,easy,before,1.0,0.020499322022660634,0.5347425031661988
P_O0_resume,7,50,train_seen_at_final,easy,after,0.8975,0.3295887777779717,0.3805259868875146
P_O0_resume,7,50,train_seen_at_final,easy,training_objective,1.0,0.03134437367436476,0.4788702197372913
P_O0_resume,7,50,train_seen_at_final,hard,before,0.60625,1.1219456261396408,0.010605884715914726
P_O0_resume,7,50,train_seen_at_final,hard,after,0.4575,1.2327042627334595,-0.012382551394402981
P_O0_resume,7,50,train_seen_at_final,hard,training_objective,0.6075,1.1727169448137282,0.007549657002091408
P_O0_resume,7,50,heldout,easy,before,0.74,0.6017902340507135,0.20570704532787204
P_O0_resume,7,50,heldout,easy,after,0.88375,0.2917328807897866,0.24714115761220457
P_O0_resume,7,50,heldout,easy,training_objective,0.75,0.5539925986062735,0.20623112578876315
P_O0_resume,7,50,heldout,hard,before,0.41375,1.2978034430742265,-0.025906566930934787
P_O0_resume,7,50,heldout,hard,after,0.4875,1.2223585176467895,-0.011211354667320848
P_O0_resume,7,50,heldout,hard,training_objective,0.4025,1.3034525620937347,-0.024806791543960573
P_O0_resume,7,100,train_seen_at_final,easy,before,1.0,0.01790033490397036,0.5612215414643288
P_O0_resume,7,100,train_seen_at_final,easy,after,0.90625,0.3066769685887266,0.3848082382977009
P_O0_resume,7,100,train_seen_at_final,easy,training_objective,1.0,0.024973317828262225,0.5080844858288764
P_O0_resume,7,100,train_seen_at_final,hard,before,0.635,1.0935638999938966,0.014838290326297283
P_O0_resume,7,100,train_seen_at_final,hard,after,0.485,1.2003151452541352,-0.008078514970839024
P_O0_resume,7,100,train_seen_at_final,hard,training_objective,0.63125,1.1484777808189393,0.010811350643634796
P_O0_resume,7,100,heldout,easy,before,0.775,0.5239546534745023,0.23233249858021737
P_O0_resume,7,100,heldout,easy,after,0.89125,0.28744682105258107,0.25426277475431563
P_O0_resume,7,100,heldout,easy,training_objective,0.79875,0.4720098246075213,0.23424841668456792
P_O0_resume,7,100,heldout,hard,before,0.44,1.2721994984149934,-0.02099903820082545
P_O0_resume,7,100,heldout,hard,after,0.4875,1.2012935286760331,-0.0082343789935112
P_O0_resume,7,100,heldout,hard,training_objective,0.42,1.2772095596790314,-0.019886288195848464
P_O0_resume,7,200,train_seen_at_final,easy,before,1.0,0.012630158965475858,0.5873096859455109
P_O0_resume,7,200,train_seen_at_final,easy,after,0.8825,0.3613886712526437,0.3803105234913528
P_O0_resume,7,200,train_seen_at_final,easy,training_objective,1.0,0.016449833156657406,0.5440042158961296
P_O0_resume,7,200,train_seen_at_final,hard,before,0.6575,1.0625707203149795,0.018720292150974274
P_O0_resume,7,200,train_seen_at_final,hard,after,0.52625,1.1374956411123276,0.0023914407938718796
P_O0_resume,7,200,train_seen_at_final,hard,training_objective,0.6525,1.1133127862215042,0.014401840195059776
P_O0_resume,7,200,heldout,easy,before,0.83,0.4005457465071231,0.2646084504947066
P_O0_resume,7,200,heldout,easy,after,0.8375,0.3980723411682993,0.23390823731198906
P_O0_resume,7,200,heldout,easy,training_objective,0.85875,0.3551472039707005,0.26168716373853385
P_O0_resume,7,200,heldout,hard,before,0.42625,1.2741164025664329,-0.0213952441024594
P_O0_resume,7,200,heldout,hard,after,0.4825,1.2068225252628326,-0.009444812312722206
P_O0_resume,7,200,heldout,hard,training_objective,0.41875,1.2724458944797516,-0.019851124137639998
P_O0_resume,7,400,train_seen_at_final,easy,before,1.0,0.013602167051285505,0.6100785115361214
P_O0_resume,7,400,train_seen_at_final,easy,after,0.85625,0.42885853886953557,0.40023216262459754
P_O0_resume,7,400,train_seen_at_final,easy,training_objective,1.0,0.014539719013846479,0.5829325971007348
P_O0_resume,7,400,train_seen_at_final,hard,before,0.71375,0.9555218201875687,0.03363522317260504
P_O0_resume,7,400,train_seen_at_final,hard,after,0.62375,1.013568667769432,0.02096397813409567
P_O0_resume,7,400,train_seen_at_final,hard,training_objective,0.7175,1.0035977041721345,0.0279580969363451
P_O0_resume,7,400,heldout,easy,before,0.86375,0.3358395268209279,0.27867456393316387
P_O0_resume,7,400,heldout,easy,after,0.75375,0.7010030606389046,0.21204525221139192
P_O0_resume,7,400,heldout,easy,training_objective,0.9075,0.2794050324521959,0.28096875607967375
P_O0_resume,7,400,heldout,hard,before,0.415,1.2431567847728728,-0.01687249240698293
P_O0_resume,7,400,heldout,hard,after,0.4675,1.2145445561408996,-0.011479685893282294
P_O0_resume,7,400,heldout,hard,training_objective,0.41125,1.234810539484024,-0.014722023792564869
P_C2_warm,7,0,train_seen_at_final,easy,before,1.0,0.02434246850956697,0.5120129072666169
P_C2_warm,7,0,train_seen_at_final,easy,after,0.91625,0.28265566080925053,0.398598094843328
P_C2_warm,7,0,train_seen_at_final,easy,training_objective,0.91625,0.28265566080925053,0.398598094843328
P_C2_warm,7,0,train_seen_at_final,hard,before,0.53375,1.167261729836464,0.002537650614976883
P_C2_warm,7,0,train_seen_at_final,hard,after,0.4175,1.2727253943681718,-0.018907235749065877
P_C2_warm,7,0,train_seen_at_final,hard,training_objective,0.4175,1.2727253943681718,-0.018907235749065877
P_C2_warm,7,0,heldout,easy,before,0.71875,0.618635843731463,0.19278949451632799
P_C2_warm,7,0,heldout,easy,after,0.90375,0.26979391610249875,0.24005332447588443
P_C2_warm,7,0,heldout,easy,training_objective,0.90375,0.26979391610249875,0.24005332447588443
P_C2_warm,7,0,heldout,hard,before,0.41125,1.316600942015648,-0.02872786041116342
P_C2_warm,7,0,heldout,hard,after,0.48625,1.236402542591095,-0.013386011882685124
P_C2_warm,7,0,heldout,hard,training_objective,0.48625,1.236402542591095,-0.013386011882685124
P_C2_warm,7,50,train_seen_at_final,easy,before,1.0,0.033458184469491246,0.4714926472306252
P_C2_warm,7,50,train_seen_at_final,easy,after,0.91125,0.2307508250384126,0.3715117035806179
P_C2_warm,7,50,train_seen_at_final,easy,training_objective,0.91125,0.2307508250384126,0.3715117035806179
P_C2_warm,7,50,train_seen_at_final,hard,before,0.5025,1.1945667445659638,-0.002502900958061218
P_C2_warm,7,50,train_seen_at_final,hard,after,0.5375,1.1880038642883302,-0.0013291890546679496
P_C2_warm,7,50,train_seen_at_final,hard,training_objective,0.5375,1.1880038642883302,-0.0013291890546679496
P_C2_warm,7,50,heldout,easy,before,0.68625,0.682934296540916,0.14979032476432622
P_C2_warm,7,50,heldout,easy,after,0.93625,0.29569791596382855,0.20810593030415475
P_C2_warm,7,50,heldout,easy,training_objective,0.93625,0.29569791596382855,0.20810593030415475
P_C2_warm,7,50,heldout,hard,before,0.36375,1.374547131061554,-0.037226609517820176
P_C2_warm,7,50,heldout,hard,after,0.46375,1.2290142530202866,-0.010336942900903524
P_C2_warm,7,50,heldout,hard,training_objective,0.46375,1.2290142530202866,-0.010336942900903524
P_C2_warm,7,100,train_seen_at_final,easy,before,0.99625,0.03582880155765451,0.47972158163785933
P_C2_warm,7,100,train_seen_at_final,easy,after,0.9225,0.21026894162874668,0.37815121486783027
P_C2_warm,7,100,train_seen_at_final,easy,training_objective,0.9225,0.21026894162874668,0.37815121486783027
P_C2_warm,7,100,train_seen_at_final,hard,before,0.49875,1.190881074666977,-0.0021730223298072815
P_C2_warm,7,100,train_seen_at_final,hard,after,0.56375,1.1670732563734054,0.0022507963329553606
P_C2_warm,7,100,train_seen_at_final,hard,training_objective,0.56375,1.1670732563734054,0.0022507963329553606
P_C2_warm,7,100,heldout,easy,before,0.6525,0.7878601213544607,0.13142133411951362
P_C2_warm,7,100,heldout,easy,after,0.90625,0.3187135104835033,0.19799481940455735
P_C2_warm,7,100,heldout,easy,training_objective,0.90625,0.3187135104835033,0.19799481940455735
P_C2_warm,7,100,heldout,hard,before,0.375,1.3636071813106536,-0.035121309328824284
P_C2_warm,7,100,heldout,hard,after,0.4675,1.2267187929153442,-0.009608612309675664
P_C2_warm,7,100,heldout,hard,training_objective,0.4675,1.2267187929153442,-0.009608612309675664
P_C2_warm,7,200,train_seen_at_final,easy,before,0.995,0.03169493726920337,0.5028496660292149
P_C2_warm,7,200,train_seen_at_final,easy,after,0.99375,0.06225518358754925,0.4448024380207062
P_C2_warm,7,200,train_seen_at_final,easy,training_objective,0.99375,0.06225518358754925,0.4448024380207062
P_C2_warm,7,200,train_seen_at_final,hard,before,0.50375,1.1806561279296874,-0.0015223250910639764
P_C2_warm,7,200,train_seen_at_final,hard,after,0.55625,1.1503636300563813,0.004678409583866596
P_C2_warm,7,200,train_seen_at_final,hard,training_objective,0.55625,1.1503636300563813,0.004678409583866596
P_C2_warm,7,200,heldout,easy,before,0.62,0.8597560779936612,0.1151273168437183
P_C2_warm,7,200,heldout,easy,after,0.93,0.29342674061656,0.20958630916662513
P_C2_warm,7,200,heldout,easy,training_objective,0.93,0.29342674061656,0.20958630916662513
P_C2_warm,7,200,heldout,hard,before,0.385,1.35629802942276,-0.03323248077649623
P_C2_warm,7,200,heldout,hard,after,0.45625,1.2413731509447097,-0.012308114171028138
P_C2_warm,7,200,heldout,hard,training_objective,0.45625,1.2413731509447097,-0.012308114171028138
P_C2_warm,7,400,train_seen_at_final,easy,before,0.99625,0.022036985431914218,0.5708364927768708
P_C2_warm,7,400,train_seen_at_final,easy,after,0.99875,0.02635198531555943,0.531258089542389
P_C2_warm,7,400,train_seen_at_final,easy,training_objective,0.99875,0.02635198531555943,0.531258089542389
P_C2_warm,7,400,train_seen_at_final,hard,before,0.62875,1.0724777406454087,0.01592551380395889
P_C2_warm,7,400,train_seen_at_final,hard,after,0.64,1.0627115309238433,0.01820780072361231
P_C2_warm,7,400,train_seen_at_final,hard,training_objective,0.64,1.0627115309238433,0.01820780072361231
P_C2_warm,7,400,heldout,easy,before,0.68,0.7419018422998488,0.14337425466626882
P_C2_warm,7,400,heldout,easy,after,0.8975,0.3267726779356599,0.2205282204039395
P_C2_warm,7,400,heldout,easy,training_objective,0.8975,0.3267726779356599,0.2205282204039395
P_C2_warm,7,400,heldout,hard,before,0.38,1.3297561180591584,-0.029262842764146625
P_C2_warm,7,400,heldout,hard,after,0.445,1.2407440042495728,-0.013514689691364766
P_C2_warm,7,400,heldout,hard,training_objective,0.445,1.2407440042495728,-0.013514689691364766
P_O0_resume,17,0,train_seen_at_final,easy,before,1.0,0.01698675511725014,0.528818776011467
P_O0_resume,17,0,train_seen_at_final,easy,after,0.81375,1.0571858521114337,0.2587867883220315
P_O0_resume,17,0,train_seen_at_final,easy,training_objective,1.0,0.029485079117584974,0.4478196370601654
P_O0_resume,17,0,train_seen_at_final,hard,before,0.505,1.1745581382513046,0.0015592167526483536
P_O0_resume,17,0,train_seen_at_final,hard,after,0.4275,1.334757115840912,-0.023264490142464636
P_O0_resume,17,0,train_seen_at_final,hard,training_objective,0.53,1.2188116216659546,0.0026768699288368227
P_O0_resume,17,0,heldout,easy,before,0.7175,0.7262714859424159,0.20867593789473177
P_O0_resume,17,0,heldout,easy,after,0.88875,0.30962498250417414,0.2201828347146511
P_O0_resume,17,0,heldout,easy,training_objective,0.60625,0.851825790796429,0.11284017961472273
P_O0_resume,17,0,heldout,hard,before,0.42875,1.293194181919098,-0.022685653301887213
P_O0_resume,17,0,heldout,hard,after,0.4875,1.2091670197248459,-0.008759406432509421
P_O0_resume,17,0,heldout,hard,training_objective,0.40875,1.2905646228790284,-0.02038192521780729
P_O0_resume,17,50,train_seen_at_final,easy,before,1.0,0.014055324802466202,0.5317031800746918
P_O0_resume,17,50,train_seen_at_final,easy,after,0.79125,1.2620598091030844,0.2220925584435463
P_O0_resume,17,50,train_seen_at_final,easy,training_objective,1.0,0.022430213171755895,0.4729370632767677
P_O0_resume,17,50,train_seen_at_final,hard,before,0.54625,1.1505322510004043,0.006928175687789917
P_O0_resume,17,50,train_seen_at_final,hard,after,0.4275,1.294777991771698,-0.016436732858419418
P_O0_resume,17,50,train_seen_at_final,hard,training_objective,0.5725,1.1946841049194337,0.006418915912508965
P_O0_resume,17,50,heldout,easy,before,0.71625,0.7289662774838507,0.19145214182324707
P_O0_resume,17,50,heldout,easy,after,0.88375,0.33915131227113304,0.21493199698626994
P_O0_resume,17,50,heldout,easy,training_objective,0.5925,0.8964431955292821,0.10250007424503566
P_O0_resume,17,50,heldout,hard,before,0.39125,1.3142985555529594,-0.025142389005050062
P_O0_resume,17,50,heldout,hard,after,0.47125,1.190643984079361,-0.006252664579078555
P_O0_resume,17,50,heldout,hard,training_objective,0.37,1.3081182676553726,-0.023049495965242386
P_O0_resume,17,100,train_seen_at_final,easy,before,1.0,0.009300778365868609,0.5707884374260902
P_O0_resume,17,100,train_seen_at_final,easy,after,0.77875,1.1787531319327536,0.25639902368187906
P_O0_resume,17,100,train_seen_at_final,easy,training_objective,1.0,0.01663161727366969,0.5092587520182132
P_O0_resume,17,100,train_seen_at_final,hard,before,0.60875,1.1137269723415375,0.013510409295558929
P_O0_resume,17,100,train_seen_at_final,hard,after,0.45625,1.2738840401172637,-0.015097525902092457
P_O0_resume,17,100,train_seen_at_final,hard,training_objective,0.62625,1.166287534236908,0.010847030356526375
P_O0_resume,17,100,heldout,easy,before,0.77,0.5068912239931523,0.24526537844911217
P_O0_resume,17,100,heldout,easy,after,0.84625,0.41288090413436296,0.18305239770561457
P_O0_resume,17,100,heldout,easy,training_objective,0.6925,0.6457648430485279,0.14811582839116455
P_O0_resume,17,100,heldout,hard,before,0.4125,1.2778742310404778,-0.019703060649335385
P_O0_resume,17,100,heldout,hard,after,0.46125,1.1739126133918762,-0.004984064335003495
P_O0_resume,17,100,heldout,hard,training_objective,0.405,1.267468923330307,-0.016290159560739995
P_O0_resume,17,200,train_seen_at_final,easy,before,1.0,0.00861028172832448,0.582825779914856
P_O0_resume,17,200,train_seen_at_final,easy,after,0.76375,1.1415694942705885,0.24047348951920866
P_O0_resume,17,200,train_seen_at_final,easy,training_objective,1.0,0.012550435484736227,0.539393419623375
P_O0_resume,17,200,train_seen_at_final,hard,before,0.72625,1.0401271343231202,0.02534456714987755
P_O0_resume,17,200,train_seen_at_final,hard,after,0.53,1.1774669539928437,0.0012474900484085083
P_O0_resume,17,200,train_seen_at_final,hard,training_objective,0.7475,1.0959681791067124,0.020488609075546265
P_O0_resume,17,200,heldout,easy,before,0.71125,0.6232455836795271,0.22050781294703484
P_O0_resume,17,200,heldout,easy,after,0.82125,0.43487113126553595,0.18884568884968758
P_O0_resume,17,200,heldout,easy,training_objective,0.6125,0.8083561010845005,0.13488002736121416
P_O0_resume,17,200,heldout,hard,before,0.41375,1.2838355433940887,-0.01942218152806163
P_O0_resume,17,200,heldout,hard,after,0.4575,1.2071417367458344,-0.009698980171233416
P_O0_resume,17,200,heldout,hard,training_objective,0.40625,1.2700724944472312,-0.016653553880751133
P_O0_resume,17,400,train_seen_at_final,easy,before,1.0,0.009689919132797513,0.5965859121084214
P_O0_resume,17,400,train_seen_at_final,easy,after,0.77125,0.9297422555158846,0.2673547248542309
P_O0_resume,17,400,train_seen_at_final,easy,training_objective,1.0,0.010260459354612976,0.5743911421298981
P_O0_resume,17,400,train_seen_at_final,hard,before,0.7575,0.9097990664839745,0.04143559653311968
P_O0_resume,17,400,train_seen_at_final,hard,after,0.675,0.9833494552969932,0.03088914018124342
P_O0_resume,17,400,train_seen_at_final,hard,training_objective,0.76125,0.9587120857834815,0.03580869488418102
P_O0_resume,17,400,heldout,easy,before,0.68375,0.5733866421342827,0.2225476238876581
P_O0_resume,17,400,heldout,easy,after,0.68125,0.8511325776297599,0.10955701645463706
P_O0_resume,17,400,heldout,easy,training_objective,0.60875,0.7222653131838888,0.15628723541274667
P_O0_resume,17,400,heldout,hard,before,0.385,1.3273070353269576,-0.028655997775495053
P_O0_resume,17,400,heldout,hard,after,0.43,1.2600391176342964,-0.01904632756486535
P_O0_resume,17,400,heldout,hard,training_objective,0.38375,1.2922785025835037,-0.022801006734371184
P_C2_warm,17,0,train_seen_at_final,easy,before,1.0,0.01698675511725014,0.528818776011467
P_C2_warm,17,0,train_seen_at_final,easy,after,0.81375,1.0571858521114337,0.2587867883220315
P_C2_warm,17,0,train_seen_at_final,easy,training_objective,0.81375,1.0571858521114337,0.2587867883220315
P_C2_warm,17,0,train_seen_at_final,hard,before,0.505,1.1745581382513046,0.0015592167526483536
P_C2_warm,17,0,train_seen_at_final,hard,after,0.4275,1.334757115840912,-0.023264490142464636
P_C2_warm,17,0,train_seen_at_final,hard,training_objective,0.4275,1.334757115840912,-0.023264490142464636
P_C2_warm,17,0,heldout,easy,before,0.7175,0.7262714859424159,0.20867593789473177
P_C2_warm,17,0,heldout,easy,after,0.88875,0.30962498250417414,0.2201828347146511
P_C2_warm,17,0,heldout,easy,training_objective,0.88875,0.30962498250417414,0.2201828347146511
P_C2_warm,17,0,heldout,hard,before,0.42875,1.293194181919098,-0.022685653301887213
P_C2_warm,17,0,heldout,hard,after,0.4875,1.2091670197248459,-0.008759406432509421
P_C2_warm,17,0,heldout,hard,training_objective,0.4875,1.2091670197248459,-0.008759406432509421
P_C2_warm,17,50,train_seen_at_final,easy,before,0.99,0.07149908113744459,0.4391571987420321
P_C2_warm,17,50,train_seen_at_final,easy,after,0.7675,0.8406817642098758,0.22982827462255956
P_C2_warm,17,50,train_seen_at_final,easy,training_objective,0.7675,0.8406817642098758,0.22982827462255956
P_C2_warm,17,50,train_seen_at_final,hard,before,0.455,1.216497020125389,-0.00820520456880331
P_C2_warm,17,50,train_seen_at_final,hard,after,0.45375,1.2464638197422027,-0.00573826003819704
P_C2_warm,17,50,train_seen_at_final,hard,training_objective,0.45375,1.2464638197422027,-0.00573826003819704
P_C2_warm,17,50,heldout,easy,before,0.6,0.993031662949361,0.1465943936444819
P_C2_warm,17,50,heldout,easy,after,0.88375,0.4160804036259651,0.19835976671427488
P_C2_warm,17,50,heldout,easy,training_objective,0.88375,0.4160804036259651,0.19835976671427488
P_C2_warm,17,50,heldout,hard,before,0.39125,1.3253959840536118,-0.027956761405803263
P_C2_warm,17,50,heldout,hard,after,0.46375,1.1793185597658158,-0.002737977816723287
P_C2_warm,17,50,heldout,hard,training_objective,0.46375,1.1793185597658158,-0.002737977816723287
P_C2_warm,17,100,train_seen_at_final,easy,before,0.96875,0.11935480320593342,0.4253784838691354
P_C2_warm,17,100,train_seen_at_final,easy,after,0.895,0.3517194373044185,0.327469271030277
P_C2_warm,17,100,train_seen_at_final,easy,training_objective,0.895,0.3517194373044185,0.327469271030277
P_C2_warm,17,100,train_seen_at_final,hard,before,0.4425,1.2166279017925263,-0.008353531919419765
P_C2_warm,17,100,train_seen_at_final,hard,after,0.50125,1.2145127713680268,0.00020125286653637886
P_C2_warm,17,100,train_seen_at_final,hard,training_objective,0.50125,1.2145127713680268,0.00020125286653637886
P_C2_warm,17,100,heldout,easy,before,0.62625,0.8919744800589978,0.17403938902541996
P_C2_warm,17,100,heldout,easy,after,0.8525,0.39745627574622633,0.21528008576482535
P_C2_warm,17,100,heldout,easy,training_objective,0.8525,0.39745627574622633,0.21528008576482535
P_C2_warm,17,100,heldout,hard,before,0.39,1.3210065633058548,-0.0268426900729537
P_C2_warm,17,100,heldout,hard,after,0.4675,1.1762459886074066,-0.002300060521811247
P_C2_warm,17,100,heldout,hard,training_objective,0.4675,1.1762459886074066,-0.002300060521811247
P_C2_warm,17,200,train_seen_at_final,easy,before,0.9675,0.10164258148681256,0.449438758790493
P_C2_warm,17,200,train_seen_at_final,easy,after,0.9725,0.10729743411473464,0.42409013241529464
P_C2_warm,17,200,train_seen_at_final,easy,training_objective,0.9725,0.10729743411473464,0.42409013241529464
P_C2_warm,17,200,train_seen_at_final,hard,before,0.49625,1.1838658577203751,-0.002180189825594425
P_C2_warm,17,200,train_seen_at_final,hard,after,0.54625,1.1773871237039566,0.0053330156952142715
P_C2_warm,17,200,train_seen_at_final,hard,training_objective,0.54625,1.1773871237039566,0.0053330156952142715
P_C2_warm,17,200,heldout,easy,before,0.6675,0.7599546394171193,0.20378203930333258
P_C2_warm,17,200,heldout,easy,after,0.89375,0.28947002996690574,0.24907798551023005
P_C2_warm,17,200,heldout,easy,training_objective,0.89375,0.28947002996690574,0.24907798551023005
P_C2_warm,17,200,heldout,hard,before,0.40375,1.3045358142256738,-0.023735188143327833
P_C2_warm,17,200,heldout,hard,after,0.47,1.1882363110780716,-0.0044639943586662414
P_C2_warm,17,200,heldout,hard,training_objective,0.47,1.1882363110780716,-0.0044639943586662414
P_C2_warm,17,400,train_seen_at_final,easy,before,0.9975,0.033724568978941535,0.5254140612483025
P_C2_warm,17,400,train_seen_at_final,easy,after,0.99125,0.039246547784423456,0.5098699222505093
P_C2_warm,17,400,train_seen_at_final,easy,training_objective,0.99125,0.039246547784423456,0.5098699222505093
P_C2_warm,17,400,train_seen_at_final,hard,before,0.6,1.0981028270721436,0.01328003529459238
P_C2_warm,17,400,train_seen_at_final,hard,after,0.64375,1.1065020298957824,0.016279581077396868
P_C2_warm,17,400,train_seen_at_final,hard,training_objective,0.64375,1.1065020298957824,0.016279581077396868
P_C2_warm,17,400,heldout,easy,before,0.71,0.6635724888416007,0.2268176558893174
P_C2_warm,17,400,heldout,easy,after,0.92,0.23356874066404998,0.274170259963721
P_C2_warm,17,400,heldout,easy,training_objective,0.92,0.23356874066404998,0.274170259963721
P_C2_warm,17,400,heldout,hard,before,0.40625,1.2947138035297394,-0.022745189163833855
P_C2_warm,17,400,heldout,hard,after,0.46125,1.201086275577545,-0.007953939186409116
P_C2_warm,17,400,heldout,hard,training_objective,0.46125,1.201086275577545,-0.007953939186409116
P_O0_resume,27,0,train_seen_at_final,easy,before,1.0,0.014548514027846977,0.5545019063353539
P_O0_resume,27,0,train_seen_at_final,easy,after,0.94875,0.18359415599377826,0.42303652115166185
P_O0_resume,27,0,train_seen_at_final,easy,training_objective,1.0,0.03139709066483192,0.4492588149011135
P_O0_resume,27,0,train_seen_at_final,hard,before,0.46875,1.229384657740593,-0.007483183592557907
P_O0_resume,27,0,train_seen_at_final,hard,after,0.41375,1.2955181235074997,-0.024080730974674225
P_O0_resume,27,0,train_seen_at_final,hard,training_objective,0.49625,1.250095454454422,-0.003105122148990631
P_O0_resume,27,0,heldout,easy,before,0.89125,0.32285109363496306,0.22009868528693916
P_O0_resume,27,0,heldout,easy,after,0.80875,0.45404423791915177,0.17920943047851323
P_O0_resume,27,0,heldout,easy,training_objective,0.91625,0.3147295276075602,0.19028801340609788
P_O0_resume,27,0,heldout,hard,before,0.37625,1.3319190782308579,-0.028078518323600293
P_O0_resume,27,0,heldout,hard,after,0.41375,1.2605119532346725,-0.0159631703235209
P_O0_resume,27,0,heldout,hard,training_objective,0.39,1.2962085217237473,-0.018572104275226594
P_O0_resume,27,50,train_seen_at_final,easy,before,1.0,0.012096198017534334,0.5624426510930062
P_O0_resume,27,50,train_seen_at_final,easy,after,0.94,0.23986544514540584,0.4016950423642993
P_O0_resume,27,50,train_seen_at_final,easy,training_objective,1.0,0.026769222506554797,0.47130474358797075
P_O0_resume,27,50,train_seen_at_final,hard,before,0.4575,1.1898658257722854,-0.002364421524107456
P_O0_resume,27,50,train_seen_at_final,hard,after,0.40625,1.2697255447506905,-0.020525493398308753
P_O0_resume,27,50,train_seen_at_final,hard,training_objective,0.5025,1.2186717718839646,0.0010796745121479034
P_O0_resume,27,50,heldout,easy,before,0.87,0.36195335745811463,0.2379696173220873
P_O0_resume,27,50,heldout,easy,after,0.82625,0.41471722269430755,0.1810199612006545
P_O0_resume,27,50,heldout,easy,training_objective,0.90875,0.29840648151934146,0.21346083022654055
P_O0_resume,27,50,heldout,hard,before,0.39,1.2748135727643968,-0.018868876565247775
P_O0_resume,27,50,heldout,hard,after,0.4075,1.2341814056038856,-0.013248556964099408
P_O0_resume,27,50,heldout,hard,training_objective,0.40375,1.261366749405861,-0.012406719699501991
P_O0_resume,27,100,train_seen_at_final,easy,before,1.0,0.010632866526138969,0.590923800766468
P_O0_resume,27,100,train_seen_at_final,easy,after,0.91375,0.29157034278847277,0.39140971697866916
P_O0_resume,27,100,train_seen_at_final,easy,training_objective,1.0,0.01913437888259068,0.5108189687132836
P_O0_resume,27,100,train_seen_at_final,hard,before,0.49625,1.1644161474704742,0.001180926114320755
P_O0_resume,27,100,train_seen_at_final,hard,after,0.43875,1.2147662615776063,-0.012377656698226928
P_O0_resume,27,100,train_seen_at_final,hard,training_objective,0.54625,1.1966168129444121,0.0034973962604999543
P_O0_resume,27,100,heldout,easy,before,0.85125,0.41951111445203426,0.24217026196420194
P_O0_resume,27,100,heldout,easy,after,0.84875,0.3743738545104861,0.20385570731014013
P_O0_resume,27,100,heldout,easy,training_objective,0.89,0.3019110481068492,0.22741090953350068
P_O0_resume,27,100,heldout,hard,before,0.40125,1.2793392288684844,-0.020189010109752416
P_O0_resume,27,100,heldout,hard,after,0.4375,1.2372038125991822,-0.013061066269874572
P_O0_resume,27,100,heldout,hard,training_objective,0.395,1.2589022874832154,-0.013511237949132919
P_O0_resume,27,200,train_seen_at_final,easy,before,1.0,0.01105471187416697,0.6012792620062828
P_O0_resume,27,200,train_seen_at_final,easy,after,0.8875,0.46763736340159084,0.38018948573619127
P_O0_resume,27,200,train_seen_at_final,easy,training_objective,1.0,0.01593120200035628,0.5456944128870964
P_O0_resume,27,200,train_seen_at_final,hard,before,0.5925,1.101615208387375,0.010427000746130944
P_O0_resume,27,200,train_seen_at_final,hard,after,0.49,1.1642926225066186,-0.0038473580032587053
P_O0_resume,27,200,train_seen_at_final,hard,training_objective,0.60625,1.1459982055425644,0.009050456061959266
P_O0_resume,27,200,heldout,easy,before,0.8875,0.2995641615428031,0.27579502046108245
P_O0_resume,27,200,heldout,easy,after,0.75625,0.5321907956898212,0.20359192656353117
P_O0_resume,27,200,heldout,easy,training_objective,0.92125,0.23829607414081694,0.25900033380836246
P_O0_resume,27,200,heldout,hard,before,0.41125,1.2533202043175697,-0.017142154816538094
P_O0_resume,27,200,heldout,hard,after,0.45625,1.2210519820451737,-0.010033966284245252
P_O0_resume,27,200,heldout,hard,training_objective,0.4025,1.2430377382040023,-0.012540328130126
P_O0_resume,27,400,train_seen_at_final,easy,before,1.0,0.009098204605979845,0.62640689432621
P_O0_resume,27,400,train_seen_at_final,easy,after,0.9175,0.33141650797449984,0.4114760074391961
P_O0_resume,27,400,train_seen_at_final,easy,training_objective,1.0,0.012367183948808815,0.5855287793278694
P_O0_resume,27,400,train_seen_at_final,hard,before,0.7425,0.9831595647335053,0.02888801336288452
P_O0_resume,27,400,train_seen_at_final,hard,after,0.645,1.0175139060616494,0.018791386410593986
P_O0_resume,27,400,train_seen_at_final,hard,training_objective,0.7475,1.032550163269043,0.024265171512961387
P_O0_resume,27,400,heldout,easy,before,0.88125,0.30511408768594267,0.3012849616631865
P_O0_resume,27,400,heldout,easy,after,0.79,0.4491394209489226,0.24470230031758547
P_O0_resume,27,400,heldout,easy,training_objective,0.9025,0.24225723826326429,0.29350672505795955
P_O0_resume,27,400,heldout,hard,before,0.42625,1.1869154512882232,-0.006080478113144636
P_O0_resume,27,400,heldout,hard,after,0.46375,1.1863897913694381,-0.003843991979956627
P_O0_resume,27,400,heldout,hard,training_objective,0.41375,1.189176459312439,-0.004579328820109367
P_C2_warm,27,0,train_seen_at_final,easy,before,1.0,0.014548514027846977,0.5545019063353539
P_C2_warm,27,0,train_seen_at_final,easy,after,0.94875,0.18359415599377826,0.42303652115166185
P_C2_warm,27,0,train_seen_at_final,easy,training_objective,0.94875,0.18359415599377826,0.42303652115166185
P_C2_warm,27,0,train_seen_at_final,hard,before,0.46875,1.229384657740593,-0.007483183592557907
P_C2_warm,27,0,train_seen_at_final,hard,after,0.41375,1.2955181235074997,-0.024080730974674225
P_C2_warm,27,0,train_seen_at_final,hard,training_objective,0.41375,1.2955181235074997,-0.024080730974674225
P_C2_warm,27,0,heldout,easy,before,0.89125,0.32285109363496306,0.22009868528693916
P_C2_warm,27,0,heldout,easy,after,0.80875,0.45404423791915177,0.17920943047851323
P_C2_warm,27,0,heldout,easy,training_objective,0.80875,0.45404423791915177,0.17920943047851323
P_C2_warm,27,0,heldout,hard,before,0.37625,1.3319190782308579,-0.028078518323600293
P_C2_warm,27,0,heldout,hard,after,0.41375,1.2605119532346725,-0.0159631703235209
P_C2_warm,27,0,heldout,hard,training_objective,0.41375,1.2605119532346725,-0.0159631703235209
P_C2_warm,27,50,train_seen_at_final,easy,before,1.0,0.03732623800286092,0.4874403148889542
P_C2_warm,27,50,train_seen_at_final,easy,after,0.9325,0.2138098160363734,0.37567544473335146
P_C2_warm,27,50,train_seen_at_final,easy,training_objective,0.9325,0.2138098160363734,0.37567544473335146
P_C2_warm,27,50,train_seen_at_final,hard,before,0.39125,1.2925523871183395,-0.021049323864281176
P_C2_warm,27,50,train_seen_at_final,hard,after,0.485,1.2059439265727996,-0.005989889055490494
P_C2_warm,27,50,train_seen_at_final,hard,training_objective,0.485,1.2059439265727996,-0.005989889055490494
P_C2_warm,27,50,heldout,easy,before,0.86875,0.3950538989529014,0.21059652775526047
P_C2_warm,27,50,heldout,easy,after,0.81875,0.45597391936928033,0.1688025537505746
P_C2_warm,27,50,heldout,easy,training_objective,0.81875,0.45597391936928033,0.1688025537505746
P_C2_warm,27,50,heldout,hard,before,0.395,1.34621484041214,-0.029120586551725863
P_C2_warm,27,50,heldout,hard,after,0.43,1.2473668348789215,-0.010652652848511935
P_C2_warm,27,50,heldout,hard,training_objective,0.43,1.2473668348789215,-0.010652652848511935
P_C2_warm,27,100,train_seen_at_final,easy,before,0.99625,0.05864976629032753,0.4727547852694988
P_C2_warm,27,100,train_seen_at_final,easy,after,0.9425,0.21734595354180783,0.36756490333005787
P_C2_warm,27,100,train_seen_at_final,easy,training_objective,0.9425,0.21734595354180783,0.36756490333005787
P_C2_warm,27,100,train_seen_at_final,hard,before,0.36,1.3133258777856827,-0.024855781942605973
P_C2_warm,27,100,train_seen_at_final,hard,after,0.50375,1.205070116519928,-0.0029800808057188987
P_C2_warm,27,100,train_seen_at_final,hard,training_objective,0.50375,1.205070116519928,-0.0029800808057188987
P_C2_warm,27,100,heldout,easy,before,0.85875,0.4066829542443156,0.2089847141318023
P_C2_warm,27,100,heldout,easy,after,0.78,0.5126992549188435,0.1633046348206699
P_C2_warm,27,100,heldout,easy,training_objective,0.78,0.5126992549188435,0.1633046348206699
P_C2_warm,27,100,heldout,hard,before,0.3875,1.3532444423437118,-0.030163547359406948
P_C2_warm,27,100,heldout,hard,after,0.4,1.2576887625455857,-0.012742876149713993
P_C2_warm,27,100,heldout,hard,training_objective,0.4,1.2576887625455857,-0.012742876149713993
P_C2_warm,27,200,train_seen_at_final,easy,before,0.99375,0.05259939667506842,0.4940213204920292
P_C2_warm,27,200,train_seen_at_final,easy,after,0.97375,0.10995041226269678,0.42080573372542857
P_C2_warm,27,200,train_seen_at_final,easy,training_objective,0.97375,0.10995041226269678,0.42080573372542857
P_C2_warm,27,200,train_seen_at_final,hard,before,0.38875,1.2579307693243027,-0.015097916573286057
P_C2_warm,27,200,train_seen_at_final,hard,after,0.51875,1.1820033395290375,0.001425030119717121
P_C2_warm,27,200,train_seen_at_final,hard,training_objective,0.51875,1.1820033395290375,0.001425030119717121
P_C2_warm,27,200,heldout,easy,before,0.88875,0.34103850634768607,0.22884461080655455
P_C2_warm,27,200,heldout,easy,after,0.7925,0.4860930470190942,0.1854088469222188
P_C2_warm,27,200,heldout,easy,training_objective,0.7925,0.4860930470190942,0.1854088469222188
P_C2_warm,27,200,heldout,hard,before,0.3925,1.3311213406920432,-0.027037522811442612
P_C2_warm,27,200,heldout,hard,after,0.395,1.2556924271583556,-0.013751306850463153
P_C2_warm,27,200,heldout,hard,training_objective,0.395,1.2556924271583556,-0.013751306850463153
P_C2_warm,27,400,train_seen_at_final,easy,before,0.99875,0.026898865652619862,0.561110087633133
P_C2_warm,27,400,train_seen_at_final,easy,after,0.9975,0.034602833027020094,0.49856718242168424
P_C2_warm,27,400,train_seen_at_final,easy,training_objective,0.9975,0.034602833027020094,0.49856718242168424
P_C2_warm,27,400,train_seen_at_final,hard,before,0.5175,1.1490861481428147,0.0024217339605093003
P_C2_warm,27,400,train_seen_at_final,hard,after,0.59375,1.1081188583374024,0.012065006047487259
P_C2_warm,27,400,train_seen_at_final,hard,training_objective,0.59375,1.1081188583374024,0.012065006047487259
P_C2_warm,27,400,heldout,easy,before,0.925,0.2428513232059777,0.26735079374164344
P_C2_warm,27,400,heldout,easy,after,0.84875,0.357216767501086,0.22987379672005773
P_C2_warm,27,400,heldout,easy,training_objective,0.84875,0.357216767501086,0.22987379672005773
P_C2_warm,27,400,heldout,hard,before,0.38125,1.3001216918230056,-0.02366661949083209
P_C2_warm,27,400,heldout,hard,after,0.4,1.2419533026218414,-0.012910607866942883
P_C2_warm,27,400,heldout,hard,training_objective,0.4,1.2419533026218414,-0.012910607866942883
